id,indexed_date,language,media_name,media_url,publish_date,title,url
b090f33394a3faea50c2c81c60bd94c79e078e5a7aa96525aadda904314478f0,2026-03-29 12:24:48.597557+00:00,en,thehindu.com,thehindu.com,2019-05-18,The foot soldiers of Hindutva in West Bengal,https://www.thehindu.com/opinion/op-ed/the-foot-soldiers-of-hindutva-in-west-bengal/article62005715.ece
614ad43da5ac6cdde9c7774024be1d34b436d0e5f72b643df3705f4e3be151d7,2026-03-28 22:21:36.737289+00:00,en,thehindu.com,thehindu.com,2018-04-25,The Karnataka election is our gateway to the south: Amit Shah,https://www.thehindu.com/opinion/interview/the-karnataka-election-is-our-gateway-to-the-south/article61450260.ece
cf3e0ddddc29f8f3cd82270778718a00548b81afa2dc9fc16ddb067af28285cb,2025-09-16 17:14:47.239635+00:00,en,thehindu.com,thehindu.com,2013-05-14,A landmark,http://www.thehindu.com/opinion/letters/a-landmark/article4712268.ece
f5dc390a47fa827b9edb41e9bea4e4b6cfdc19c159d0ae6f70f03c8bc94656c7,2025-09-15 19:47:13.028494+00:00,en,thehindu.com,thehindu.com,2013-04-06,Rahul’s day out,http://www.thehindu.com/opinion/editorial/rahuls-day-out/article4585411.ece
dfebba41cbd2c68094a03190d4b84d7fbee6434322861669e65ce49bbab7cb73,2025-09-15 09:53:08.559244+00:00,en,thehindu.com,thehindu.com,2013-05-03,"In Malaysia, new election tests old loyalties",http://www.thehindu.com/opinion/op-ed/in-malaysia-new-election-tests-old-loyalties/article4677412.ece
ca3da2205cf317ebbacd3495eaa2b9132f712dc45837975441a42936d91888b7,2025-09-15 07:54:51.209199+00:00,en,dnaindia.com,dnaindia.com,2013-05-09,dna edit: BJP's Karnataka gift to Congress,http://www.dnaindia.com/analysis/1832268/editorial-dna-edit-bjp-s-karnataka-gift-to-congress
644f9a6cf609e673cb1b22d9ead120a89eb40c5e01f65efc7d5bbeb8aefcf85d,2025-09-15 07:46:11.845495+00:00,en,thehindu.com,thehindu.com,2013-05-09,Karnataka verdict,http://www.thehindu.com/opinion/letters/karnataka-verdict/article4696273.ece
c57b63882718a09fe9dbdaeeb44ac87263ded2829daa291e2227d905e4bb4c45,2025-09-15 07:25:15.411385+00:00,en,rediff.com,rediff.com,2013-05-10,BJP follows Congress path of ruin,http://www.rediff.com/news/report/column-bjp-follows-congress-path-of-ruin/20130510.htm
d869b966b96b9098f2a44dc4edf86c7ba33c906fec94c5bc4450a9ba3bd0805d,2025-09-15 06:43:27.703869+00:00,en,thehindu.com,thehindu.com,2013-05-13,A blow for democracy,http://www.thehindu.com/opinion/letters/a-blow-for-democracy/article4709301.ece
e53bf7ef422e9b9ecc1e64651ea14a0c7ffb82b74a11d8598410d4ffd66ee8c7,2025-09-15 06:43:03.637257+00:00,en,thehindu.com,thehindu.com,2013-05-13,Pakistan’s vote for change,http://www.thehindu.com/opinion/editorial/pakistans-vote-for-change/article4709298.ece
c27f2a6bf9033008719ef4164a97b66c48060280631d24d11f79ec79e4e75ee8,2025-09-15 02:28:28.969563+00:00,en,thehindu.com,thehindu.com,2013-05-23,Mission Modi,http://www.thehindu.com/opinion/editorial/mission-modi/article4740225.ece
93aea71659744e3f40b93e9c940dc5254f483206e4add176be4c5a2d7fd724e8,2025-09-14 23:30:14.146319+00:00,en,rediff.com,rediff.com,2013-05-27,"Strengthening NDA, not Modi, should be BJP's priority",http://www.rediff.com/news/column/strengthening-nda-not-modi-should-be-bjps-priority/20130527.htm
076310c469c6467657e5dbd0c38b47d73f2e23ec960abc57f6335030b2081a85,2025-09-14 18:27:21.317907+00:00,en,indiatimes.com,indiatimes.com,2013-06-06,Narendra Modi's popularity may not travel outside Gujarat,http://economictimes.indiatimes.com/opinion/editorial/narendra-modis-popularity-may-not-travel-outside-gujarat/articleshow/20451362.cms
e4138344ab73832218f32f364a5b676c3d3b577111859f41d0c1c247560e3a34,2025-09-14 11:56:30.920283+00:00,en,rediff.com,rediff.com,2013-06-20,Can Nitish Kumar be rallying point for third front?,http://www.rediff.com/news/column/can-nitish-kumar-be-rallying-point-for-third-front/20130620.htm
69ac0a01569480b9f1adc88c03a351b18227a63bce4180c604f010a83a96af6a,2025-09-14 07:44:10.584834+00:00,en,thehindu.com,thehindu.com,2013-06-28,"For one more, a lot lost",http://www.thehindu.com/opinion/editorial/for-one-more-a-lot-lost/article4857429.ece
955659c574df6c811df88c1abe20169c9ad0c94189fdbad26408a99e16e18725,2025-09-13 23:32:50.706608+00:00,en,indiatimes.com,indiatimes.com,2013-07-15,Bhutan's second general elections: A big win for democracy,http://economictimes.indiatimes.com/opinion/guest-writer/bhutans-second-general-elections-a-big-win-for-democracy/articleshow/21076163.cms
3267f48137f669e86232b4e9aa71d13f2d6e0871149f4f90fbc949af6d929687,2025-09-13 20:05:39.232490+00:00,en,thehindu.com,thehindu.com,2013-07-23,Mixed bag for Congress,http://www.thehindu.com/opinion/op-ed/mixed-bag-for-congress/article4945459.ece
3ce50974c48701cdaba14599ac92dc5499d2e4d7d1f33e76e78c7f8ac35da595,2025-09-13 20:01:52.936712+00:00,en,thehindu.com,thehindu.com,2013-07-23,Mixed bag for Congress,http://www.thehindu.com/opinion/op-ed/in-the-south-congress-is-better-placed/article4945459.ece
0202a2d5488e518062c6f7309282a6728d121f9bce3e500d382758659aaf1a12,2025-09-13 18:36:53.525435+00:00,en,thehindu.com,thehindu.com,2013-07-27,Why votes don’t always mean seats,http://www.thehindu.com/opinion/op-ed/why-votes-dont-always-mean-seats/article4957200.ece
44a49da4db99deb7d7a3ce229eb4894d07ba3e5ef4459c3b1d8cc67b6ac5d2dd,2025-09-13 15:44:07.992043+00:00,en,dnaindia.com,dnaindia.com,2013-08-01,Playing politics with Telangana's statehood,http://www.dnaindia.com/analysis/1868469/column-playing-politics-with-telangana-s-statehood
d22033cc8e882bbe1eef4c9a627721578645592a8e2ab87ec5abc5eefe5ebaba,2025-09-13 15:36:46.193025+00:00,en,rediff.com,rediff.com,2013-08-01,Do voters like Narendra Modi?,http://www.rediff.com/news/slide-show/slide-show-1-column-do-voters-like-modi/20130801.htm
f07b2c774fb560b6f4ed7334e4bc9b4224402f0a7bbd0b2495678c2a5e63c279,2025-09-13 12:29:06.440998+00:00,en,rediff.com,rediff.com,2013-08-07,Why the SP's efforts to consolidate minority vote is callous,http://www.rediff.com/news/column/why-the-sps-efforts-to-consolidate-minority-vote-is-callous/20130807.htm
5b8e958dcd9caf267eabb479f1abf27ab4c34659a1e65c6403bd4a66b4dd9243,2025-09-13 02:08:18.608935+00:00,en,thehindu.com,thehindu.com,2013-08-19,‘A silence on Vadra that will cost Congress’,http://www.thehindu.com/opinion/interview/a-silence-on-vadra-that-will-cost-congress/article5039202.ece
25916741377edfa14ff6d21590016b513fcb56d75e7807c1df0bfda6287b21f0,2025-09-12 23:15:58.626306+00:00,en,indiatimes.com,indiatimes.com,2013-08-24,"Rahul Gandhi says if India is a computer, then Congress is its default program",http://timesofindia.indiatimes.com/home/opinion/edit-page/Rahul-Gandhi-says-if-India-is-a-computer-then-Congress-is-its-default-program/articleshow/22010873.cms
f0dbb12341ae95bb5018dd25a64c82c3e208da0c54e3399a68148b607701269a,2025-09-12 21:22:00.934159+00:00,en,rediff.com,rediff.com,2013-08-28,Sonia Gandhi is back in the driver's seat,http://www.rediff.com/news/slide-show/slide-show-1-column-sonia-gandhi-is-back-in-the-drivers-seat/20130828.htm
3b88c8b317070d0f2f6bea9a7fbd2ddbfdaa47710ea2e8df94b690875335703c,2025-09-12 16:58:49.782939+00:00,en,thehindu.com,thehindu.com,2013-09-08,Curtains for a tragedy in five acts,http://www.thehindu.com/opinion/op-ed/curtains-for-a-tragedy-in-five-acts/article5107589.ece
7aa779445081599e3c2a45eea8c1ef8857a619713dbd8bc6ea44a24d57f700eb,2025-09-12 12:44:54.342836+00:00,en,thehindu.com,thehindu.com,2013-09-20,The BJP’s ‘akla chalo’ challenge,http://www.thehindu.com/opinion/lead/the-bjps-akla-chalo-challenge/article5150917.ece
83585e26d91e471a96b4925c03567b4fd569aabbceff1f162e44f1e2698e37b5,2025-09-12 10:55:42.994081+00:00,en,rediff.com,rediff.com,2013-09-23,What Modi and the BJP can learn from America,http://www.rediff.com/news/report/column-what-modi-and-the-bjp-can-learn-from-america/20130923.htm
c935fe8d2a3a44c3b204462d202dab26e2acefaf97f3d2092430bda5ce4d75e9,2025-09-12 09:53:17.449817+00:00,en,dnaindia.com,dnaindia.com,2013-09-25,Does Congress have a strategy to counter Narendra Modi's muscle and magic?,http://www.dnaindia.com/analysis/1893456/column-does-congress-have-a-strategy-to-counter-narendra-modi-s-muscle-and-magic
f6a6458ff2c90730bc8e38af4d5c2e341e2062caf0146e406beaa5aaf72a39f1,2025-09-12 05:52:57.062472+00:00,en,indiatimes.com,indiatimes.com,2013-10-03,"Narendra Modi may have an edge over Congress today, but electoral battlefield can throw up surprises",http://economictimes.indiatimes.com/opinion/comments-analysis/narendra-modi-may-have-an-edge-over-congress-today-but-electoral-battlefield-can-throw-up-surprises/articleshow/23445251.cms
4d72cb60e49e1685a099d207f2176aff2d7abe5b88c905c654879a9bf85ba7f1,2025-09-12 04:53:56.508383+00:00,en,dnaindia.com,dnaindia.com,2013-10-05,dna edit: Swaying the young voter,http://www.dnaindia.com/analysis/1898621/editorial-dna-edit-swaying-the-young-voter
4f4d77b18f2ca52ece4edfacea25689bf297aff56eee7bedf1a187204578f352,2025-09-12 04:11:25.061274+00:00,en,indiatimes.com,indiatimes.com,2013-09-25,Poke Me: We need a National Sarpanch,http://economictimes.indiatimes.com/opinion/poke-me/poke-me-we-need-a-national-sarpanch/articleshow/23051005.cms
8d9759cc0de25ef137e8d2bfb9be0cd4d5a71d6ec556483cc561663fda9e1e67,2025-09-12 04:05:21.576691+00:00,en,dnaindia.com,dnaindia.com,2013-10-07,dna edit: Time for reinvention,http://www.dnaindia.com/analysis/1899694/editorial-dna-edit-time-for-reinvention
ca58fe553cf016c744b231332eec0a69d92aa6ec81d4162191746326fc42e383,2025-09-11 22:20:04.119382+00:00,en,dnaindia.com,dnaindia.com,2013-10-18,What a poll Cast(e)!,http://www.dnaindia.com/india/1905258/column-what-a-poll-caste
ee91544422387945a7ab16ec86cc88c2918a2309460d6d2d4daa3a684124330a,2025-09-11 22:12:09.795161+00:00,en,indiatimes.com,indiatimes.com,2013-10-18,ET poll for 2014 elections: Narendra Modi's charisma may not be good enough for BJP,http://economictimes.indiatimes.com/opinion/comments-analysis/et-poll-for-2014-elections-narendra-modis-charisma-may-not-be-good-enough-for-bjp/articleshow/24313908.cms
9e8699bf613221edd9420b50b5ced250f60229dfc4669d157a9c9c57f30c0176,2025-09-11 17:40:19.869168+00:00,en,indiatimes.com,indiatimes.com,2013-10-29,2014 elections: Narendra Modi versus Rahul Gandhi isn't the real political story,http://economictimes.indiatimes.com/opinion/comments-analysis/2014-elections-narendra-modi-versus-rahul-gandhi-isnt-the-real-political-story/articleshow/24839721.cms
fcc0d13f80aeff28138ead5cf2edb249e31a87235cbf656e98b65d942b765269,2025-09-11 17:06:33.418789+00:00,en,indiatimes.com,indiatimes.com,2013-10-30,To be shrouded from familiar influence,http://economictimes.indiatimes.com/opinion/editorial/to-be-shrouded-from-familiar-influence/articleshow/24901155.cms
4f6ccdee91b4887dd1ffac2307624c809b85b2dc37376bf2740fb65fbce235d0,2025-09-11 05:50:58.383470+00:00,en,rediff.com,rediff.com,2013-11-04,"Ban 'farcical, manipulative' opinion polls, demands Cong",http://www.rediff.com/news/report/ban-farcical-manipulative-opinion-polls-demands-cong/20131104.htm
b68817cdb8fa9265da1890cc1130819aae15bfda5cff8d2d1b186630340a59ea,2025-09-11 04:29:13.147500+00:00,en,dnaindia.com,dnaindia.com,2013-11-06,dna edit: Who's afraid of opinion polls?,http://www.dnaindia.com/analysis/editorial-dna-edit-who-s-afraid-of-opinion-polls-1914384
fddd9ac628fdc2e967645aafcfe6db70860e4b7d221d53dd1c2fe1cb7058009b,2025-09-11 03:46:21.360862+00:00,en,dnaindia.com,dnaindia.com,2013-11-07,Opinion and exit polls cannot have the last word on poll outcome,http://www.dnaindia.com/india/report-opinion-and-exit-polls-cannot-have-the-last-word-on-poll-outcome-1914797
ac5345f67de8cb42172317758ed2aea825d413c7e2b73e06b2f91f7ea26f8d3f,2025-09-11 03:39:04.275450+00:00,en,dnaindia.com,dnaindia.com,2013-11-08,A ban on Opinion Polls should be resisted because it infringes on our Constitutional Rights,http://www.dnaindia.com/analysis/standpoint-a-ban-on-opinion-polls-should-be-resisted-because-it-infringes-on-our-constitutional-rights-1915783
fda11e3ed278755e4aedaa7e6d8ec5d0d9497b2dc9ae3b44096a3e1c50f0cd49,2025-09-11 03:27:46.824890+00:00,en,rediff.com,rediff.com,2013-11-08,"'Banning opinion polls a mindless, evidence-less attempt to curb free speech'",http://www.rediff.com/news/slide-show/slide-show-1-banning-opinion-polls-a-mindless-evidence-less-attempt-to-curb-free-speech/20131108.htm
1cdedb61b2ad7b2db44c19cd808a810d5877e6ef971c7664ebf3f15ebf356376,2025-09-11 03:22:35.204116+00:00,en,dnaindia.com,dnaindia.com,2013-11-08,Others' Games: 2014 Lok Sabha polls not going to be Cong-BJP contest in large parts of India,http://www.dnaindia.com/analysis/standpoint-others-games-2014-lok-sabha-polls-not-going-to-be-cong-bjp-contest-in-large-parts-of-india-1915633
a5e52dda2130ba8c89add8f080236fe7cfa3792a990fb2026a2a62ce2931c5df,2025-09-11 02:24:20.348672+00:00,en,thehindu.com,thehindu.com,2013-11-11,It’s Congress vs Congress on Telangana,http://www.thehindu.com/opinion/op-ed/its-congress-vs-congress-on-telangana/article5339901.ece
060fd6a96cbafd35b9d2c5b9737d7d20662b9cc04f94ab2fae61ffbd8494a1bb,2025-09-11 01:01:44.594260+00:00,en,dnaindia.com,dnaindia.com,2013-11-13,"dna edit: Transparency, only for some",http://www.dnaindia.com/analysis/editorial-dna-edit-transparency-only-for-some-1918303
ecb9cae5b885d77230b4cb0493034d5819fc106c61b529afb62956cf3ed02be2,2025-09-11 00:54:15.390596+00:00,en,indianexpress.com,indianexpress.com,2013-11-13,View from the LEFT: Opinions on polls,http://www.indianexpress.com/news/view-from-the-left-opinions-on-polls/1194303/
37b7a757748a04ca2e0019ad64770e635d1ce8ad613e400888ebbca230c8785a,2025-09-10 20:07:27.497486+00:00,en,indiatimes.com,indiatimes.com,2013-12-22,"AAP can scale up like JP, VP Singh movements",http://economictimes.indiatimes.com/opinion/comments-analysis/aap-can-scale-up-like-jp-vp-singh-movements/articleshow/27746503.cms
dcf1c37d01dec9b880dbf7cd86a3d8716d44941664609e81133d9b933daca5b9,2025-09-10 19:48:58.239316+00:00,en,rediff.com,rediff.com,2013-12-23,Kejriwal's political gamble is a minefield,http://www.rediff.com/news/column/arvind-kejriwals-political-gamble-is-a-minefield/20131223.htm
c6bc9703daa30daee8ea93388f208a6233de18437c1a23e948ea44b90f9957de,2025-09-10 19:17:23.356665+00:00,en,dnaindia.com,dnaindia.com,2013-12-24,dna edit: Walk the talk,http://www.dnaindia.com/analysis/editorial-dna-edit-walk-the-talk-1939900
f10a7e783b87445a765bb1358800670e58c72956e976788158d6d962dadfc828,2025-09-10 18:43:24.130924+00:00,en,dnaindia.com,dnaindia.com,2013-12-25,Why Atal Bihari Vajpayee's 1996 speech is relevant before the 2014 elections,http://www.dnaindia.com/analysis/standpoint-why-atal-bihari-vajpayee-s-1996-speech-is-relevant-before-the-2014-elections-1940421
04e975ea5833286d20e2f372769157194b0cb84b86f4b7edf7e4417121ee8ef2,2025-09-10 18:41:56.708786+00:00,en,indiatimes.com,indiatimes.com,2013-12-25,Delhi polls show why BJP can't rely on Modi factor alone,http://timesofindia.indiatimes.com/home/opinion/edit-page/Delhi-polls-show-why-BJP-cant-rely-on-Modi-factor-alone/articleshow/27866444.cms
a08d48b885fb6011c2b93024a1c0f959af563dc751177cb27c1b3a59329ea4a1,2025-09-10 18:35:19.375483+00:00,en,thehindu.com,thehindu.com,2013-12-26,Creating a robust accountability system,http://www.thehindu.com/opinion/op-ed/creating-a-robust-accountability-system/article5504917.ece
e5b8e7d9fb8e3e6e27d37a2a1f08e2a391d3340bd8468ea04c27fc0a7d87f320,2025-09-10 17:27:30.650202+00:00,en,indiatimes.com,indiatimes.com,2013-12-30,Congress using AAP to stop Narendra Modi from becoming PM: Nitin Gadkari,http://economictimes.indiatimes.com/opinion/interviews/congress-using-aap-to-stop-narendra-modi-from-becoming-pm-nitin-gadkari/articleshow/28119168.cms
8573d1b3d306e70796538ace8236aaf2360f392752f98c075fbde3e7e9c8d147,2025-09-10 16:49:25.993152+00:00,en,rediff.com,rediff.com,2013-12-30,2014 may be the worst year in Congress history,http://www.rediff.com/news/column/column-tvr-shenoy-2014-may-be-the-worst-year-in-congress-history/20131230.htm
dec420fcbb83e962d80db618c09ec794aa54212f4d7be48bccdf3c21d62f0a92,2025-09-10 11:22:46.533509+00:00,en,thehindu.com,thehindu.com,2014-01-01,A mission next to impossible,http://www.thehindu.com/opinion/op-ed/a-mission-next-to-impossible/article5526967.ece
116c052183ae21452de938fdde86e237233c4e4642adff3915affb0e6f5e61bf,2025-09-10 07:13:35.326611+00:00,en,dnaindia.com,dnaindia.com,2014-01-10,Election reveals deep fissures,http://www.dnaindia.com/analysis/column-election-reveals-deep-fissures-1948417
389f439151a5e209e4c349fc9f5b6efb1032cca3a5123ccf6455b0032994f39b,2025-09-10 02:55:47.101436+00:00,en,indiatimes.com,indiatimes.com,2014-01-17,Sound Congress strategy on Rahul Gandhi,http://economictimes.indiatimes.com/opinion/editorial/sound-congress-strategy-on-rahul-gandhi/articleshow/28910915.cms
fc632d5669258e21e2056a0c07f27a67902278ece985a194db36a591bd7ea9b3,2025-09-10 01:52:38.114332+00:00,en,rediff.com,rediff.com,2014-01-20,Can Rahul give the Congress a winning idea for Election 2014?,http://www.rediff.com/news/column/tvr-shenoy-can-rahul-give-the-congress-a-winning-idea-for-election-2014/20140120.htm
8315cab7bb25e0a98555f8aecdf90b1d971fddd1c859c82ef6b32f0339a3fd3c,2025-09-10 01:10:30.820252+00:00,en,thehindu.com,thehindu.com,2014-01-20,From Hindutva to development,http://www.thehindu.com/opinion/editorial/from-hindutva-to-development/article5597915.ece
7ce3a03a443bb0545a5fabd308acd5931b2bc5884bb65801131629aa68cf5ed1,2025-09-10 00:40:03.341906+00:00,en,rediff.com,rediff.com,2014-01-22,The three parties get battle-ready,http://www.rediff.com/news/column/the-three-parties-get-battle-ready/20140122.htm
5247f7487d99a7d961093fbc1e99a2a78ba2cac9827dab9d706cd0eb09ae303c,2025-09-09 21:52:13.479916+00:00,en,indiatimes.com,indiatimes.com,2014-01-27,AAP is anarchic; voters are wise and they will reject them: Piyush Goyal,http://economictimes.indiatimes.com/opinion/interviews/aap-is-anarchic-voters-are-wise-and-they-will-reject-them-piyush-goyal/articleshow/29430144.cms
9fd55c68c8c21686610d41259622a6b34f70d7d4392401cbcd3e1cf5ba1688f1,2025-09-09 20:30:05.080201+00:00,en,indiatimes.com,indiatimes.com,2014-01-29,MJ Akbar: AAP was a bubble waiting to burst; Rahul Gandhi too late for Congress,http://economictimes.indiatimes.com/opinion/interviews/mj-akbar-aap-was-a-bubble-waiting-to-burst-rahul-gandhi-too-late-for-congress/articleshow/29542499.cms
c3380a5b9769e240815960d8cee92b5e7f0384b7e82e3f9909578ce72f3faea7,2025-09-09 20:07:03.507712+00:00,en,dnaindia.com,dnaindia.com,2014-01-30,We will seek public opinion over support to AAP: Kapil Sibal,http://www.dnaindia.com/india/report-we-will-seek-public-opinion-over-support-to-aap-kapil-sibal-1958366
39c68bdb05cff1f3e4331e525e23cdaebd60bd98b1a3a02ad78eb136fd0cc399,2025-09-09 17:25:34.794908+00:00,en,thehindu.com,thehindu.com,2014-02-04,Third front options,http://www.thehindu.com/opinion/editorial/third-front-options/article5653613.ece
dd406b460e46324941122e36f347464c659dcb7bd706be97ca44b28c4b14e6b2,2025-09-09 16:47:45.277644+00:00,en,thehindu.com,thehindu.com,2014-02-05,Interrogating the anti-graft platform,http://www.thehindu.com/opinion/lead/interrogating-the-antigraft-platform/article5657449.ece
41c26e6646b504e555c63a8f33d43b57fa0eb54d04c865ac8b16165a8090f2a5,2025-09-09 14:22:04.671030+00:00,en,thehindu.com,thehindu.com,2014-02-09,Voting in the time of smartphones,http://www.thehindu.com/opinion/op-ed/voting-in-the-time-of-smartphones/article5670834.ece
d2b75c409989165ebf595c93e83332357a83be7bf188ce33efce003bd6224118,2025-09-09 12:57:00.782295+00:00,en,indiatimes.com,indiatimes.com,2014-02-12,"FIIs building positions in India, hoping for a Modi win in upcoming polls: Alastair Newton, Nomura",http://economictimes.indiatimes.com/opinion/interviews/fiis-building-positions-in-india-hoping-for-a-modi-win-in-upcoming-polls-alastair-newton-nomura/articleshow/30269745.cms
0b8c4933bdb626fb1868a027e44d8215991585a1927d04d38017daa1935d58e0,2025-09-09 12:56:06.082697+00:00,en,indiatimes.com,indiatimes.com,2014-02-12,"FIIs building positions in India, hoping for a Modi win in upcoming polls: Alastair Newton, Nomura",http://economictimes.indiatimes.com/opinion/interviews/nda-may-get-230-240-seats-in-upcoming-elections-alastair-newton-nomura/articleshow/30269745.cms
cc53217ed897fdbdcbf8899e50a6ec8fd7b2f3f94e6e3fa5fac45a832b6e1338,2025-09-09 12:28:53.218739+00:00,en,thehindu.com,thehindu.com,2014-02-13,For whom the tolls pay,http://www.thehindu.com/opinion/op-ed/for-whom-the-tolls-pay/article5685760.ece
27630b59c300eca551899ff71a2b16d6e4981622de1511ddf299d38a40c62d24,2025-09-09 11:35:16.153294+00:00,en,rediff.com,rediff.com,2014-02-14,The amazing vanishing trick of the Congress,http://www.rediff.com/news/column/the-amazing-vanishing-trick-of-the-congress/20140214.htm
982fe3641ef1f337e3133b4e938f11d604b303de70cbd0b9dc0e566527b0e9e9,2025-09-09 10:08:26.894537+00:00,en,rediff.com,rediff.com,2014-02-17,Why no centre-right political party in India today?,http://www.rediff.com/news/column/why-no-centre-right-political-party-in-india-today/20140217.htm
62881a2126ecfb94ad5f1d58ff517f5b3c2811d8d7c7d961252ac49eb5424f23,2025-09-09 07:19:14.514790+00:00,en,thehindu.com,thehindu.com,2014-02-20,A chance for the outsiders,http://www.thehindu.com/opinion/op-ed/a-chance-for-the-outsiders/article5710366.ece
dcd61928cacaf685d7d94ff0849851b6e78c9b9873dd5fcf3505083838cfe384,2025-09-09 05:15:11.264468+00:00,en,thehindu.com,thehindu.com,2014-02-26,Third alternative,http://www.thehindu.com/opinion/letters/third-alternative/article5730224.ece
c4310b3e26e6af6c4d85f447cb552cf985be20bb9500cf64f2313b98afc9b78d,2025-09-09 04:57:17.598193+00:00,en,rediff.com,rediff.com,2014-02-26,Will the soldiers at the Siachen Glacier get to vote?,http://www.rediff.com/news/column/anil-a-athale-will-the-soldiers-at-the-siachen-glacier-get-to-vote/20140226.htm
6a3a2b6a569ed24d5747cf9a1139d4e42858aba6f51593ba3d6063767021533e,2025-09-09 03:54:00.397543+00:00,en,thehindu.com,thehindu.com,2014-02-28,AAP’s big Haryanvi splash,http://www.thehindu.com/opinion/op-ed/aaps-big-haryanvi-splash/article5737003.ece
61031aad7029f71ac3592948801be871629a9e65e9b668d0d5c990a014726fa2,2025-09-09 01:12:41.588352+00:00,en,thehindu.com,thehindu.com,2014-03-05,India in election mode,http://www.thehindu.com/opinion/editorial/india-in-election-mode/article5753952.ece
cfa4ba83459b25f6d723e6fcab4915d93f289412e82ba11b3815bd3c150e477c,2025-09-09 00:46:26.733540+00:00,en,dnaindia.com,dnaindia.com,2014-03-05,Election Commission to announce polling dates today,http://www.dnaindia.com/india/commentary-lok-sabha-polls-to-be-held-on-9-days-opinion-polls-not-banned-by-election-commission-1966923
53916b5d98f50c05490943447fc011658755d904b6d5f0623fe5e700f9111f57,2025-09-09 00:46:18.893401+00:00,en,dnaindia.com,dnaindia.com,2014-03-05,Election Commission to announce polling dates today,http://www.dnaindia.com/india/commentary-live-lok-sabha-polls-to-be-held-on-9-days-opinion-polls-not-banned-by-election-commission-1966923
a2796c31d633c011906d9b78548d01bd23fee7c229551ea987ecbbd8e38ec431,2025-09-09 00:31:36.759253+00:00,en,thehindu.com,thehindu.com,2014-03-06,The battle begins,http://www.thehindu.com/opinion/letters/the-battle-begins/article5757618.ece
8c57c5db680429c4625ca59eca0ccc355ccb3cad36801d12d63c9f6094e9f9fb,2025-09-09 00:30:39.705432+00:00,en,thehindu.com,thehindu.com,2014-03-06,Opinion polls reflect power of statistics: Karandikar,http://www.thehindu.com/news/national/opinion-polls-reflect-power-of-statistics-karandikar/article5757812.ece
88210016483d833fa32d4bf21756c4acdd03a5301361b59a30ee6528796f0686,2025-09-09 00:00:57.444997+00:00,en,dnaindia.com,dnaindia.com,2014-03-06,dna edit: Elections are here,http://www.dnaindia.com/analysis/editorial-dna-edit-elections-are-here-1967181
50ebd0e63ef2e2d9d1559bf1c674548418d0b9f9d6058e8629b331d71fea8dc5,2025-09-08 23:58:46.294562+00:00,en,indiatimes.com,indiatimes.com,2014-03-06,Election Commission announces nine-phase parliamentary election schedule,http://timesofindia.indiatimes.com/home/opinion/edit-page/Election-Commission-announces-nine-phase-parliamentary-election-schedule/articleshow/31490172.cms
3f16bba9029c1a513517213ed3f95d682092a74358879f3dd095ebc8f03682a1,2025-09-08 23:35:59.407143+00:00,en,thehindu.com,thehindu.com,2014-03-07,EC again asks govt. for restrictions on opinion polls,http://www.thehindu.com/news/national/ec-again-asks-govt-for-restrictions-on-opinion-polls/article5760883.ece
3c74a8567f47a3d99f33ceace984e6981578e985825b59ff1a704fe3bba0e6a6,2025-09-08 23:25:34.639015+00:00,en,indiatimes.com,indiatimes.com,2014-03-07,Focus on development may force political parties to redefine secularism,http://timesofindia.indiatimes.com/home/opinion/edit-page/Focus-on-development-may-force-political-parties-to-redefine-secularism/articleshow/31552826.cms
1cbc104956efcdb202ad50c299e68095e32df196dc9d3b5810507d6588aaab48,2025-09-08 22:53:03.057106+00:00,en,thehindu.com,thehindu.com,2014-03-09,Pre-poll alliances,http://www.thehindu.com/opinion/letters/prepoll-alliances/article5767673.ece
67d8212471c1a2c56241954cbd5e22a5fac7331d45d81751918e1a86068d1eee,2025-09-08 22:11:08.889286+00:00,en,dnaindia.com,dnaindia.com,2014-03-10,How far can the guerrilla style politics take Arvind Kejriwal & Co?,http://www.dnaindia.com/analysis/standpoint-how-far-can-the-guerrilla-style-politics-take-arvind-kejriwal-co-1968315
8fa6c2b533574e65e7c4eca5b3c009d6fc7875c5263f3e5d2ebaac21e6f1ac42,2025-09-08 21:19:55.578166+00:00,en,indiatimes.com,indiatimes.com,2014-03-11,"With BJP's poor social base on the ground, can Narendra Modi win Uttar Pradesh?",http://economictimes.indiatimes.com/opinion/comments-analysis/with-bjps-poor-social-base-on-the-ground-can-narendra-modi-win-uttar-pradesh/articleshow/31802992.cms
46db2898316a8dac346531991c38a82e31b1037ad6b6b0cde2dc2c36bb6f2cb2,2025-09-08 21:02:33.191911+00:00,en,rediff.com,rediff.com,2014-03-12,Sheela Says: All the Prime Minister-in-Waiting's Men,http://www.rediff.com/news/column/ls-election-sheela-says-all-the-prime-minister-in-waitings-men/20140312.htm
2da5ed1eea908abd24948dc2abf284f3aed89e9391f17d2e1acc92d80f379a9b,2025-09-08 20:40:27.770405+00:00,en,thehindu.com,thehindu.com,2014-03-13,The franchise as the fulcrum of democracy,http://www.thehindu.com/opinion/op-ed/the-franchise-as-the-fulcrum-of-democracy/article5781538.ece?utm_source=RSS_Feed&utm_medium=RSS&utm_campaign=RSS_Syndication
a5f5e5a6dfb2a420ae3b3876c0f951d7aeb043f30c61147c654d00f5bb6a724e,2025-09-08 20:19:55.619322+00:00,en,rediff.com,rediff.com,2014-03-13,Sheela Says: Will Jaya realise her national dream?,http://www.rediff.com/news/column/ls-election-column-sheela-says-will-jaya-realise-her-national-dream/20140313.htm
629923371aa8abf74f9645b636275da0e66eaa21cb1fcc8476a124fa9b5f8bfd,2025-09-08 17:12:24.348806+00:00,en,thehindu.com,thehindu.com,2014-03-18,Declining sex ratios seen in gender scorecard,http://www.thehindu.com/opinion/op-ed/declining-sex-ratios-seen-in-gender-scorecard/article5801673.ece?utm_source=RSS_Feed&utm_medium=RSS&utm_campaign=RSS_Syndication
d5748957076741407d047468ec357721a6307890a6bf2ae5d9402df29271462b,2025-09-08 17:12:01.786616+00:00,en,thehindu.com,thehindu.com,2014-03-18,"Rhetoric, not foreign policy",http://www.thehindu.com/opinion/lead/rhetoric-not-foreign-policy/article5801653.ece?utm_source=RSS_Feed&utm_medium=RSS&utm_campaign=RSS_Syndication
76b96e78fc000e528465e81b6fdb8059e82f1b7f7e3c4a134a8b031d3868c1a0,2025-09-08 16:44:57.412282+00:00,en,rediff.com,rediff.com,2014-03-18,Rediff.com India News,http://www.rediff.com/news/column/ls-election-column-praful-bidwai-can-aap-stop-modi/20140318.htm
cd947725d85801ff0c65aae73411ef491785212383e86cf1b75c8d0c6e08c767,2025-09-08 16:35:18.644565+00:00,en,dnaindia.com,dnaindia.com,2014-03-19,Lok Sabha elections 2014: Is political advertising really working?,http://www.dnaindia.com/analysis/standpoint-lok-sabha-elections-2014-is-political-advertising-really-working-1970480
b70797694bc9c1d832dcf4cfbdd96f857f1f95af03c1b255576551d5e5642f3c,2025-09-08 16:18:47.649483+00:00,en,indiatimes.com,indiatimes.com,2014-03-19,"Narendra Modi as PM will be torn among allies, and hard-pressed to breach structural straitjackets",http://economictimes.indiatimes.com/opinion/comments-analysis/narendra-modi-as-pm-will-be-torn-among-allies-and-hard-pressed-to-breach-structural-straitjackets/articleshow/32268871.cms
30ece486544c49c706a3dd1c2d9c448374b1033fe1f82d122d51d74fd3b47bb6,2025-09-08 16:12:55.050742+00:00,en,indiatimes.com,indiatimes.com,2014-03-19,"Modi a game-changer, decisive and relatively honest administrator",http://economictimes.indiatimes.com/opinion/comments-analysis/modi-a-game-changer-decisive-and-relatively-honest-administrator/articleshow/32268871.cms
6f67940be6dde6c0c47b8da43340787fd1754910d69b8565447c00318eea328e,2025-09-08 16:06:20.081265+00:00,en,thehindu.com,thehindu.com,2014-03-20,‘The main opposition to the AAP is Modi’,http://www.thehindu.com/opinion/op-ed/the-main-opposition-to-the-aap-is-modi/article5810994.ece?utm_source=RSS_Feed&utm_medium=RSS&utm_campaign=RSS_Syndication
187ce59e43dd05b1a4c9e9eae0dee156c4cbec0a0a38d1c6e67a37182902d7b7,2025-09-08 15:51:23.263240+00:00,en,rediff.com,rediff.com,2014-03-20,It's Narendra versus Narendra in Vadodara!,http://www.rediff.com/news/column/ls-elections-its-narendra-versus-narendra-in-vadodara/20140320.htm
f8ffc54b4b13556d454241591bba5f6d079e2c55407912bacff12506461b8635,2025-09-08 15:35:45.151195+00:00,en,thehindu.com,thehindu.com,2014-03-19,The timeline warriors,http://www.thehindu.com/opinion/op-ed/the-timeline-warriors/article5806248.ece?utm_source=RSS_Feed&utm_medium=RSS&utm_campaign=RSS_Syndication
c67d692ffbcedcc3b996ba93d70b54e7f28f9a2f6c62a52133256165e22273e5,2025-09-08 15:27:51.482906+00:00,en,indiatimes.com,indiatimes.com,2014-03-20,Mulayam Singh and Narendra Modi look to contest two Lok Sabha seats,http://timesofindia.indiatimes.com/home/opinion/edit-page/Mulayam-Singh-and-Narendra-Modi-look-to-contest-two-Lok-Sabha-seats/articleshow/32315374.cms
a36c0e99e712497150690f5e5ccee9c888adcd1381a731941aa32bc65a5ddc41,2025-09-08 14:54:01.241623+00:00,en,dnaindia.com,dnaindia.com,2014-03-21,Opinion polls are predicting a doubling of the BJP’s vote share in Bihar. Is that possible?,http://www.dnaindia.com/analysis/report-opinion-polls-are-predicting-a-doubling-of-the-bjp-s-vote-share-in-bihar-is-that-possible-1971090
dde3c151728a4ebc76b07ea78c287fe79c21fceec6d63dd4653e7098d8efad9e,2025-09-08 14:36:58.826337+00:00,en,thehindu.com,thehindu.com,2014-03-23,"Small swings, huge difference",http://www.thehindu.com/opinion/editorial/small-swings-huge-difference/article5822975.ece?utm_source=RSS_Feed&utm_medium=RSS&utm_campaign=RSS_Syndication
1f296559cd2ed58fc6f1d74a14f4a196355ae6f7a62ebf9e344c7a3bac6af667,2025-09-08 13:52:16.239475+00:00,en,dnaindia.com,dnaindia.com,2014-03-24,"Irrelevance, nuisance or hope?",http://www.dnaindia.com/analysis/standpoint-irrelevance-nuisance-or-hope-the-different-opinions-about-the-aap-1971834
c10a445cf7fadd8666998949c1a790bcac3a1c445be307cdf4101cb018ad86b7,2025-09-08 13:48:21.336356+00:00,en,rediff.com,rediff.com,2014-03-24,How the South will help the BJP and keep out the Congress,http://www.rediff.com/news/column/ls-election-column-tvr-shenoy-how-the-south-will-help-the-bjp-and-keep-out-the-congress/20140324.htm
fa6fb1d1a7a9a1a9d2150f646d9e8babf2f0dbc18b23125537915a6ee67d7a8b,2025-09-08 13:36:41.246571+00:00,en,thehindu.com,thehindu.com,2014-03-25,"In 2014, Hindutva versus caste",http://www.thehindu.com/opinion/lead/in-2014-hindutva-versus-caste/article5831655.ece?utm_source=RSS_Feed&utm_medium=RSS&utm_campaign=RSS_Syndication
d59854b3d7981e74b860e0e2914e08aea884b330fd945f54d2a8ece9d82fb2e6,2025-09-08 13:25:24.639888+00:00,en,dnaindia.com,dnaindia.com,2014-03-25,The Asom Gana Parishad: The fall and fall of Assam’s political elephant,http://www.dnaindia.com/analysis/standpoint-the-asom-gana-parishad-the-fall-and-fall-of-assam-s-political-elephant-1972149
489f17285b7c03dc2fc5664bd880ff44afd48df67b39a91636b94ca656991a0d,2025-09-08 13:16:42.364140+00:00,en,rediff.com,rediff.com,2014-03-25,Will the current trend prevail until voting day?,http://www.rediff.com/news/column/ls-election-will-the-current-trend-prevail-until-voting-day/20140325.htm
0357c7fe93dc3b74a2f57643bce5abe487f5ec3c7a65f4e527b6696e42e7a102,2025-09-08 13:01:35.648489+00:00,en,dnaindia.com,dnaindia.com,2014-03-25,Asom Gana Parishad: The fall and fall of Assam’s political elephant,http://www.dnaindia.com/analysis/standpoint-asom-gana-parishad-the-fall-and-fall-of-assam-s-political-elephant-1972149
8ac70c4d62b8a58baf3b40ebbb936668704431351700c3ddd88673e3beac76bb,2025-09-08 12:01:58.604798+00:00,en,dnaindia.com,dnaindia.com,2014-03-27,"People believe Narendra Modi is a decisive leader, want a decisive government: BJP candidate Chandan Mitra",http://www.dnaindia.com/analysis/interview-people-believe-narendra-modi-is-a-decisive-leader-want-a-decisive-government-bjp-candidate-chandan-mitra-1972607
dc613790815f32f74e029c3bff0c445d8962810e5a261acf2cb53af7a3f57bc3,2025-09-08 11:58:37.383175+00:00,en,dnaindia.com,dnaindia.com,2014-03-27,We need more women in Parliament: AAP candidate Meera Sanyal,http://www.dnaindia.com/analysis/interview-we-need-more-women-in-parliament-aap-candidate-meera-sanyal-1972588
b6e18ad69897ca14277f53390593cf5df0058a03cbeda3f71e6270dab4de7340,2025-09-08 11:42:12.218062+00:00,en,rediff.com,rediff.com,2014-03-28,Opinion poll: BJP likely get 19 seats in Bihar; JD-U to be reduced to 6,http://www.rediff.com/news/slide-show/slide-show-1-ls-election-opinion-poll-bjp-likely-get-19-seats-in-bihar-jd-u-to-be-reduced-to-6/20140328.htm
6cda3596f6bcfd6d9280492f815676f3a6ac4471f156cb60aae2ebfd1348dd74,2025-09-08 10:42:53.301484+00:00,en,rediff.com,rediff.com,2014-03-30,Why Kerala is a psephologist's nightmare,http://www.rediff.com/news/column/ls-election-column-why-kerala-is-a-psephologists-nightmare/20140330.htm
4298d7f19be5dfaf366d99aaa88a71127c7a667b72e7ffe346624c63254b36d6,2025-09-08 10:42:41.906270+00:00,en,thehindu.com,thehindu.com,2014-03-30,EC not to ban opinion polls; wants Centre to make law,http://www.thehindu.com/news/national/ec-not-to-ban-opinion-polls-wants-centre-to-make-law/article5851268.ece?utm_source=RSS_Feed&utm_medium=RSS&utm_campaign=RSS_Syndication
c2507780cb9bd110ee4f4ccf0c354f73264953d1232ef024e0fecc791e9fdb1c,2025-09-08 09:41:13.632933+00:00,en,dnaindia.com,dnaindia.com,2014-04-01,Can Narendra Modi break BJP’s Northeast jinx?,http://www.dnaindia.com/analysis/standpoint-can-narendra-modi-break-bjp-s-northeast-jinx-1974207
9a23e1f3276ab98f76fc0c53995883566828a0abb39b34731dd04204ccb65f6f,2025-09-08 09:24:31.482292+00:00,en,thehindu.com,thehindu.com,2014-04-02,The curious case of Neiphiu Rio,http://www.thehindu.com/opinion/op-ed/the-curious-case-of-neiphiu-rio/article5863798.ece?utm_source=RSS_Feed&utm_medium=RSS&utm_campaign=RSS_Syndication
6a569856cd23ba915e2264ea9796792630e4028f5cc396d374c82df9fb38ddf7,2025-09-08 09:08:02.506747+00:00,en,rediff.com,rediff.com,2014-04-02,Vote-buying kills democratic contests,http://www.rediff.com/news/column/vote-buying-kills-democratic-contests/20140402.htm
1e83fad646b39cd8dbb49f4eaa2dbbfa3b7af95cfa5697877868e8c642bd2f1f,2025-09-08 08:53:06.680321+00:00,en,indiatimes.com,indiatimes.com,2014-04-04,"Next government should stress on transparency: Ajay Shriram, CII",http://economictimes.indiatimes.com/opinion/interviews/next-government-should-stress-on-transparency-ajay-shriram-cii/articleshow/33201611.cms
b9a4517451dc6144795930fb251b5893d55a8738b4038601724da52b413077e0,2025-09-08 08:33:18.230487+00:00,en,dnaindia.com,dnaindia.com,2014-04-03,Indian government’s shameful neglect of nuclear scientists and their security,http://www.dnaindia.com/analysis/standpoint-indian-government-s-shameful-neglect-of-nuclear-scientists-and-their-security-1974843
40b0a8296c135b0bab3aed9b2f0f9522b9b7017105b1681f49134d2446e0c1b8,2025-09-08 08:23:09.275877+00:00,en,dnaindia.com,dnaindia.com,2014-04-03,dna edit: Netting small fish,http://www.dnaindia.com/analysis/editorial-dna-edit-netting-small-fish-1974651
507655dbad9ee874c68262fb3aeeec42ecd1f5404dfbb15187750534a329cf2a,2025-09-08 07:19:34.738471+00:00,en,cnn.com,cnn.com,2014-04-06,"Opinion: 11 things to know on election in India, the world's biggest",http://rss.cnn.com/~r/rss/cnn_topstories/~3/xCiCOrZVBUw/index.html
e13d3e58e8b3335ec2d47a126c151eae61a28c6bbb03335aa274f3e3ceead722,2025-09-08 07:17:48.913977+00:00,en,thehindu.com,thehindu.com,2014-04-06,We need to talk about this Manifesto,http://www.thehindu.com/opinion/lead/we-need-to-talk-about-this-manifesto/article5879871.ece?utm_source=RSS_Feed&utm_medium=RSS&utm_campaign=RSS_Syndication
9e3f26db36bb1a6c98569552f9dd65a458aa25c2317864a43eb109b28402952c,2025-09-08 07:17:29.535791+00:00,en,thehindu.com,thehindu.com,2014-04-06,Back to sectarianism,http://www.thehindu.com/opinion/editorial/back-to-sectarianism/article5879883.ece?utm_source=RSS_Feed&utm_medium=RSS&utm_campaign=RSS_Syndication
9b858f65019783a7eff2bc06800abb08a8fc3f8bd389c7a9bc4a22e36380a07c,2025-09-08 06:55:31.362889+00:00,en,thehindu.com,thehindu.com,2014-04-07,On manifestoes,http://www.thehindu.com/opinion/letters/on-manifestoes/article5883938.ece?utm_source=RSS_Feed&utm_medium=RSS&utm_campaign=RSS_Syndication
2e1ff7638cfaf13cf258c031466ddcc6794e0577edfbe01bf2cbb331039b2415,2025-09-08 06:42:11.293254+00:00,en,rediff.com,rediff.com,2014-04-07,Is Nitish Kumar's arrogance finishing him?,http://www.rediff.com/news/column/is-nitish-kumars-arrogance-finishing-him/20140407.htm
13ce79dde459d1b60611924e27c7b9ab13920b360be303e7927f7bf30aea9fd7,2025-09-08 06:33:52.815277+00:00,en,dnaindia.com,dnaindia.com,2014-04-07,Lok Sabha elections 2014: Is Bengal’s Muslim vote bank headed for Mandalisation?,http://www.dnaindia.com/analysis/standpoint-lok-sabha-elections-2014-is-bengal-s-muslim-vote-bank-headed-for-mandalisation-1975912
96f976e11d4cb622e6b597bf9e1b0cbe3ac7b0efbbd40635c8196cb369189528,2025-09-08 06:29:28.211825+00:00,en,indiatimes.com,indiatimes.com,2014-04-07,Election Commission should allow BJP to release its manifesto on April 7,http://economictimes.indiatimes.com/opinion/editorial/election-commission-should-allow-bjp-to-release-its-manifesto-on-april-7/articleshow/33364616.cms
892f715c5417fc7df721822a4100463793cd02d2bae405ad6f7df9f87f846ee8,2025-09-08 06:28:51.041308+00:00,en,cnn.com,cnn.com,2014-04-06,"Opinion: 11 things to know on election in India, the world's biggest",http://edition.cnn.com/2014/04/06/opinion/bergen-india-elections-11-things/index.html?eref=edition
a018b821f2836d6cb45c9c79ccef46de8aa188b76f4ef5e0cc15f06b415efab2,2025-09-08 06:28:47.738270+00:00,en,cnn.com,cnn.com,2014-04-06,"Opinion: 11 things to know on election in India, the world's biggest",http://rss.cnn.com/~r/rss/cnn_latest/~3/xCiCOrZVBUw/index.html
d751b77bb4591896725d052b649f8f6f8475f5cb2f7f90fae376272546a3342f,2025-09-08 06:23:25.783473+00:00,en,indiatimes.com,indiatimes.com,2014-04-09,Modi's presidential style and Congress's amorphous approach chart new campaigning territory,http://timesofindia.indiatimes.com/home/opinion/edit-page/Modis-presidential-style-and-Congresss-amorphous-approach-chart-new-campaigning-territory/articleshow/33462472.cms
65618a783e49d52196475e7c27457e7aabbfac6fc8b8c17fea2bed8b218fd05e,2025-09-08 06:10:59.939268+00:00,en,dnaindia.com,dnaindia.com,2014-04-08,Appeasement or fooling? Deceitful promises of major parties to Muslims,http://www.dnaindia.com/standpoint/analysis-appeasement-or-fooling-deceitful-promises-of-major-parties-to-muslims-1976377
380eb57276af249ef2bf6311883e66f945b26e8f8830668a012e6324dcbea3f2,2025-09-08 06:06:38.470847+00:00,en,dnaindia.com,dnaindia.com,2014-04-08,Exclusive: My opponents have unleashed a vicious campaign against me after my wife's death: Shashi Tharoor,http://www.dnaindia.com/analysis/interview-exclusive-my-opponents-have-unleashed-a-vicious-campaign-against-me-after-my-wife-s-death-shashi-tharoor-1976251
9b2c5d92a6586b79e42c42ea78e020c1dff35607a4dd9ff3ffa596e090e60b52,2025-09-08 06:05:16.541255+00:00,en,dnaindia.com,dnaindia.com,2014-04-08,Exclusive: My opponents have unleashed a vicious campaign against me after my wife's death: Shashi Tharoor,http://www.dnaindia.com/analysis/interview-exclusive-my-opponents-have-unleased-a-vicious-campaign-against-me-after-my-wife-s-death-shashi-tharoor-1976251
e334fa15cb47f06d4e62399f4dfc7178e02bbde55c1b7ffa18970375c4c41db5,2025-09-08 06:00:07.767612+00:00,en,dnaindia.com,dnaindia.com,2014-04-08,Quality education is a very important issue: Shashi Tharoor,http://www.dnaindia.com/analysis/interview-quality-education-is-a-very-important-issue-shashi-tharoor-1976251
95b473a089e5e14353e70b4ce234820fda178fb42576160e2c73772e05665fda,2025-09-08 05:53:44.903194+00:00,en,indianexpress.com,indianexpress.com,2014-04-06,Letters to the editor: So last season,http://indianexpress.com/article/opinion/letters-to-editor/letters-to-the-editor-so-last-season/
ae9c4b55fa66dc770359bb15a832b58826d69daf4b38a18e4bd8da3f149d562f,2025-09-08 05:53:12.267628+00:00,en,indianexpress.com,indianexpress.com,2014-01-20,Aam aadmi who?,http://indianexpress.com/article/opinion/editorials/aam-aadmi-who/
2d1ec0aa01d9606156fc17c8cf2a45c7eff06e3d35ecf77a2784e35c98879999,2025-09-08 05:53:11.035794+00:00,en,indianexpress.com,indianexpress.com,2014-02-03,Indira’s trial run in Kerala,http://indianexpress.com/article/opinion/editorials/indiras-trial-run-in-kerala/
b28bb3723a28e7f6cecd79c9c668f1bda12db83c14fab7700b8511470a17eb81,2025-09-08 05:53:03.963457+00:00,en,indianexpress.com,indianexpress.com,2014-03-19,View from the right: Gandhi smriti,http://indianexpress.com/article/opinion/columns/view-from-the-right-gandhi-smriti/
e8412edfae9d962ed3042110d04ec75121c41bd27c8497b2d90b47ee0e32cc63,2025-09-08 05:53:03.803228+00:00,en,indianexpress.com,indianexpress.com,2014-03-27,View from the right: Inevitable change,http://indianexpress.com/article/opinion/columns/view-from-the-right-inevitable-change/
4b499ad425e3806348fbf0fbe8f6eb96ffdb7fc36cdb1d7b0ba5590862931648,2025-09-08 05:53:03.543276+00:00,en,indianexpress.com,indianexpress.com,2014-03-24,Why voters elect ‘criminals’,http://indianexpress.com/article/opinion/columns/why-voters-elect-criminals/
a2287fac6dafd4e36c18c3598e50728faa103679b88fd8b03ed042b36f86ea3e,2025-09-08 05:46:34.619277+00:00,en,thehindu.com,thehindu.com,2014-04-09,Will this election see a higher turnout?,http://www.thehindu.com/opinion/op-ed/will-this-election-see-a-higher-turnout/article5892464.ece?utm_source=RSS_Feed&utm_medium=RSS&utm_campaign=RSS_Syndication
385093073a78a0465bf4e26896153b95fb557e2d31967e21e4ac19a85d456af1,2025-09-08 05:35:53.053848+00:00,en,dnaindia.com,dnaindia.com,2014-04-09,"When Arunachal Pradesh votes, India wins",http://www.dnaindia.com/analysis/standpoint-when-arunachal-pradesh-votes-india-wins-1976725
9ab0a87704b1057d78e43879e0cbb35fe4fd383a5261689715c9c2672acc5e46,2025-09-08 05:32:33.183024+00:00,en,dnaindia.com,dnaindia.com,2014-04-09,Lok Sabha elections 2014: Mizoram’s peaceful politics faces refugee hurdle,http://www.dnaindia.com/analysis/standpoint-lok-sabha-elections-2014-mizoram-s-peaceful-politics-faces-refugee-hurdle-1976712
cd72d73ea9e44ce7569be9184d6eceab54333996afd412f54662e5dda45f1cf2,2025-09-08 05:30:24.831809+00:00,en,dnaindia.com,dnaindia.com,2014-04-09,"Azam Khan, can you please spare the Indian Army from your communal politics?",http://www.dnaindia.com/analysis/standpoint-azam-khan-can-you-please-spare-the-indian-army-from-your-communal-politics-1976691
b94af686214e0ff37c70cdfed2fdac85d90089546394b8b9a85c05ee4b48d5f9,2025-09-08 05:24:24.415397+00:00,en,rediff.com,rediff.com,2014-04-09,Multi-cornered fights may mean fractured mandate in TN,http://www.rediff.com/news/column/ls-election-multi-cornered-fights-may-mean-fractured-mandate-in-tn/20140409.htm
82a3de53ff03b4554ff77bba645038e09543f9b8617fd4686723673b22858b65,2025-09-08 05:23:22.593508+00:00,en,dnaindia.com,dnaindia.com,2014-04-09,Lok Sabha elections 2014: A fractured verdict will mean a fractured India,http://www.dnaindia.com/analysis/standpoint-lok-sabha-elections-2014-a-fractured-verdict-will-mean-a-fractured-india-1976614
f005835c0b7e9574dd9758c75aa8a9970361e832fdb37f835aa42f8e3a679916,2025-09-08 05:15:53.426360+00:00,en,indianexpress.com,indianexpress.com,2014-04-08,Populism doesn’t win polls,http://indianexpress.com/article/opinion/columns/populism-doesnt-win-polls/
5a1d0b01a32b5647dd2cb5e656180de4907e4c200be3c20b4278317078e58a2d,2025-09-08 05:10:55.110450+00:00,en,rediff.com,rediff.com,2014-04-11,Indian election only one of at least four important elections in Asia,http://www.rediff.com/news/column/indian-election-only-one-of-at-least-four-important-elections-in-asia/20140411.htm
94c86b73991413b5e8e61542074571c3796c0710f63ef798daba7397507e7d7f,2025-09-08 05:08:19.676460+00:00,en,indianexpress.com,indianexpress.com,2014-04-11,Manipur aberration,http://indianexpress.com/article/opinion/editorials/manipur-aberration/
27ccda155b9d48a9998e10032bc6670978979b387db048329c3d47343350937c,2025-09-08 04:56:49.883398+00:00,en,dnaindia.com,dnaindia.com,2014-04-10,Three reasons why Left is in deep trouble in Kerala,http://www.dnaindia.com/analysis/standpoint-three-reasons-why-left-is-in-deep-trouble-in-kerala-1976968
e40b5f05429ea618d6db7b0e50fde0278cefc5ae312ef45a5023e4f93146dc63,2025-09-08 04:54:51.581957+00:00,en,rediff.com,rediff.com,2014-04-10,The Nowhere People of Muzaffarnagar,http://www.rediff.com/news/column/ls-election-sheela-says-column-the-nowhere-people-of-muzaffarnagar/20140410.htm
fe1c79896ba0625fd6fad1d9cd85c2002722b9788714c08a8f058fd304d65ce3,2025-09-08 04:46:52.110245+00:00,en,dnaindia.com,dnaindia.com,2014-04-10,Three reasons why Left is in a deep trouble in Kerala,http://www.dnaindia.com/analysis/standpoint-three-reasons-why-left-is-in-a-deep-trouble-in-kerala-1976968
bd7be2a94930065dbda272f7d9b2ca96780115476acda09e3c6a7b5d6cd358e9,2025-09-08 04:44:03.109189+00:00,en,dnaindia.com,dnaindia.com,2014-04-10,Three reasons why Left will be wiped out from Kerala in today's poll,http://www.dnaindia.com/analysis/standpoint-three-reasons-why-left-will-be-wiped-out-from-kerala-in-today-s-poll-1976968
d7d32c684b0c9f7e02e4b4caf593ff45f7ea4bb977175c2a7e6f5a01735716b5,2025-09-08 04:38:40.527248+00:00,en,indiatimes.com,indiatimes.com,2014-04-10,Nota Bene: Indian voter can turn any analysis on its head,http://economictimes.indiatimes.com/opinion/comments-analysis/nota-bene-indian-voter-can-turn-any-analysis-on-its-head/articleshow/33527742.cms
cdc7f5153d7843902637fe0e1211c41e2ef095678d968e978920c93d791ffb1c,2025-09-08 04:31:36.177613+00:00,en,thehindu.com,thehindu.com,2014-04-11,This space is for the Opposition,http://www.thehindu.com/opinion/op-ed/this-space-is-for-the-opposition/article5901854.ece?utm_source=RSS_Feed&utm_medium=RSS&utm_campaign=RSS_Syndication
9fa1a906c284e85e80a9ddaba92c94f2c430b18d5bc194ff5ad22f5de038ea09,2025-09-08 04:22:00.310282+00:00,en,dnaindia.com,dnaindia.com,2014-04-11,Lok Sabha elections 2014: Congress wants to keep the ghosts of 2002 alive and kicking for its own benefit,http://www.dnaindia.com/analysis/standpoint-lok-sabha-elections-2014-congress-wants-to-keep-the-ghosts-of-2002-alive-and-kicking-for-its-own-benefit-1977401
657cd2773c37ceacda7aa59f73c0fa4aa44d9f633d71ac68128fc13409ff21fc,2025-09-08 04:20:02.698011+00:00,en,dnaindia.com,dnaindia.com,2014-04-11,Lok Sabha elections 2014: Congress' communal politics,http://www.dnaindia.com/analysis/standpoint-lok-sabha-elections-2014-congress-communal-politics-1977401
a4563ed58e50810eee1fc5f67143e4cbb44ea967346a796c331bda1a9466d5cd,2025-09-08 04:19:07.677531+00:00,en,dnaindia.com,dnaindia.com,2014-04-11,2002 and the Secular Campaign,http://www.dnaindia.com/analysis/standpoint-narendra-modi-comes-clean-on-2002-riots-but-congress-plays-the-communal-card-1977401
29d3446cabd1b241710d00445e3eab05d293c90a588fac742116ad5d3bf539b3,2025-09-08 04:15:11.465381+00:00,en,indiatimes.com,indiatimes.com,2014-04-11,Poke Me: Why Old is Gold in Indian Politics,http://economictimes.indiatimes.com/opinion/poke-me/poke-me-why-old-is-gold-in-indian-politics/articleshow/33605626.cms
682a25d43df48ecbb606248200ef16822ecbad42ac848e046bff113b3780e97a,2025-09-08 04:13:31.194696+00:00,en,dnaindia.com,dnaindia.com,2014-04-11,Lok Sabha Elections 2014: The Congress' new found love for Atal Bihari Vajpayee,http://www.dnaindia.com/analysis/standpoint-lok-sabha-elections-2014-the-congress-new-found-love-for-atal-bihari-vajpayee-1977352
f922c4fb4c2f7aa71653e0edb480ed418d71000bfe2df4a361fd5be3ad79c418,2025-09-08 04:09:31.355568+00:00,en,rediff.com,rediff.com,2014-04-11,Be wary of tall claims that a decisive leader can provide a quick fix,http://www.rediff.com/news/column/ls-election-column-rajni-bakshi-be-wary-of-claims-that-a-decisive-leader-can-provide-a-quick-fix/20140411.htm
57ddae40f1fe1af7084eceb0a208abdcb1adb437ae0ce754be66aa09231e7c1a,2025-09-08 03:34:10.126825+00:00,en,indianexpress.com,indianexpress.com,2014-04-14,Targeting the poll,http://indianexpress.com/article/opinion/editorials/targeting-the-poll/
55dfc9d475d08c386236dd1551a70ae10a3f483e14baeace73c5ca57576195b6,2025-09-08 03:33:49.395240+00:00,en,thehindu.com,thehindu.com,2014-04-13,‘Development is intrinsic to a secular project’,http://www.thehindu.com/opinion/op-ed/development-is-intrinsic-to-a-secular-project/article5908537.ece?utm_source=RSS_Feed&utm_medium=RSS&utm_campaign=RSS_Syndication
4b0c7e59035341c2488e36d5d71dc38facc32259b8c68896ef8857ee6f4f7cb5,2025-09-08 03:24:15.968336+00:00,en,dnaindia.com,dnaindia.com,2014-04-13,Congress does a BJP to snatch Assam's Silchar,http://www.dnaindia.com/analysis/standpoint-congress-does-a-bjp-to-snatch-assam-s-silchar-1977966
5a533c70011ccada5406d33ece1ae612be6f668b2e4630b36901f9158d828e9f,2025-09-08 03:14:16.463991+00:00,en,indiatimes.com,indiatimes.com,2014-04-15,Winnowing fact from rhetoric: A look at what figures tell of UPA's regime,http://economictimes.indiatimes.com/opinion/comments-analysis/winnowing-fact-from-rhetoric-a-look-at-what-figures-tell-of-upas-regime/articleshow/33755580.cms
5193371eb16992783a4349b089d15705cc5a7e290b2406b0f0a8ee4b1f3f2f0d,2025-09-08 03:10:17.357415+00:00,en,thehindu.com,thehindu.com,2014-04-14,The waning influence of the Left,http://www.thehindu.com/opinion/op-ed/the-waning-influence-of-the-left/article5912007.ece?utm_source=RSS_Feed&utm_medium=RSS&utm_campaign=RSS_Syndication
912459c9a9b2d4237ef270b63bd02321d5397c1176379e789569a34e21ee3c5e,2025-09-08 03:09:37.017156+00:00,en,thehindu.com,thehindu.com,2014-04-14,Where the AAP is eating into the Left’s space,http://www.thehindu.com/opinion/op-ed/where-the-aap-is-eating-into-the-lefts-space/article5912023.ece?utm_source=RSS_Feed&utm_medium=RSS&utm_campaign=RSS_Syndication
84286cc36f7441fe1396a9d61116db4268591e5eec8ec72360db83f9c63b39f9,2025-09-08 03:09:36.896895+00:00,en,thehindu.com,thehindu.com,2014-04-14,Red star fading over Bengal,http://www.thehindu.com/opinion/op-ed/red-star-fading-over-bengal/article5912029.ece?utm_source=RSS_Feed&utm_medium=RSS&utm_campaign=RSS_Syndication
953c01fc5eb28d1e2d08b73716768fc1b9fcc9fdce7d60265f2046cf2cb5e94d,2025-09-08 03:02:14.564417+00:00,en,dnaindia.com,dnaindia.com,2014-04-14,Congress' Schizophrenic Lok Sabha Election Campaign,http://www.dnaindia.com/analysis/standpoint-congress-schizophrenic-lok-sabha-election-campaign-1978290
bbf2db34ca52851332794c63b1fd31903a1b3dfb2f81d47c8640b51b6e684b17,2025-09-08 03:00:18.552258+00:00,en,rediff.com,rediff.com,2014-04-14,Why Rajnikanth may not swing votes Modi's way,http://www.rediff.com/news/column/ls-election-why-rajnikanth-may-not-swing-votes-modis-way/20140414.htm
73a3c44a1e9894e63188e1052ba15c52fd15d5e9485f19056d59cae2e31efb54,2025-09-08 02:34:49.273823+00:00,en,indianexpress.com,indianexpress.com,2014-04-15,View from the left: Manifest BJP,http://indianexpress.com/article/opinion/columns/view-from-the-left-manifest-bjp/
c8da4b35ebaabad0c6807139c864e29a7e832992ef5f085e16738e3c24fca6f9,2025-09-08 02:32:43.087847+00:00,en,dnaindia.com,dnaindia.com,2014-04-15,Can Varun Gandhi take on his cousins successful?,http://www.dnaindia.com/analysis/standpoint-can-varun-gandhi-take-on-his-cousins-successful-1978773
1966d05e7ff29be28b6b580f088fe8f93f2d876fefc735b263c8b442db1745c6,2025-09-08 02:16:58.414795+00:00,en,rediff.com,rediff.com,2014-04-15,Is high voter turnout indicator of a new government?,http://www.rediff.com/news/column/ls-election-is-high-voter-turnout-indicator-of-a-new-government/20140415.htm
541a20c6337e7d85d3c045b570b2138f8a2d05151148acdcc79573c3b47bcbd4,2025-09-08 02:04:38.861150+00:00,en,dnaindia.com,dnaindia.com,2014-04-15,dna edit: Power to the people,http://www.dnaindia.com/analysis/editorial-dna-edit-power-to-the-people-1978284
409be22a6e793de866ef3a7b24662a284ed0b91ecb5acdc5a492efcf231ce461,2025-09-08 02:00:01.285945+00:00,en,indianexpress.com,indianexpress.com,2014-04-16,An election without end,http://indianexpress.com/article/opinion/columns/an-election-without-end/
fd0af52ef8a1b655e9b4fd18aa96ddac07e12a296780b827d5ee3b70b934eefe,2025-09-08 01:44:39.410797+00:00,en,rediff.com,rediff.com,2014-04-16,If AAP had continued governing Delhi...,http://www.rediff.com/news/column/if-aap-had-continued-governing-delhi/20140416.htm
1fc4caa3fc66d26050f672ba90174500ea9dbf6f67314e937f36c4dec2a20f2b,2025-09-08 01:33:07.283472+00:00,en,dnaindia.com,dnaindia.com,2014-04-15,Can Varun Gandhi take on his cousins successfully?,http://www.dnaindia.com/analysis/standpoint-can-varun-gandhi-take-on-his-cousins-successfully-1978773
a4e96f10e310d6bd548bb65416b62abf1875f694a8754bf560cb721687bc8b78,2025-09-08 01:13:43.076185+00:00,en,dnaindia.com,dnaindia.com,2014-04-17,"Lok Sabha elections: When Darjeeling voted, was it a move towards Gorkhaland?",http://www.dnaindia.com/analysis/standpoint-lok-sabha-elections-when-darjeeling-voted-was-it-a-move-towards-gorkhaland-1979454
4411fa8de85a71723610a7ff9d96bb82deb35a999560b2320f4e792277547653,2025-09-08 00:59:18.178002+00:00,en,rediff.com,rediff.com,2014-04-17,May day! May day! for the Marxists,http://www.rediff.com/news/column/ls-election-tvr-shenoy-may-day-may-day-for-the-marxists/20140417.htm
f38ba94fea17ab75346e3dca6e377017b984b36d93b695ed6380ec130f9e48bf,2025-09-08 00:56:15.579954+00:00,en,indiatimes.com,indiatimes.com,2014-04-17,"Manifestos of BJP, Congress abound vague promises, good intentions; no road map on how to achieve them",http://economictimes.indiatimes.com/opinion/comments-analysis/manifestos-of-bjp-congress-abound-vague-promises-good-intentions-no-road-map-on-how-to-achieve-them/articleshow/33841430.cms
ad413f10cbd2793e8c887b08ff3749ac3ad5fd2b930455769655d133f37fefde,2025-09-08 00:52:34.497369+00:00,en,indianexpress.com,indianexpress.com,2014-04-19,We the voters,http://indianexpress.com/article/opinion/columns/we-the-voters/
348e1334c583407d144ff2b8a9a72c0e9b3f8f3a505b24bc3388990caf36dc06,2025-09-08 00:50:25.585507+00:00,en,thehindu.com,thehindu.com,2014-04-18,"Fair & peaceful, so far",http://www.thehindu.com/opinion/editorial/fair-peaceful-so-far/article5926227.ece?utm_source=RSS_Feed&utm_medium=RSS&utm_campaign=RSS_Syndication
97468daedac59ea54d92bcf94f465b7666f1bb2963e78b711728d998d3772f57,2025-09-08 00:41:20.205206+00:00,en,dnaindia.com,dnaindia.com,2014-04-18,What did we learn from the Jaswant Singh revolt?,http://www.dnaindia.com/analysis/standpoint-what-did-we-learn-from-the-jaswant-singh-revolt-1979694
58aa973709c72d55b8a6168d62d9ee29548fc1f99111361a23020e1e2ae55ee7,2025-09-08 00:25:16.040803+00:00,en,indiatimes.com,indiatimes.com,2014-04-18,"Wrong decisions, overconfidence, lack of leadership: a suicidal Left is quite the Murphy's law textbook",http://economictimes.indiatimes.com/opinion/comments-analysis/wrong-decisions-overconfidence-lack-of-leadership-a-suicidal-left-is-quite-the-murphys-law-textbook/articleshow/33879756.cms
29517cdd6c115ee38324b1eb851275e96d5ad2657c5a8f6586b753464571b700,2025-09-08 00:05:16.256730+00:00,en,indiatimes.com,indiatimes.com,2014-04-19,Are pre-poll alliances better than post-poll partnerships?,http://timesofindia.indiatimes.com/home/opinion/edit-page/Are-pre-poll-alliances-better-than-post-poll-partnerships/articleshow/33921691.cms
205df82d3eb14c39d88240c11face666de5ed3add863bfd1c94235f503342b32,2025-09-07 23:47:40.276478+00:00,en,dnaindia.com,dnaindia.com,2014-04-20,"Lok Sabha elections: UP's Muslim voters appear divided, Hindus voting en bloc",http://www.dnaindia.com/analysis/standpoint-lok-sabha-elections-up-s-muslim-voters-appear-divided-hindus-voting-en-bloc-1980291
753bf8cf88b8e9374353d6b35e8aa88fb5e1564d41dc5314dfb4483741febcd5,2025-09-07 23:34:33.492944+00:00,en,thehindu.com,thehindu.com,2014-04-21,For a fair and open system,http://www.thehindu.com/opinion/lead/for-a-fair-and-open-system/article5934507.ece?utm_source=RSS_Feed&utm_medium=RSS&utm_campaign=RSS_Syndication
d01d9ecd5115b091d551763fd836e599221ef3fc82996691a6047960a6f25b45,2025-09-07 23:29:34.112114+00:00,en,dnaindia.com,dnaindia.com,2014-04-20,"Lok Sabha elections: Muslim voters appear divided, Hindus voting en bloc in Uttar Pradesh",http://www.dnaindia.com/analysis/standpoint-lok-sabha-elections-muslim-voters-appear-divided-hindus-voting-en-bloc-in-uttar-pradesh-1980291
1d3007849694b5ad88205d737000df2bd234e15a1fcb12e335197c527feb18ac,2025-09-07 23:06:51.937841+00:00,en,thehindu.com,thehindu.com,2014-04-22,"By the ruling class, for the ruling class",http://www.thehindu.com/opinion/lead/by-the-ruling-class-for-the-ruling-class/article5938087.ece?utm_source=RSS_Feed&utm_medium=RSS&utm_campaign=RSS_Syndication
33658764f8f74b6e8b4a83cd4cfecbc47203bfb24e24056236f97a39dcb09723,2025-09-07 22:49:17.698315+00:00,en,rediff.com,rediff.com,2014-04-22,Why Jayalalithaa is attacking Modi now,http://www.rediff.com/news/column/ls-election-why-jayalalithaa-is-attacking-modi-now/20140422.htm
2a4e8d6ea242b103a4f377b01292a234d859ef412e3de437d23086508f1fec67,2025-09-07 22:40:13.803510+00:00,en,dnaindia.com,dnaindia.com,2014-04-22,dna edit: Chaos and ideology,http://www.dnaindia.com/analysis/editorial-dna-edit-chaos-and-ideology-1980688
c29a177138864c47331301982c9b5ddd2a5e20d2270bf3716898e76b59711b80,2025-09-07 22:18:52.190971+00:00,en,rediff.com,rediff.com,2014-04-23,What went wrong for the Congress?,http://www.rediff.com/news/column/ls-election-sheela-says-what-went-wrong-for-the-congress/20140423.htm
9923e64d496f436ad83258d5e6f3b5aa775c3bbde3a26f9cce72516e2e1d8e7e,2025-09-07 21:57:45.275946+00:00,en,thehindu.com,thehindu.com,2014-04-24,Disabilities of our democracy,http://www.thehindu.com/opinion/op-ed/disabilities-of-our-democracy/article5944384.ece?utm_source=RSS_Feed&utm_medium=RSS&utm_campaign=RSS_Syndication
6f684a843587f49b7b883e798b2d24042bad92ac0580b95bf468345592991a3e,2025-09-07 21:45:11.476353+00:00,en,thehindu.com,thehindu.com,2014-04-24,When polls take their toll,http://www.thehindu.com/opinion/blogs/blogs-end-of-the-day/article5943970.ece?utm_source=RSS_Feed&utm_medium=RSS&utm_campaign=RSS_Syndication
445c4ea75e78568891d251ad8786af46f083f258db4e2cddafeb325007529b47,2025-09-07 21:25:21.464991+00:00,en,indiatimes.com,indiatimes.com,2014-04-26,"Narendra Modi factored in, market looks for other triggers",http://economictimes.indiatimes.com/markets/analysis/narendra-modi-factored-in-market-looks-for-other-triggers/articleshow/34215398.cms
ee68291399d4e77f22612260a238cc21e68f260eb04e3af8e71803688c7c5ed4,2025-09-07 21:10:56.524928+00:00,en,dnaindia.com,dnaindia.com,2014-04-25,The Modi wave: An election of hope and not hardliners,http://www.dnaindia.com/analysis/standpoint-the-modi-wave-an-election-of-hope-and-not-hardliners-1982082
792f6fde49eeec820e3a29d645eb97145e993c8a108c2044506391fcd62a4fad,2025-09-07 20:57:23.112047+00:00,en,indianexpress.com,indianexpress.com,2014-04-25,"In denial, still",http://indianexpress.com/article/opinion/editorials/in-denial-still/
a15204107acc08d35aaed8e5fbbcf6b211ccc42d5c122f9c29d71615b998c0fe,2025-09-07 20:37:02.710269+00:00,en,thehindu.com,thehindu.com,2014-04-26,Rhetoric of hate,http://www.thehindu.com/features/magazine/mag-columns/rhetoric-of-hate/article5951237.ece?utm_source=RSS_Feed&utm_medium=RSS&utm_campaign=RSS_Syndication
507bab7191bc367e184cb8cb14c763ff1bb36f7c91a72b186bdc7c3a74cb5dc3,2025-09-07 20:19:21.089621+00:00,en,thehindu.com,thehindu.com,2014-04-27,Ensuring accuracy of rolls,http://www.thehindu.com/opinion/editorial/ensuring-accuracy-of-rolls/article5953706.ece?utm_source=RSS_Feed&utm_medium=RSS&utm_campaign=RSS_Syndication
90f59c6af1af76929dd855c6a3b858975a15f06a6ab39acb8e7c3b52c8d96b52,2025-09-07 19:40:48.266753+00:00,en,rediff.com,rediff.com,2014-04-28,'It's an election that has a fairly predictable result',http://www.rediff.com/news/column/ls-election-sheela-says-its-an-election-that-has-a-fairly-predictable-result/20140428.htm
89e5961ceba3d3b033bf2aa7d9eae793b5f49d8022e6c9c1a1cce75096f4a4c4,2025-09-07 19:39:36.123762+00:00,en,dnaindia.com,dnaindia.com,2014-04-28,"Remembering weaver-saint Kabir as Narendra Modi, Arvind Kejriwal and Ajay Rai clash over Varanasi",http://www.dnaindia.com/analysis/report-remembering-weaver-saint-kabir-as-narendra-modi-arvind-kejriwal-and-ajay-rai-clash-over-varanasi-1982710
b234f063203714cf7479220cfd1b311a1a8e13ae00db282541f2dc4554086961,2025-09-07 19:38:27.388106+00:00,en,dnaindia.com,dnaindia.com,2014-04-28,"Remembering weaver-saint Kabir as Narendra Modi, Arvind Kejriwal and Ajay Rai clash over Varanasi",http://www.dnaindia.com/analysis/report-remembering-weaver-saint-kabir-as-narendra-modi-arvind-kejriwal-and-ajay-rai-clash-for-varanasi-1982710
83e7ac81153d5da308d578da05afacad1c751bee674e554ff10b316d2739aab7,2025-09-07 19:22:25.687841+00:00,en,dnaindia.com,dnaindia.com,2014-04-28,dna Edit: Kabir in the time of elections,http://www.dnaindia.com/analysis/report-dna-edit-kabir-in-the-time-of-elections-1982710
09d95caa1375c223fea5bc96253d39cfc0ab954996efb773a78f3a5323f34fc3,2025-09-07 19:21:51.938593+00:00,en,indiatimes.com,indiatimes.com,2014-04-28,I’ve punctured Modi’s balloon in Bihar: Lalu Prasad,http://economictimes.indiatimes.com/opinion/interviews/ive-punctured-modis-balloon-in-bihar-lalu-prasad/articleshow/34311337.cms
2187a69534cc83c7d7613dfa6137304c86a2332da46670a321e9108994f99b1f,2025-09-07 19:20:02.370623+00:00,en,indiatimes.com,indiatimes.com,2014-04-30,Polling patterns: High turnouts versus criminal candidates,http://economictimes.indiatimes.com/opinion/comments-analysis/polling-patterns-high-turnouts-versus-criminal-candidates/articleshow/34391205.cms
be960cb6f7e7c336e3e00544643f70f8993c43dcf39dff1f1eff313239858570,2025-09-07 19:14:10.630059+00:00,en,thehindu.com,thehindu.com,2014-04-29,Where the local trumps the national,http://www.thehindu.com/opinion/op-ed/where-the-local-trumps-the-national/article5960314.ece?utm_source=RSS_Feed&utm_medium=RSS&utm_campaign=RSS_Syndication
0235120fbc006a98f35691288cafc20c1f75211e45547572c22e8c5b760d3fea,2025-09-07 18:33:55.490087+00:00,en,rediff.com,rediff.com,2014-04-30,The rise of the Modi Class,http://www.rediff.com/news/column/ls-election-sheela-says-the-rise-of-the-modi-class/20140430.htm
04ec30590579a6a4044ffe31e0dbb95780dcdce064ee9abd597b3b7ada12b3aa,2025-09-07 18:31:07.870908+00:00,en,indiatimes.com,indiatimes.com,2014-04-30,Poke me: Why Congress shouldn’t lose without fighting,http://economictimes.indiatimes.com/opinion/poke-me/poke-me-why-congress-shouldnt-lose-without-fighting/articleshow/34432256.cms
9790ce02abd7cf2c0798e0237e6fc9385e2c53b6f84b6c3883d32f5caf278afa,2025-09-07 18:06:56.771946+00:00,en,indiatimes.com,indiatimes.com,2014-04-30,Lok Sabha polls 2014: High turnouts versus criminal candidates,http://economictimes.indiatimes.com/opinion/comments-analysis/lok-sabha-polls-2014-high-turnouts-versus-criminal-candidates/articleshow/34391205.cms
573c6f26bcb683e1809d2e9b1c9792a11683f121b8b53f6e6e7afd16ebf5a5ee,2025-09-07 18:01:37.294866+00:00,en,indianexpress.com,indianexpress.com,2014-05-02,The case of the phantom voter,http://indianexpress.com/article/opinion/columns/the-case-of-the-phantom-voter/
f836529e62377db466381eccd0d367fbdd4c90f33980054ef8aa5ebd65d9d0e4,2025-09-07 17:43:05.078943+00:00,en,indianexpress.com,indianexpress.com,2014-05-01,The family strikes back,http://indianexpress.com/article/opinion/columns/the-family-strikes-back/
8107eea59912187ac2b39d58445b26917e6bc10179e6a5519582b5edabd14e6b,2025-09-07 17:42:30.111696+00:00,en,dnaindia.com,dnaindia.com,2014-05-01,"DNA Edit: India needs a single day of polling, not a multi-phase election",http://www.dnaindia.com/analysis/editorial-dna-edit-india-needs-a-single-day-of-polling-not-a-multi-phase-election-1983872
86be44621dc0daf849ca83d931cc07085d817e960ce19de2e9a6c723dfac8339,2025-09-07 16:06:15.814446+00:00,en,rediff.com,rediff.com,2014-05-05,Who are Modi's 26 allies in the NDA?,http://www.rediff.com/news/column/ls-election-sheela-says-who-are-modis-26-allies-in-the-nda/20140505.htm
675e971b310f6401e81b23becb960b9699a0f8a1bf881111d21c17be19db0c70,2025-09-07 15:45:18.738765+00:00,en,indianexpress.com,indianexpress.com,2014-05-07,View from the left: Usual agenda,http://indianexpress.com/article/opinion/columns/view-from-the-left-usual-agenda/
50109eecd0d463edb814b6e42cef9c1c4ac650354fa994c1dbe6e218da8ec20e,2025-09-07 15:41:19.894752+00:00,en,cnn.com,cnn.com,2014-05-06,"Opinion: South Africa's Zuma will win power, but ANC is losing respect",http://edition.cnn.com/2014/05/06/opinion/south-africa-zuma-anc/index.html?eref=edition
51ab01ac6a1e8f5134d119fda189a2e5a20d413da94fc3d8850eed90fc213238,2025-09-07 15:41:06.868011+00:00,en,cnn.com,cnn.com,2014-05-06,"Opinion: South Africa's Zuma will win power, but ANC is losing respect",http://rss.cnn.com/~r/rss/cnn_latest/~3/odpWN6b54kE/index.html
6e6e78e860ecb6f92a2178fc4079aa08f82fa3cfee398ea09670e60d13dda513,2025-09-07 15:33:23.756004+00:00,en,dnaindia.com,dnaindia.com,2014-05-06,Why Nitish Kumar made a huge mistake by breaking up with Narendra Modi,http://www.dnaindia.com/analysis/standpoint-why-nitish-kumar-made-a-huge-mistake-by-breaking-up-with-narendra-modi-1985758
4c81be4bfefddcc7559da7183e16ab315045ffe78de83ac52d06f778a8157040,2025-09-07 14:23:44.291443+00:00,en,thehindu.com,thehindu.com,2014-05-08,The end of the Amethi myth,http://www.thehindu.com/opinion/lead/the-end-of-the-amethi-myth/article5989859.ece?utm_source=RSS_Feed&utm_medium=RSS&utm_campaign=RSS_Syndication
88c4e0d9ff753ab75c529ed0ca597b3d6e03c0e757ca2a52b398a64d82dd2a5b,2025-09-07 14:08:24.387813+00:00,en,dnaindia.com,dnaindia.com,2014-05-08,Lok Sabha elections: Are parties switching sides to form government eternal opportunists or masters of alliances?,http://www.dnaindia.com/analysis/standpoint-lok-sabha-elections-are-parties-switching-sides-to-form-government-eternal-opportunists-or-masters-of-alliances-1986300
7cebec42b432aa5b5547b0548fc836d06e5283bb366e4fd8d9bf4d9a90a71607,2025-09-07 13:53:34.533316+00:00,en,indianexpress.com,indianexpress.com,2014-05-08,Where’s the party?,http://indianexpress.com/article/opinion/columns/wheres-the-party-2/
0703a694ef6d12db2d76bd0c1858b7a596e2db8ca713a0189336f4ab19bea86b,2025-09-07 13:45:37.734383+00:00,en,thehindu.com,thehindu.com,2014-05-09,Raising the bogey of illegal immigration,http://www.thehindu.com/opinion/lead/raising-the-bogey-of-illegal-immigration/article5993925.ece?utm_source=RSS_Feed&utm_medium=RSS&utm_campaign=RSS_Syndication
540f0592b6f2c8de061c077ac7e22b723a315f72a9c66fe945d5302473b016a2,2025-09-07 13:20:54.881502+00:00,en,rediff.com,rediff.com,2014-05-09,End of the Sonia era in the Congress?,http://www.rediff.com/news/column/ls-election-end-of-the-sonia-era-in-the-congress/20140509.htm
ddc39e4ba264afc2ad1fbb5ac69235d148c3bde3b0ee98aff8a57ef94b40b87d,2025-09-07 12:25:11.145828+00:00,en,indiatimes.com,indiatimes.com,2014-05-13,Who’s afraid of opinion polls?,http://timesofindia.indiatimes.com/home/opinion/edit-page/Whos-afraid-of-opinion-polls/articleshow/35031339.cms
37d98edf385a03c0ab1836f40870ac8f495e81e9f68e41c0c77234178156470c,2025-09-07 12:24:51.348989+00:00,en,indiatimes.com,indiatimes.com,2014-05-13,Sensex may rise 3000 points more by year-end: ET poll,http://economictimes.indiatimes.com/markets/analysis/sensex-may-rise-3000-points-more-by-year-end-et-poll/articleshow/35037053.cms
7018490da12a789fe8090b39425c2708c78718236529f66ae0d3b662740e5acd,2025-09-07 12:08:05.802427+00:00,en,rediff.com,rediff.com,2014-05-12,Muslims have never been a herd,http://www.rediff.com/news/column/ls-election-jyoti-punwani-muslims-have-never-been-a-herd/20140512.htm
24c756f0bc2958600d108069805deead4fb695f0c9ed8c3781c08ecea3f6b089,2025-09-07 12:04:34.471383+00:00,en,thehindu.com,thehindu.com,2014-05-13,Countdown sweetener,http://www.thehindu.com/opinion/letters/countdown-sweetener/article6005952.ece?utm_source=RSS_Feed&utm_medium=RSS&utm_campaign=RSS_Syndication
e4aaa57509db2ff54b9dc40534f78f8ba76196494d16faceb50bd110c8a9b38a,2025-09-07 12:04:33.726909+00:00,en,thehindu.com,thehindu.com,2014-05-13,Analysing BJP’s rise,http://www.thehindu.com/opinion/letters/analysing-bjps-rise/article6006745.ece?utm_source=RSS_Feed&utm_medium=RSS&utm_campaign=RSS_Syndication
41100388a3e6c56df4285f775d8eb9b4aad0181d352b5f01d140b4b8cd0c9dfa,2025-09-07 12:04:33.558816+00:00,en,thehindu.com,thehindu.com,2014-05-13,A task well done,http://www.thehindu.com/opinion/letters/a-task-well-done/article6006646.ece?utm_source=RSS_Feed&utm_medium=RSS&utm_campaign=RSS_Syndication
df77ee0f5c3af148a84b7c9787b67855eba1c6689e71b0564027d9b7250f1fab,2025-09-07 12:01:52.485323+00:00,en,thehindu.com,thehindu.com,2014-05-13,What is a vote worth?,http://www.thehindu.com/opinion/op-ed/what-is-a-vote-worth/article6005947.ece?utm_source=RSS_Feed&utm_medium=RSS&utm_campaign=RSS_Syndication
cc7ae25cf569d752a3e704a65a4500a4718ab6dcd423f2d6ce9a0310db8e2fb5,2025-09-07 11:42:06.555962+00:00,en,thehindu.com,thehindu.com,2014-05-13,How India’s Open Data community has transformed knowledge in the 2014 LS election,http://www.thehindu.com/opinion/blogs/blog-datadelve/article6004959.ece?utm_source=RSS_Feed&utm_medium=RSS&utm_campaign=RSS_Syndication
922cc4d099dc634c01a0d98f0777150717f0b4a00f378b6a31f648a2aab8a7a8,2025-09-07 11:40:05.125294+00:00,en,indianexpress.com,indianexpress.com,2014-05-13,Washington is ready to engage Modi,http://indianexpress.com/article/opinion/columns/washington-is-ready-to-engage-modi/
25c7f5a7b776698522ebb382230dff768dd6102e307d7f3e83e2dec36b9d6243,2025-09-07 11:34:04.824543+00:00,en,indiatimes.com,indiatimes.com,2014-05-13,Lok Sabha elections 2014: Why exit polls often get it wrong,http://economictimes.indiatimes.com/opinion/editorial/lok-sabha-elections-2014-why-exit-polls-often-get-it-wrong/articleshow/35043242.cms
b68f59b1a07149c3c92a187ffe2a8515658858f9081b78ea4752167cc0270174,2025-09-07 11:30:11.525029+00:00,en,thehindu.com,thehindu.com,2014-05-12,Calling on the RSS,http://www.thehindu.com/opinion/letters/calling-on-the-rss/article6002034.ece?utm_source=RSS_Feed&utm_medium=RSS&utm_campaign=RSS_Syndication
272b82439f665d71fa768653d07e47652231b190d3765d1afd05d676938a4fe6,2025-09-07 11:30:11.316563+00:00,en,thehindu.com,thehindu.com,2014-05-12,The primary pole in U.P. and Bihar,http://www.thehindu.com/opinion/lead/the-primary-pole-in-up-and-bihar/article6002030.ece?utm_source=RSS_Feed&utm_medium=RSS&utm_campaign=RSS_Syndication
6753ad7fbbca33338f742f25eb88e226aab2db41ce502c5113889c9be7b08ffe,2025-09-07 11:23:46.468173+00:00,en,indianexpress.com,indianexpress.com,2014-05-14,Will states matter on May 16?,http://indianexpress.com/article/opinion/columns/will-states-matter-on-may-16/
75eb252d3bdd890d583e142b874d4a807a85649668a235a7e6bafe874602f3f2,2025-09-07 11:23:11.419761+00:00,en,indianexpress.com,indianexpress.com,2014-05-14,BJP has a gender problem,http://indianexpress.com/article/opinion/editorials/bjp-has-a-gender-problem/
8b348a09ef4af18d4182c5e0956e7640874e9df29bef487424b6e60d810a3d37,2025-09-07 10:57:51.549275+00:00,en,indiatimes.com,indiatimes.com,2014-05-14,"2014 elections about entry of demographic dividend youth, TV-influenced voters and urbanisation",http://economictimes.indiatimes.com/opinion/comments-analysis/2014-elections-about-entry-of-demographic-dividend-youth-tv-influenced-voters-and-urbanisation/articleshow/35088208.cms
2233b0fefa2f648173dae5425bff4f8f834b58a3958ee32f3ace19a6067dd847,2025-09-07 10:54:36.519415+00:00,en,indiatimes.com,indiatimes.com,2014-05-14,"2014 about entry of demographic dividend youth, TV-influenced voters and urbanisation",http://economictimes.indiatimes.com/opinion/comments-analysis/2014-about-entry-of-demographic-dividend-youth-tv-influenced-voters-and-urbanisation/articleshow/35088208.cms
8a0ae50e97853e0a2307cc2a6f91b6b704af1a31f8b279e37b250e3525d540cd,2025-09-07 10:28:57.814166+00:00,en,rediff.com,rediff.com,2014-05-15,The rise of Modi and the spread of Modism,http://www.rediff.com/news/column/ls-election-the-rise-of-modi-and-the-spread-of-modism/20140515.htm
2f1d9bf4112344b7934221f79fdd9694f40ff2e5439c2327a3db19fd22d352c8,2025-09-07 10:26:06.915075+00:00,en,indiatimes.com,indiatimes.com,2014-05-15,"Investment landscape can fundamentally change if NDA govt comes to power: Bhavin Shah, Equirus Securities",http://economictimes.indiatimes.com/opinion/interviews/investment-landscape-can-fundamentally-change-if-nda-govt-comes-to-power-bhavin-shah-equirus-securities/articleshow/35155697.cms
b3e2ff489e210d25a41116998efedf2beb9902b7e4f5bcaf424079f85522c45d,2025-09-07 10:25:47.458676+00:00,en,rediff.com,rediff.com,2014-05-15,Why our Parliament has such a woeful number of women,http://www.rediff.com/news/column/ls-election-why-our-parliament-has-such-a-woeful-number-of-women/20140515.htm
9ee014869d57d9744e9d02799200ded0105b5d52af5f6abe4d9d41b4f21e63e4,2025-09-07 10:21:11.415375+00:00,en,rediff.com,rediff.com,2014-05-15,How secure are the EVMs?,http://www.rediff.com/news/column/ls-election-how-secure-are-the-evms/20140515.htm
b43d2265d189339dcdeb8e62335815dc33b8effb1c5634842e6ade5534763822,2025-09-07 10:16:12.447435+00:00,en,indiatimes.com,indiatimes.com,2014-05-17,"After poll debacle in 2014, Congress' defeat in 1977 looks milder now",http://economictimes.indiatimes.com/opinion/guest-writer/after-poll-debacle-in-2014-congress-defeat-in-1977-looks-milder-now/articleshow/35224580.cms
5467e395be295d6b952be5f8e2a4f0daf60fc20b910548895638312a4b81b1a2,2025-09-07 10:15:58.900770+00:00,en,thehindu.com,thehindu.com,2014-05-16,Comprehensive win,http://www.thehindu.com/opinion/letters/comprehensive-win/article6018056.ece?utm_source=RSS_Feed&utm_medium=RSS&utm_campaign=RSS_Syndication
ab0be650a44dc37301457ffd4cda470c51e41ac9746206af761bb273a5a936d2,2025-09-07 10:15:48.498360+00:00,en,thehindu.com,thehindu.com,2014-05-16,Modi’s time starts now,http://www.thehindu.com/opinion/op-ed/modis-time-starts-now/article6018051.ece?utm_source=RSS_Feed&utm_medium=RSS&utm_campaign=RSS_Syndication
119d1d2538e1eaef744e4f14ce515e156a2c9a92708f7c379d23455206eb76f2,2025-09-07 10:15:29.619176+00:00,en,thehindu.com,thehindu.com,2014-05-16,We need to overcome weaknesses,http://www.thehindu.com/opinion/op-ed/we-need-to-overcome-weaknesses/article6017641.ece?utm_source=RSS_Feed&utm_medium=RSS&utm_campaign=RSS_Syndication
26860771cb110910e9560b84cdcdaab056b90dce8d5989e6080a1004c3e6bf25,2025-09-07 10:14:44.911711+00:00,en,thehindu.com,thehindu.com,2014-05-16,Preserve the Idea of India,http://www.thehindu.com/opinion/editorial/preserve-the-idea-of-india/article6017266.ece?utm_source=RSS_Feed&utm_medium=RSS&utm_campaign=RSS_Syndication
1f4ed6d07c3ffddabad23322eeae15728bff1e0af4bfc3f22e0d1b74f393c1f2,2025-09-07 10:14:44.864482+00:00,en,thehindu.com,thehindu.com,2014-05-16,An election to remember,http://www.thehindu.com/opinion/editorial/an-election-to-remember/article6017598.ece?utm_source=RSS_Feed&utm_medium=RSS&utm_campaign=RSS_Syndication
87c27e0b753e848b39910fa604f49963e337d8668094e1b2f41d3c8fc1963b1e,2025-09-07 10:11:46.096484+00:00,en,dnaindia.com,dnaindia.com,2014-05-16,"Apart from Narendra Modi's win, Lok Sabha Elections 2014 is also about India rejecting Rahul Gandhi's Congress",http://www.dnaindia.com/analysis/standpoint-apart-from-narendra-modi-s-win-lok-sabha-elections-2014-is-also-about-india-rejecting-rahul-gandhi-s-congress-1989043
e23bbc04b14e8485a7c4550d5f9cd1947cc9709d90eea93974309b9b9784c2b9,2025-09-07 10:07:04.906591+00:00,en,rediff.com,rediff.com,2014-05-16,A debacle for the Congress and NCP in Maharashtra,http://www.rediff.com/news/column/ls-election-a-debacle-for-the-congress-and-ncp-in-maharashtra/20140516.htm
6d47e875a0a886a69e3a7eba80de038e6165e27c391d6ea954390fc81d875186,2025-09-07 10:03:40.086092+00:00,en,indiatimes.com,indiatimes.com,2014-05-16,Narendra Modi has accomplished the impossible in Lok Sabha elections,http://economictimes.indiatimes.com/opinion/comments-analysis/narendra-modi-has-accomplished-the-impossible-in-lok-sabha-elections/articleshow/35217359.cms
f3078777ac2f5df6e8fb705cb6404f6d078243305cf15dc73559ff48fc9b6ec4,2025-09-07 10:02:57.183747+00:00,en,dnaindia.com,dnaindia.com,2014-05-16,Verdict 2014 is also about India rejecting Rahul Gandhi's Congress,http://www.dnaindia.com/analysis/standpoint-verdict-2014-is-also-about-india-rejecting-rahul-gandhi-s-congress-1989043
80eb90b2e9e993280066e5150ef2de6c408ec257b853f088d9d702bf33fc8147,2025-09-07 09:59:51.416617+00:00,en,dnaindia.com,dnaindia.com,2014-05-16,India doesn't want Rahul Gandhi’s Congress,http://www.dnaindia.com/analysis/standpoint-india-doesn-t-want-rahul-gandhi-s-congress-1989043
6fc1de3293a78b1f26e4054b230cdc6012f39ae56059e7408ff7d72fc30d0fd4,2025-09-07 09:52:14.787111+00:00,en,indiatimes.com,indiatimes.com,2014-05-16,"Elections 2014: BJP's win a vote for governance, a big thumbs down for coalition politics",http://economictimes.indiatimes.com/opinion/comments-analysis/elections-2014-bjps-win-a-vote-for-governance-a-big-thumbs-down-for-coalition-politics/articleshow/35203070.cms
bf4d419e1b51003edff25f34e782b79aa9a2750f7ce8d471c4285b504d254fa1,2025-09-07 09:39:52.511729+00:00,en,thehindu.com,thehindu.com,2014-05-17,The Idea of India,http://www.thehindu.com/opinion/letters/the-idea-of-india/article6020842.ece?utm_source=RSS_Feed&utm_medium=RSS&utm_campaign=RSS_Syndication
b32deca9d35f441e33390a8e8130a5b8610147815416870c777fc9dafc7fbe6a,2025-09-07 09:22:13.600404+00:00,en,indiatimes.com,indiatimes.com,2014-05-17,"After poll debacle in 2014, Congress's defeat in 1977 looks milder now",http://economictimes.indiatimes.com/opinion/guest-writer/after-poll-debacle-in-2014-congresss-defeat-in-1977-looks-milder-now/articleshow/35224580.cms
c89d7863ddc84aa9ef6deb76da948e5f4f39ebaf05ee1366ffa5a29f653268b1,2025-09-07 09:21:43.637476+00:00,en,indianexpress.com,indianexpress.com,2014-05-17,"Sorry, world, we tried",http://indianexpress.com/article/opinion/editorials/sorry-world-we-tried/
27a94e0f2df5b16517c2ec399fc226d3e77605750ada9d065bdda79060ba00d8,2025-09-07 08:52:24.049211+00:00,en,thehindu.com,thehindu.com,2014-05-19,Those who forget and those who can’t,http://www.thehindu.com/opinion/lead/those-who-forget-and-those-who-cant/article6026138.ece?utm_source=RSS_Feed&utm_medium=RSS&utm_campaign=RSS_Syndication
0301951d237416750ea81181236a3a7a0c5aebb17b08b24c59d4130e8fcbd0c8,2025-09-07 08:36:24.145488+00:00,en,rediff.com,rediff.com,2014-05-19,Election results show only 'Amma' matters in Tamil Nadu,http://www.rediff.com/news/column/ls-election-election-results-show-only-amma-matters-in-tamil-nadu/20140519.htm
e2a0fa302faaba583c98a9a6e394fbece63078be595d6abf868ba0c4d50aa3a6,2025-09-07 08:26:00.714149+00:00,en,indianexpress.com,indianexpress.com,2014-05-19,Writing a new script in Bihar,http://indianexpress.com/article/opinion/columns/writing-a-new-script-in-bihar/
0462bfc9be29019149fbb04b8505fae9d9706efc726cc4981dee4c1fd8ac72a9,2025-09-07 08:03:24.801669+00:00,en,dnaindia.com,dnaindia.com,2014-05-20,Why it is still too early to dismiss the AAP's relevance in Indian politics,http://www.dnaindia.com/analysis/standpoint-why-it-is-still-too-early-to-dismiss-the-aap-s-relevance-in-indian-politics-1989728
4b77dd059f50b19456a24d4fea4b4e41bcac3576c6ac7e681245d46b5562689e,2025-09-07 07:57:09.103021+00:00,en,rediff.com,rediff.com,2014-05-20,'Secularism' will no longer win elections,http://www.rediff.com/news/column/tvr-shenoy-secularism-will-no-longer-fetch-votes/20140520.htm
049e9a75c50c593f263b727107d4d5b282bf0b026d1e0fedb5a11b27db9a54ce,2025-09-07 07:55:51.924438+00:00,en,dnaindia.com,dnaindia.com,2014-05-20,Why it is still too early to dismiss the AAP's relevance in Indian politics,http://www.dnaindia.com/analysis/standpoint-why-it-is-till-to-early-to-dismiss-the-aap-s-relevance-in-indian-politics-1989728
684610f6aaf882c3bbc14ac01ee702f61f6aa1189dd81f9a37cf051f04b42790,2025-09-07 07:43:07.374890+00:00,en,indiatimes.com,indiatimes.com,2014-05-22,Will RSS be NDA's 10 Janpath?,http://timesofindia.indiatimes.com/home/opinion/edit-page/Will-RSS-be-NDAs-10-Janpath/articleshow/35443397.cms
6d50cccae0732323dc3ec3942c7cb3eb912f88b390e7e94ff7902dcd6d526018,2025-09-07 07:32:16.930874+00:00,en,thehindu.com,thehindu.com,2014-05-21,"Worshipping a wave, spawning a tsuNaMo, expecting a miracle",http://www.thehindu.com/opinion/blogs/blog-terra-firma/article6033484.ece?utm_source=RSS_Feed&utm_medium=RSS&utm_campaign=RSS_Syndication
c1ea340ddeccf8a16d94b8038e1366387ece940dbf318dfabca7a22d7d5c29e1,2025-09-07 07:29:29.934493+00:00,en,dnaindia.com,dnaindia.com,2014-05-20,Why it is too early to dismiss the AAP's relevance in Indian politics,http://www.dnaindia.com/analysis/standpoint-why-it-is-too-early-to-dismiss-the-aap-s-relevance-in-indian-politics-1989728
0035a4773230f60f682f181f90e0b189be320067762d99df7bd4ca7c560f72fd,2025-09-07 07:10:37.610982+00:00,en,thehindu.com,thehindu.com,2014-05-22,On secularism,http://www.thehindu.com/opinion/letters/on-secularism/article6038340.ece?utm_source=RSS_Feed&utm_medium=RSS&utm_campaign=RSS_Syndication
50b8620dcdd617371dbdf613840ed1b300961048043928cd70f3295c8ede4b7d,2025-09-07 06:45:40.568610+00:00,en,indiatimes.com,indiatimes.com,2014-05-22,Will RSS be NDA's 10 Janpath?,http://economictimes.indiatimes.com/opinion/comments-analysis/will-rss-be-ndas-10-janpath/articleshow/35470478.cms
63ec7e1a9775f90a89bb5ba1822f734945e41a3257cafb619197b48ff580d8eb,2025-09-07 06:39:54.629645+00:00,en,thehindu.com,thehindu.com,2014-05-21,Methodology of the survey,http://www.thehindu.com/opinion/op-ed/methodology-of-the-survey/article6034189.ece?utm_source=RSS_Feed&utm_medium=RSS&utm_campaign=RSS_Syndication
5f357c9afecd582cb7b2c4e6985ab55e6943530c104f9324bf9fdb3831b38d7f,2025-09-07 06:33:04.777116+00:00,en,thehindu.com,thehindu.com,2014-05-23,Bucking double anti-incumbency in Kerala,http://www.thehindu.com/opinion/op-ed/bucking-double-antiincumbency-in-kerala/article6041701.ece?utm_source=RSS_Feed&utm_medium=RSS&utm_campaign=RSS_Syndication
7a14a954d629f207419eac67feed6ec6622bde70f71373f027ff7811b4c099ef,2025-09-07 06:33:04.766607+00:00,en,thehindu.com,thehindu.com,2014-05-23,No influence of national issues in Tamil Nadu,http://www.thehindu.com/opinion/op-ed/no-influence-of-national-issues-in-tamil-nadu/article6041700.ece?utm_source=RSS_Feed&utm_medium=RSS&utm_campaign=RSS_Syndication
82db43b1668452e3ad0e8646a1b90f1bc350ebb216b95a9688b2eef49423b9aa,2025-09-07 06:29:54.729890+00:00,en,rediff.com,rediff.com,2014-05-23,"No leader of oppn? There wasn't any in Nehru, Indira, Rajiv days",http://www.rediff.com/news/column/ls-election-no-leader-of-oppn-there-wasnt-any-in-nehru-indira-rajiv-days/20140523.htm
456458e2d85703b1f38f1ad57c30bbe5c888cd201e6af1d34973870d0dd26741,2025-09-07 06:18:57.880231+00:00,en,dnaindia.com,dnaindia.com,2014-05-23,How Nitish Kumar stole the show in Bihar,http://www.dnaindia.com/analysis/standpoint-how-nitish-kumar-stole-the-show-in-bihar-1990763
a18907acf49ae3452d4f7fa46d625e6f021b7f80b77ac5d1ac0ff78e80e6f497,2025-09-07 05:10:44.533123+00:00,en,thehindu.com,thehindu.com,2014-05-26,Putting dynasty before party,http://www.thehindu.com/opinion/editorial/putting-dynasty-before-party/article6050327.ece?utm_source=RSS_Feed&utm_medium=RSS&utm_campaign=RSS_Syndication
f7baeabad997b54066c3a67297f879dac233b29b6e4a31d0821426e37846c43f,2025-09-07 05:10:44.488053+00:00,en,thehindu.com,thehindu.com,2014-05-26,Does corruption influence voter choice?,http://www.thehindu.com/opinion/op-ed/does-corruption-influence-voter-choice/article6050324.ece?utm_source=RSS_Feed&utm_medium=RSS&utm_campaign=RSS_Syndication
e2207c3c9ec5dd2ff3b5f037f8f35ce4e2441f1a98b32aa48c59e8d22a2fd9f6,2025-09-07 05:10:44.441166+00:00,en,thehindu.com,thehindu.com,2014-05-26,Issues in electoral arithmetic,http://www.thehindu.com/opinion/editorial/issues-in-electoral-arithmetic/article6050328.ece?utm_source=RSS_Feed&utm_medium=RSS&utm_campaign=RSS_Syndication
9a6ca72bea281c0cf84dc7192e843f4df404c3ab1811e91d2defb0eb10128f49,2025-09-07 05:10:44.423611+00:00,en,thehindu.com,thehindu.com,2014-05-26,The importance of high turnout,http://www.thehindu.com/opinion/op-ed/the-importance-of-high-turnout/article6050326.ece?utm_source=RSS_Feed&utm_medium=RSS&utm_campaign=RSS_Syndication
d2757d594fb1744b5cc55eeba998bf56aa090064d75bde9fe5b7a026b602bbcf,2025-09-07 05:08:36.258929+00:00,en,indianexpress.com,indianexpress.com,2014-05-27,Brussels quake,http://indianexpress.com/article/opinion/editorials/brussels-quake/
5b8af095cf1192d1a2685df84bbe83a050ff875cd3e5ea2cab0c07fde7216ea3,2025-09-07 04:29:45.688757+00:00,en,rediff.com,rediff.com,2014-05-27,How the 'secularists' defeated Nitish Kumar,http://www.rediff.com/news/column/mohammad-sajjad-how-the-secularists-defeated-nitish-kumar/20140527.htm
02ad0883cb27c820cef5b99eeda3b7036471936110678104708c2a28e2ecdf29,2025-09-07 03:39:13.479460+00:00,en,indianexpress.com,indianexpress.com,2014-05-28,Invisible in the House,http://indianexpress.com/article/opinion/columns/invisible-in-the-house/
74e62f047447d86d82ee6813a8a5a6c5bf8274bac56764f9e2bdbcb138ad0b2e,2025-09-07 03:39:13.471630+00:00,en,indianexpress.com,indianexpress.com,2014-05-28,How Bihar was won,http://indianexpress.com/article/opinion/columns/how-bihar-was-won/
a5a62c21622924a72bbf73f4438c50d49f2c56de8ebe4aeaa865e7648a1b6d73,2025-09-07 03:18:24.150516+00:00,en,dnaindia.com,dnaindia.com,2014-05-29,The RSS blueprint for Narendra Modi,http://www.dnaindia.com/standpoint/analysis-the-rss-blueprint-for-narendra-modi-1992165
4d714810b60e8d1c45c0720cdf8ec29913bff0eb8bcc5edaf330855280305728,2025-09-07 03:15:39.252824+00:00,en,dnaindia.com,dnaindia.com,2014-05-29,Will Bihar’s new CM turn out to be a Nitish Kumar-controlled puppet?,http://www.dnaindia.com/analysis/editorial-will-bihar-s-new-cm-turn-out-to-be-a-nitish-kumar-controlled-puppet-1992147
283e3545e592f67967a80ed3de428b424dc2a5452154f8e48a921a239dc97fd9,2025-09-07 02:57:56.935992+00:00,en,thehindu.com,thehindu.com,2014-05-30,The road ahead for the Election Commission,http://www.thehindu.com/opinion/op-ed/the-road-ahead-for-the-election-commission/article6067195.ece?utm_source=RSS_Feed&utm_medium=RSS&utm_campaign=RSS_Syndication
338ce10fde7ad3990329532d57c868640053175d50cd178d601f87c3c5bdf049,2025-09-07 02:24:37.900519+00:00,en,thehindu.com,thehindu.com,2014-05-31,"It is Modi, not BJP that won this election",http://www.thehindu.com/opinion/op-ed/it-is-modi-not-bjp-that-won-this-election/article6070375.ece?utm_source=RSS_Feed&utm_medium=RSS&utm_campaign=RSS_Syndication
fe1e26af2285a2df5e1f12867a5ad6b928a165fede12d2218f6a2bfd7528ff1e,2025-09-07 00:16:00.887015+00:00,en,rediff.com,rediff.com,2014-06-04,The Jurassic Park of Indian politics,http://www.rediff.com/news/column/tvr-shenoy-the-jurassic-park-of-indian-politics/20140604.htm
274fe54e2d528cbe2a15fcf1bc5268f95228569ac18e992d2c16875752a9b5e2,2025-09-07 00:16:00.707367+00:00,en,rediff.com,rediff.com,2014-06-03,Lessons from the rout the DMK refuses to learn,http://www.rediff.com/news/column/lessons-from-the-rout-the-dmk-refuses-to-learn/20140603.htm
4c33b9f857d151129e5b4e4c198f4d279b8026bb7b227688a8b1d7c3f343a891,2025-09-07 00:16:00.008627+00:00,en,rediff.com,rediff.com,2014-06-05,"Munde's daughter, Gadkari, Shah to help BJP sail through in Maharashtra",http://www.rediff.com/news/column/mundes-daughter-gadkari-shah-to-help-bjp-sail-through-in-maharashtra/20140605.htm
7b43bec4055d540a23f746715ba0f64b27c0afe137c2f5a501bb4541f114ba11,2025-09-06 23:44:58.245399+00:00,en,rediff.com,rediff.com,2014-06-06,Explaining the Modi wave,http://www.rediff.com/news/column/explaining-the-modi-wave/20140606.htm
51b6f94d2393ea08f10590d52a97f9a717a3d6e47ceea35c9c07f989fd33e5aa,2025-09-06 22:30:00.037632+00:00,en,indiatimes.com,indiatimes.com,2014-06-10,Modi government and opposition's role: Focus must shift to India's inclusiveness and diversity,http://economictimes.indiatimes.com/opinion/comments-analysis/modi-government-and-oppositions-role-focus-must-shift-to-indias-inclusiveness-and-diversity/articleshow/36321221.cms
891b34f4c3e2e703cef8271c7fded85cc5b6bb2941aa7d6668edbc670df56dd5,2025-09-06 17:34:27.751186+00:00,en,dnaindia.com,dnaindia.com,2014-06-17,Why Mamata Banerjee loves to hate Narendra Modi,http://www.dnaindia.com/analysis/standpoint-why-mamata-banerjee-loves-to-hate-narendra-modi-1996116
37a90ba54a37d42bc3de36bdadeb6316e5f4985da93eb3981d16211201b3d2dd,2025-09-06 03:54:00.214064+00:00,en,indianexpress.com,indianexpress.com,2014-04-05,BJP no-show,http://indianexpress.com/article/opinion/editorials/bjp-no-show/
6fdf678452f4e8e06a7377ca7b2cf241bdcbb0a4705f0d38f7f088169882681e,2025-09-05 22:46:10.543218+00:00,en,thehindu.com,thehindu.com,2014-07-21,Mandal 2.0 versus the new Hindutva?,http://www.thehindu.com/opinion/lead/mandal-20-versus-the-new-hindutva/article6234697.ece?utm_source=RSS_Feed&utm_medium=RSS&utm_campaign=RSS_Syndication
a40348cf1237315c7603c107d01e2136199d75bf29cb34a51ba473c060295416,2025-09-05 18:31:52.813965+00:00,en,thehindu.com,thehindu.com,2014-07-29,Manoeuvres for Chief Ministership,http://www.thehindu.com/opinion/op-ed/manoeuvres-for-chief-ministership/article6258677.ece?utm_source=RSS_Feed&utm_medium=RSS&utm_campaign=RSS_Syndication
d3bbcbd7e3cff5f53842a89e33d7139312065c0baf73211d4f7ae05304d0b061,2025-09-05 15:04:10.544202+00:00,en,thehindu.com,thehindu.com,2014-06-25,Women’s vote in 2014,http://www.thehindu.com/opinion/op-ed/womens-vote-in-2014/article6151723.ece?theme=true
76937090c34be5e80ae2be6d7760766d325d8928baefc54196ee4a4dc698b28d,2025-09-05 14:34:28.587688+00:00,en,thehindu.com,thehindu.com,2014-08-05,The uncanny Indian voter,http://www.thehindu.com/opinion/op-ed/the-uncanny-indian-voter/article6281129.ece?utm_source=RSS_Feed&utm_medium=RSS&utm_campaign=RSS_Syndication
0e7011d206a1da16f428d0b5181eed8fedb2b3613274a5f7aa1888ccf0e8cbb7,2025-09-05 14:06:30.713731+00:00,en,rediff.com,rediff.com,2014-07-22,Why Modi is silent on the Congress 'deals',http://www.rediff.com/news/column/tvr-shenoy-why-modi-is-silent-on-the-congress-deals/20140722.htm
5e1c1d4c9308339dd3e2383b320386e40f078714584d5f29a0d594ca6481df55,2025-09-05 13:55:30.899431+00:00,en,indianexpress.com,indianexpress.com,2014-08-06,"Bihar, a new story",http://indianexpress.com/article/opinion/columns/bihar-a-new-story/
b8456a8851ac19fa7e57b4e49a2c4439a21de4b532c071aa2a24c09a57548d5d,2025-09-05 13:54:01.797718+00:00,en,thehindu.com,thehindu.com,2014-08-06,Lotus bloom in West Bengal,http://www.thehindu.com/opinion/op-ed/lotus-bloom-in-west-bengal/article6284743.ece?utm_source=RSS_Feed&utm_medium=RSS&utm_campaign=RSS_Syndication
4f79d1e916ad8bdec1645607e92883981d0eb5edcdcfb3781989642a654840e4,2025-09-05 08:07:39.590290+00:00,en,rediff.com,rediff.com,2014-08-14,Why the Opposition wants to stop Modi,http://www.rediff.com/news/column/tvr-shenoy-why-the-opposition-wants-to-stop-modi/20140814.htm
09eac93466051abbadc5e1593b77291ec1fe9ce9c01eeed2aaa806c19e84e04e,2025-09-05 04:01:44.007992+00:00,en,indiatimes.com,indiatimes.com,2014-08-22,Nandan Nilekani: The rising czar of Bangalore,http://economictimes.indiatimes.com/opinion/comments-analysis/nandan-nilekani-the-rising-czar-of-bangalore/articleshow/40709662.cms
1b284b1d30ac9e8b2eb9b7ba10aff7fecc339bca42b4543c2d452a148301de8c,2025-09-05 01:41:47.729545+00:00,en,indiatimes.com,indiatimes.com,2014-08-26,Bihar's 'grand alliance': Roadblock for Narendra Modi juggernaut?,http://economictimes.indiatimes.com/opinion/comments-analysis/bihars-grand-alliance-roadblock-for-narendra-modi-juggernaut/articleshow/40904150.cms
eb38608e9a45650cee9f3428fede230b6c76d1320066a49af03252ca3f8564b9,2025-09-05 01:24:18.784019+00:00,en,indiatimes.com,indiatimes.com,2014-08-28,Narendra Modi-led NDA government has failed people: Nitish Kumar,http://economictimes.indiatimes.com/opinion/comments-analysis/narendra-modi-led-nda-government-has-failed-people-nitish-kumar/articleshow/41030676.cms
17773142271795411df5d5cc0985dd2f0611a84581a63a6dbfc0c005de1f841a,2025-09-05 01:22:25.549947+00:00,en,indiatimes.com,indiatimes.com,2014-08-28,"Narendra Modi-led NDA government has failed people, says JD(U) leader Nitish Kumar",http://economictimes.indiatimes.com/opinion/comments-analysis/narendra-modi-led-nda-government-has-failed-people-says-jdu-leader-nitish-kumar/articleshow/41030676.cms
36d382a0ea820aa3ce6a242d90b1e86ad0d530a7a4b10a6c953cdd63802cf34c,2025-09-05 00:45:39.673285+00:00,en,indiatimes.com,indiatimes.com,2014-08-29,"If Lalu Prasad Yadav-Nitish Kumar can taste by-poll success, why not Mayawati-Mulayam Singh Yadav?",http://economictimes.indiatimes.com/opinion/comments-analysis/if-lalu-prasad-yadav-nitish-kumar-can-taste-by-poll-success-why-not-mayawati-mulayam-singh-yadav/articleshow/41122324.cms
06e422874b4caf417e0d81a9f9b692ce1bf8ede40c65c9f27b1be145dc988911,2025-09-04 22:18:48.572277+00:00,en,rediff.com,rediff.com,2014-09-01,Modi's BJP is not invincible,http://www.rediff.com/news/column/modis-bjp-is-not-invincible/20140901.htm
90e6c717e7dd26e13bc9b8edd0f96703f959a16d767b205f85c4218fd7d82fe2,2025-09-04 20:40:06.202903+00:00,en,indianexpress.com,indianexpress.com,2014-09-03,View from the left: Bypoll losses,http://indianexpress.com/article/opinion/columns/view-from-the-left-bypoll-losses/
2d7341870dd91dba2eb90f39bc9c419b9e1aeb1f84bfea775a284130af3434ef,2025-09-04 15:44:50.728007+00:00,en,indiatimes.com,indiatimes.com,2014-09-11,BJP can't afford to be lax on inner-party corruption,http://economictimes.indiatimes.com/opinion/comments-analysis/bjp-cant-afford-to-be-lax-on-inner-party-corruption/articleshow/42210102.cms
4ca9ec38cc4a11bc27079712f59a9d77b48f6e5f98d553d38550a261863a1ea0,2025-09-04 13:59:48.618833+00:00,en,indianexpress.com,indianexpress.com,2014-09-14,Slippery ground of the secularism debate,http://indianexpress.com/article/opinion/columns/slippery-ground-of-the-secularism-debate/
8d0978605747c16d3d61f6c7d63e447f6f590748b1478a027cdf8fa2adc041aa,2025-09-04 13:57:41.655548+00:00,en,thehindu.com,thehindu.com,2014-09-15,When winning is not enough,http://www.thehindu.com/opinion/editorial/when-winning-is-not-enough/article6410185.ece?utm_source=RSS_Feed&utm_medium=RSS&utm_campaign=RSS_Syndication
5372e267742b169304a21ed065c884de4fe1c91cdd3afa6aba5e8635ae8741ce,2025-09-04 12:01:56.146925+00:00,en,indianexpress.com,indianexpress.com,2014-09-17,By converting Hindus to Hindutva,http://indianexpress.com/article/opinion/columns/by-converting-hindus-to-hindutva/
3fd0c05faa3323915766ac4cd38bf2e9f25a82f66f5823fb2d3f47e05fe585ee,2025-09-04 12:00:25.867328+00:00,en,indianexpress.com,indianexpress.com,2014-09-17,SP’s takeaway,http://indianexpress.com/article/opinion/editorials/sps-takeaway/
7c0964addcba4f0f8908c5ee5f5890ca95cb18396ae882b77b3b7a5f8b4df90a,2025-09-04 11:35:30.104328+00:00,en,indianexpress.com,indianexpress.com,2014-09-17,Wilting lotus,http://indianexpress.com/article/opinion/editorials/wilting-lotus/
e409a9f4f23d763304ae2b483f4e2af0a1808af2a2979abd6f58d56b4ea37fdb,2025-09-04 11:32:16.068367+00:00,en,indianexpress.com,indianexpress.com,2014-09-17,No more advantage BJP?,http://indianexpress.com/article/opinion/columns/no-more-advantage-bjp/
c70c62d454ab88328721ea02e5b00c52f311c70ba222e9582ea7762edb4c10ff,2025-09-04 11:32:16.057330+00:00,en,indianexpress.com,indianexpress.com,2014-09-17,Uttar Pradesh lesson,http://indianexpress.com/article/opinion/columns/u-turn-in-up/
eea14872022c52363354fcd63077abf6a62baab429cd10b3ec03f0bea4b97a7c,2025-09-04 11:27:21.095113+00:00,en,dnaindia.com,dnaindia.com,2014-09-17,Bypoll results: BJP's hate politics of love jihad yields no dividends,http://www.dnaindia.com/analysis/column-bypoll-results-bjp-s-hate-politics-of-love-jihad-yields-no-dividends-2019196
7611c16a1309b990a83a627a575d7d8d1eff35a969fd47758f82c07a0d22d8f9,2025-09-04 11:27:21.029383+00:00,en,dnaindia.com,dnaindia.com,2014-09-17,By-election results should be wake–up call to Narendra Modi,http://www.dnaindia.com/analysis/column-by-election-results-should-be-wake-up-call-to-narendra-modi-2019194
fbcd8e84a46ccb4e5081bcbaebfe2b1b2313ddcdeed25c9ab2bc2c2d130e71e3,2025-09-04 11:24:38.828476+00:00,en,thehindu.com,thehindu.com,2014-09-19,By-election results,http://www.thehindu.com/opinion/letters/byelection-results/article6424242.ece?utm_source=RSS_Feed&utm_medium=RSS&utm_campaign=RSS_Syndication
0893c399cdd1ba4cbcf1767e84aecf3f5a96722b302e6ce1281e837277664c68,2025-09-04 11:17:09.102332+00:00,en,dnaindia.com,dnaindia.com,2014-09-18,Raj Thackeray: A leader who showed a lot of promise but failed to deliver,http://www.dnaindia.com/analysis/standpoint-raj-thackeray-a-leader-who-showed-a-lot-of-promise-but-failed-to-deliver-2019720
758cccf5de1291b26a4fe92194c695f6945e258378b68e426511367410110436,2025-09-04 10:56:06.880228+00:00,en,dnaindia.com,dnaindia.com,2014-09-18,Does the BJP have to learn any lessons from the by-poll results?,http://www.dnaindia.com/analysis/standpoint-does-the-bjp-have-to-learn-any-lessons-from-the-by-poll-results-2019491
c00cd757f7a277b256bc22ad0fb112fe92b4e1787e1f551df3c57d4e04e24cf9,2025-09-04 10:55:43.342160+00:00,en,dnaindia.com,dnaindia.com,2014-09-18,Does the BJP have to learn any lessons from the bypoll results?,http://www.dnaindia.com/analysis/standpoint-does-the-bjp-have-to-learn-any-lessons-from-the-bypoll-results-2019491
3dda35371db7d5e9d7db48639727200b9862e4967446bf12ae13a63801ba5608,2025-09-04 10:53:18.600505+00:00,en,thehindu.com,thehindu.com,2014-09-18,Making sense of by-polls,http://www.thehindu.com/opinion/blogs/blog-datadelve/article6421782.ece?utm_source=RSS_Feed&utm_medium=RSS&utm_campaign=RSS_Syndication
fba44111dd728ad0c1f7c2b8b002aeea274afbff91680f37d3d0d057004d746b,2025-09-04 09:37:54.917542+00:00,en,indianexpress.com,indianexpress.com,2014-09-20,And the noes have it,http://indianexpress.com/article/opinion/editorials/and-the-noes-have-it/
80ae1ecba8d55f559c529fdd5ce5f410fb85c393524a393e47787d0661c21737,2025-09-04 05:07:04.265187+00:00,en,indianexpress.com,indianexpress.com,2014-09-28,The return of Indira,http://indianexpress.com/article/opinion/columns/the-return-of-indira/
a411610f5979762bfd815fdfc40582f56d5663f4e3322b758498f5a47f75d067,2025-09-04 04:18:03.591551+00:00,en,rediff.com,rediff.com,2014-09-29,The sharp decline of the MNS and Raj Thackeray,http://www.rediff.com/news/column/the-sharp-decline-of-the-mns-and-raj-thackeray/20140929.htm
3f364308a115a93ba228506dc3a3ee77c8d3861507acf9d98056d9ac1a67b03a,2025-09-04 03:21:22.604198+00:00,en,thehindu.com,thehindu.com,2014-10-02,"Legally weak, politically strong",http://www.thehindu.com/opinion/op-ed/jayalalithaa-verdict-aftermath-legally-weak-politically-strong/article6466501.ece?utm_source=RSS_Feed&utm_medium=RSS&utm_campaign=RSS_Syndication
752a83686c3c738bc578f8049fd0b4ed33c256611f9f21a4282ab1a2647d4603,2025-09-04 03:04:55.558145+00:00,en,rediff.com,rediff.com,2014-10-01,Affidavits on politicians' wealth must be challenged,http://www.rediff.com/news/column/affidavits-on-politicians-wealth-must-be-challenged/20141001.htm
914de07cc31618c9bafead5516017e79f3591d3ad4109c3585565f38df7820e2,2025-09-04 02:17:49.974134+00:00,en,thehindu.com,thehindu.com,2014-10-02,Is the internet pro-BJP?,http://www.thehindu.com/opinion/blogs/blog-datadelve/article6468108.ece?utm_source=RSS_Feed&utm_medium=RSS&utm_campaign=RSS_Syndication
3ec2a1f12312b75d1477d9c695c1db5f9215877aff36d0ce6cb66b48821ee8ec,2025-09-03 23:36:11.366012+00:00,en,dnaindia.com,dnaindia.com,2014-10-07,Dalit pull in Bihar politics,http://www.dnaindia.com/analysis/column-dalit-pull-in-bihar-politics-2023991
17e87196cff76ad8096184844b6fea51ee7db0169d48ab17f7207b0260e9c51f,2025-09-03 23:33:19.013361+00:00,en,indiatimes.com,indiatimes.com,2014-10-09,"Shiv Sena was desperate for an alliance and BJP was over-confident, says Raj Thackeray",http://economictimes.indiatimes.com/opinion/interviews/shiv-sena-was-desperate-for-an-alliance-and-bjp-was-over-confident-says-raj-thackeray/articleshow/44726582.cms
3313376698d967bd3382201e84da908d801cff0dae6df5ecd4f8bd66852e35c6,2025-09-03 21:30:59.691457+00:00,en,indianexpress.com,indianexpress.com,2014-10-11,Out of my mind: Elections forever,http://indianexpress.com/article/opinion/columns/out-of-my-mind-elections-forever/
b51bbbe11af53b1a456e7d8360a80fcfd7e221a1b303d27c440a0867b7dcf8c7,2025-09-03 20:58:38.646573+00:00,en,thehindu.com,thehindu.com,2014-10-13,Bold and alone in poll battle,http://www.thehindu.com/opinion/op-ed/bold-and-alone-in-poll-battle/article6493938.ece?utm_source=RSS_Feed&utm_medium=RSS&utm_campaign=RSS_Syndication
83b378fb23ed93c65cb57b5c294df57f1b8f45bf5a94c2aa70327b738be0b97a,2025-09-03 20:56:38.447171+00:00,en,thehindu.com,thehindu.com,2014-10-13,"Caste, clan and compromise",http://www.thehindu.com/opinion/editorial/caste-clan-and-compromise/article6493940.ece?utm_source=RSS_Feed&utm_medium=RSS&utm_campaign=RSS_Syndication
56cd64c6c5a57965c25afd7606e1bb744b63536359c7ba9e38d5014176492bca,2025-09-03 19:32:31.355522+00:00,en,rediff.com,rediff.com,2014-10-14,How Modi became the face of BJP in Maharashtra,http://www.rediff.com/news/column/how-modi-became-the-face-of-bjp-in-maharashtra/20141014.htm
a47011cdf5327598b6ed3db96b7df74f4d2a8671c2dfb7f83b15e5f7c2654175,2025-09-03 18:59:39.746132+00:00,en,indianexpress.com,indianexpress.com,2014-01-03,"One-tax idea presented before BJP top brass, opinions divided",http://archive.indianexpress.com/news/onetax-idea-presented-before-bjp-top-brass-opinions-divided/1214929/
9dfc7d39e6401c129ea6dcaa856526c5cfd7166c75af3fa3b66b60c035a9aad2,2025-09-03 18:58:46.246559+00:00,en,indianexpress.com,indianexpress.com,2012-02-25,Rudd emerges favourite in opinion polls before the showdown,http://archive.indianexpress.com/news/rudd-emerges-favourite-in-opinion-polls-before-the-showdown/916652/
5160169e2c53b34d373b14c3d115bc3ab1a92f82edf25e59105457c98e4f9f49,2025-09-03 18:44:47.834065+00:00,en,rediff.com,rediff.com,2014-10-15,Why my first ever vote was against the BJP,http://www.rediff.com/news/column/why-my-first-ever-vote-was-against-the-bjp-/20141015.htm
bb1b5787fda4c35210cc308bcd20af925d92655bc23488def3247cc83f80165a,2025-09-03 17:31:55.505661+00:00,en,dnaindia.com,dnaindia.com,2014-10-17,Bengali Muslims are with us: BJP,http://www.dnaindia.com/analysis/column-bengali-muslims-are-with-us-bjp-2026740
92cd878c2e448b5a779645a42e63756b2d41d258b989d63273f4e6908d6e41b5,2025-09-03 16:53:31.877283+00:00,en,dnaindia.com,dnaindia.com,2014-10-18,Why do Narendra Modi's supporters still become hysteric with every victory?,http://www.dnaindia.com/analysis/standpoint-5-months-after-victory-why-are-narendra-modi-s-supporters-still-hysteric-2027342
fc16e623967b05f1bee020d7600ef03eff042c5cfcabd432a70f57c070ad6547,2025-09-03 16:46:04.032471+00:00,en,dnaindia.com,dnaindia.com,2014-10-19,No clear majority for BJP in Maharashtra: Has the Narendra Modi wave lost steam?,http://www.dnaindia.com/analysis/standpoint-no-clear-majority-for-bjp-in-maharashtra-has-the-narendra-modi-wave-lost-steam-2027673
a2371556038e658f2507c2486166eb1a14cd44a59ea32ca57407edce7b2b0e00,2025-09-03 16:44:20.428602+00:00,en,rediff.com,rediff.com,2014-10-19,10 key takeways from the election results,http://www.rediff.com/news/column/maharashtra-poll-10-key-takeways-from-the-election-results/20141019.htm
e4a08123bc8d71324d34be28e445cd89cfd2e994bfd48e88b30d1c25a2a6b426,2025-09-03 16:08:21.478538+00:00,en,rediff.com,rediff.com,2014-10-20,How BJP won and what it means for politics,http://www.rediff.com/news/column/how-to-win-an-election--bjp-style/20141020.htm
0e781a9b184a214a625f087b1d50cabbb3d638bfe5e6893d7ce89a4d4f6358c4,2025-09-03 15:57:49.832042+00:00,en,indiatimes.com,indiatimes.com,2014-10-20,Maharashtra shows that tectonic shift to a single-party rule is yet to happen,http://economictimes.indiatimes.com/opinion/comments-analysis/maharashtra-shows-that-tectonic-shift-to-a-single-party-rule-is-yet-to-happen/articleshow/44882873.cms
ec7198873527ffed9f0183b5f0ebfa766f644576a6f72f29ae2a7677ee8ba438,2025-09-03 15:57:49.829296+00:00,en,indiatimes.com,indiatimes.com,2014-10-20,Challenge for BJP now is to address impossible expectations,http://economictimes.indiatimes.com/opinion/comments-analysis/challenge-for-bjp-now-is-to-address-impossible-expectations/articleshow/44882618.cms
479081ebe96ccf69cebed78fb6bf47c72324ff87030bfdcaede8129d9c840838,2025-09-03 14:49:56.136451+00:00,en,dnaindia.com,dnaindia.com,2014-10-22,No NOTA could've resulted in different winners: Analysis,http://www.dnaindia.com/mumbai/report-no-nota-could-ve-resulted-in-different-winners-analysis-2028198
b4f9615c23f54c843bf96f6a2e196c927eb241b09a3104e81b749b47cf3be636,2025-09-03 14:30:24.513602+00:00,en,rediff.com,rediff.com,2014-10-23,The mathematics of Maharashtra,http://www.rediff.com/news/column/the-mathematics-of-maharashtra/20141023.htm
9c224d733d16671008e1b002a5fdb5d6c7bfc9afa393ddadaf74c8b72d31d567,2025-09-03 11:44:35.557773+00:00,en,rediff.com,rediff.com,2014-10-30,Modi Magic won Maharashtra and Haryana? Naah!,http://www.rediff.com/news/column/modi-magic-won-maharashtra-and-haryana-naah/20141030.htm
dc7abb7b3a1a52bf4eb5ecea4d6964b61b6427ae87b2b320e0cf90417b2aaccd,2025-09-03 11:28:56.200068+00:00,en,indiatimes.com,indiatimes.com,2014-10-30,Poke Me: BJP mustn't play the 'Jammu card' in next month's J elections,http://economictimes.indiatimes.com/opinion/poke-me/poke-me-bjp-mustnt-play-the-jammu-card-in-next-months-jk-elections/articleshow/44981099.cms
ca30c7cf29945400854fb6d21ee00d6d965f5d21668187ab301bfb72ec1c7bb5,2025-09-03 06:44:59.385577+00:00,en,indianexpress.com,indianexpress.com,2014-11-09,A most wanted man,http://indianexpress.com/article/opinion/columns/a-most-wanted-man/
b928de7cfbc0401853caf434b9a236b9630d089bcf7b680649f39a69df648ba6,2025-09-03 06:41:59.787399+00:00,en,indianexpress.com,indianexpress.com,2014-11-09,Private party,http://indianexpress.com/article/opinion/editorials/private-party-2/
1e67306e66891777da0089657165ac7201feb130ee83825b4cec5d686b8f5851,2025-09-02 22:58:52.285384+00:00,en,rediff.com,rediff.com,2014-11-24,The name of the game is poll boycott,http://www.rediff.com/news/column/mohammad-sayeed-malik-the-name-of-the-game-is-poll-boycott/20141124.htm
bc7db1f5756f252f40756c8cdea58491c9e74e846251dcd99c54143ca404bcbc,2025-09-02 22:21:20.090794+00:00,en,rediff.com,rediff.com,2014-11-25,Going the extra mile for the national capital,http://www.rediff.com/news/column/going-the-extra-mile-for-the-national-capital/20141125.htm
47ec26283eb95d0f9edef97f3fd304981fcda5dfcf0cbb6a1a0e082927b8b9be,2025-09-02 21:00:48.510191+00:00,en,dnaindia.com,dnaindia.com,2014-11-28,Can Narendra Modi live up to expectations of India's young brigade?,http://www.dnaindia.com/analysis/standpoint-can-narendra-modi-live-up-to-expectations-of-india-s-young-brigade-2039300
7e6b7a2c25329602064b142cd73c40556d2c030c0173998e142f04d1661ca7d7,2025-09-02 18:04:42.009915+00:00,en,indianexpress.com,indianexpress.com,2014-12-03,View from the left: Agenda Unmasked,http://indianexpress.com/article/opinion/columns/view-from-the-left-agenda-unmasked/
b89b8a87d6b4ac8d9f1ae23873e4a9278a68d84a43aa6aec93152cac46c019e1,2025-09-02 16:02:20.896404+00:00,en,thehindu.com,thehindu.com,2014-05-22,A new phase of the polity,http://www.thehindu.com/opinion/op-ed/a-new-phase-of-the-polity/article6034184.ece
a8c3c8351628a2466dc22a024b6cb6cd7a40e3c75f8fbdabdbd2722985888e74,2025-09-02 09:54:22.678659+00:00,en,indianexpress.com,indianexpress.com,2014-12-20,Out of my mind: A better parliament for all,http://indianexpress.com/article/opinion/columns/out-of-my-mind-a-better-parliament-for-all/
e4d104cd89fe2f7af202f45e50f23226b857cfa42c81391fbc3a91d222cb0d8d,2025-09-02 07:45:07.882085+00:00,en,rediff.com,rediff.com,2014-12-24,"Ok, India's largely Congress-mukht, will Modi now run the country?",http://www.rediff.com/news/column/tvr-shenoy-ok-indias-largely-congress-mukht-will-modi-now-run-the-country/20141224.htm
d396c52adef2b4e51bed83ef2ad97287f0dc0ee58110bb49e7a29b392c806b89,2025-09-01 23:16:04.409401+00:00,en,thehindu.com,thehindu.com,2015-01-13,The Naxal challenge to electoral process,http://www.thehindu.com/opinion/lead/the-naxal-challenge-to-electoral-process/article6781589.ece?utm_source=RSS_Feed&utm_medium=RSS&utm_campaign=RSS_Syndication
e108384a94d9d38f8300e97079010ba6473e98923f1f86ad0685150856cbcd2a,2025-09-01 22:07:30.384892+00:00,en,indiatimes.com,indiatimes.com,2015-01-15,"We need reforms in political parties: Veeravalli Sundaram Sampath, Chief Election Commissioner of India",http://economictimes.indiatimes.com/opinion/interviews/we-need-reforms-in-political-parties-veeravalli-sundaram-sampath-chief-election-commissioner-of-india/articleshow/45892530.cms
12ef8363b060b907f308d7ae10cefd30146ed19ed9409a018f5c2abf177e4245,2025-09-01 19:23:59.094987+00:00,en,rediff.com,rediff.com,2015-01-19,The great Indian addiction,http://www.rediff.com/news/column/the-great-indian-addiction/20150119.htm
c26d71ed1541f1d4203ca4226fab52bedc5b600ddde2895d90e6dc90b9bbb618,2025-09-01 16:27:55.081371+00:00,en,indianexpress.com,indianexpress.com,2015-01-24,No Proof Required: Straw in the Delhi wind,http://indianexpress.com/article/opinion/columns/no-proof-required-straw-in-the-delhi-wind/
b7376b013cbb29b73c434fc8a1780a38ac17f5bb35ff7e65b6c82c366c1f1b41,2025-09-01 14:07:27.741656+00:00,en,indiatimes.com,indiatimes.com,2015-01-30,"I Doubt if Obama’s visit can be exploited in polls: HS Brahma, Chief Election Commissioner",http://economictimes.indiatimes.com/opinion/interviews/i-doubt-if-obamas-visit-can-be-exploited-in-polls-hs-brahma-chief-election-commissioner/articleshow/46060448.cms
d51696a2685e659a00fea2f403447756e6dd2fa262ade9eead0b8f3be8fdcd7c,2025-09-01 10:00:45.637994+00:00,en,rediff.com,rediff.com,2015-02-05,Kejriwal's principal publicity manager? The BJP itself!,http://www.rediff.com/news/column/delhi-polls-kejriwals-principal-publicity-manager-the-bjp-itself/20150205.htm
2eb28f365980123272c80b2a99f3123f5740cb4f5d9ced2bd1ef5ceee35c2adc,2025-09-01 08:26:57.951474+00:00,en,thehindu.com,thehindu.com,2015-02-10,On a political knife-edge,http://www.thehindu.com/opinion/op-ed/on-a-political-knifeedge/article6875319.ece?utm_source=RSS_Feed&utm_medium=RSS&utm_campaign=RSS_Syndication
af2b667e4f5f45b9c090982cba69983f4faeee94c26dfd9bbdd6bc0fd9a13b8e,2025-09-01 06:39:42.293165+00:00,en,indiatimes.com,indiatimes.com,2015-02-12,Poke Me: AAPturning Politics,http://economictimes.indiatimes.com/opinion/poke-me/poke-me-aapturning-politics/articleshow/46218789.cms
433d63daab2edf0222e5487fd35264e1a3add64e570b5ddcf850569b260aaaa2,2025-08-31 23:47:12.042234+00:00,en,thehindu.com,thehindu.com,2015-02-27,The AAP as part of a global phenomenon,http://www.thehindu.com/opinion/op-ed/the-aap-as-part-of-a-global-phenomenon/article6937734.ece?utm_source=RSS_Feed&utm_medium=RSS&utm_campaign=RSS_Syndication
d410cc3a22b99df4b0d4287247b696aca40645590ae1d011906da3c42c097d90,2025-08-31 22:55:58.349403+00:00,en,rediff.com,rediff.com,2015-02-27,"AAP can't confront Modi for 5, 10 years",http://www.rediff.com/news/column/aap-cant-confront-modi-for-5-10-years/20150227.htm
a7c1d1f046c266186150d3b9d3cdf53a5c647a4554632a29a105609f2ba13fa4,2025-08-31 21:01:17.155212+00:00,en,indianexpress.com,indianexpress.com,2015-03-05,A policy of spectre-mongering,http://indianexpress.com/article/opinion/columns/a-policy-of-spectre-mongering/
9d04a619612dfec6207557597f92db99b42f782cd31bf23d8b8dc25cc574763e,2025-08-31 15:34:47.774084+00:00,en,thehindu.com,thehindu.com,2015-03-16,"In Britain, immigrant and migrant votes matter",http://www.thehindu.com/opinion/op-ed/in-britain-immigrant-and-migrant-votes-matter/article6996278.ece?utm_source=RSS_Feed&utm_medium=RSS&utm_campaign=RSS_Syndication
dda8e30f2f8e7cab447a2a96e58fb1bee616975d5cf6f357a86b3b89bebcf187,2025-08-31 14:15:43.644177+00:00,en,rediff.com,rediff.com,2015-03-17,Why Amit Shah keeps an eye on Bengal,http://www.rediff.com/news/column/why-amit-shah-keeps-an-eye-on-bengal/20150317.htm
8a3b05cccd5849404c1d954ceaabebd69d7e4e99b77ae3aa75421b31141f7ffd,2025-08-31 14:12:25.724621+00:00,en,indiatimes.com,indiatimes.com,2015-03-19,People have high expectations and want change immediately: Shivraj Singh Chouhan,http://economictimes.indiatimes.com/opinion/interviews/people-have-high-expectations-and-want-change-immediately-shivraj-singh-chouhan/articleshow/46615923.cms
80a575568866cddd44777b0a2bafb89993a631d62399030267eadd1fda7e9df6,2025-08-31 00:48:37.410334+00:00,en,thehindu.com,thehindu.com,2015-04-14,Left parties unable to expand support base,http://www.thehindu.com/opinion/op-ed/left-parties-unable-to-expand-support-base/article7099211.ece?utm_source=RSS_Feed&utm_medium=RSS&utm_campaign=RSS_Syndication
dd730c140a73008a2b4aee132ea0521b23c1d191262cb1c46899e466f25dbd8b,2025-08-30 23:47:25.276433+00:00,en,dnaindia.com,dnaindia.com,2015-04-16,#dnaEdit: Takeaway from Bandra bypoll,http://www.dnaindia.com/analysis/editorial-dnaedit-takeaway-from-bandra-bypoll-2077791
d36a317a4534f9fee9250eb642ceda7026e778b271c9f6eb0ce77fda4a2bd43c,2025-08-30 14:21:34.933702+00:00,en,indianexpress.com,indianexpress.com,2015-05-04,Rear View: Year of Atal and Sonia,http://indianexpress.com/article/opinion/columns/year-of-atal-and-sonia/
1f4bdccdf0f59e302e0d487f5f52c20f21aefe879116405a65564460b419c578,2025-08-30 10:23:53.271999+00:00,en,indianexpress.com,indianexpress.com,2015-05-12,Britain’s electoral plumbing,http://indianexpress.com/article/opinion/columns/britains-electoral-plumbing/
fbd7808f6fad2892237f2277630bf6495b1a891a694a6d170ae4124fbd425684,2025-08-30 07:11:19.475401+00:00,en,indianexpress.com,indianexpress.com,2015-05-18,Why Miliband lost,http://indianexpress.com/article/opinion/columns/why-miliband-lost/
f8c04b21a11fad5861e6bd7a2adaf723794bff7030d390925fc678ee6d0277a8,2025-08-30 06:50:08.959898+00:00,en,thehindu.com,thehindu.com,2015-05-19,Electoral wins or religious peace?,http://www.thehindu.com/opinion/op-ed/electoral-wins-or-religious-peace/article7220396.ece?utm_source=RSS_Feed&utm_medium=RSS&utm_campaign=RSS_Syndication
da6a15a61a26239ff1f61d9f5812a1142b99adb7c144eadc6d35ef18a75bb249,2025-08-30 06:30:04.221268+00:00,en,rediff.com,rediff.com,2015-05-18,Rahul as PM in 2019? Why ever not!,http://www.rediff.com/news/column/rahul-as-pm-in-2019-why-ever-not/20150518.htm
78e3f1467de1c1de9bbfd607a6bb4486c2070ee76d9b20c5cc1d6e41291e6381,2025-08-30 05:38:59.564409+00:00,en,thehindu.com,thehindu.com,2015-05-21,The strategy behind the inaction,http://www.thehindu.com/opinion/op-ed/the-strategy-behind-the-inaction/article7228109.ece?utm_source=RSS_Feed&utm_medium=RSS&utm_campaign=RSS_Syndication
dbb200e2750b798bf7a0b8139953ecc7f129509f8888d23fdc7e66d82d84ce3c,2025-08-30 04:30:19.951663+00:00,en,thehindu.com,thehindu.com,2015-05-23,"Electorally, it’s still status quo",http://www.thehindu.com/opinion/op-ed/electorally-its-still-status-quo/article7236275.ece?utm_source=RSS_Feed&utm_medium=RSS&utm_campaign=RSS_Syndication
c99bf91d5578b8e24a42f94c848096299e1284096ec5689c631555b732c1fd32,2025-08-29 22:38:35.179718+00:00,en,rediff.com,rediff.com,2015-06-02,Why PM's Bangladesh visit couldn't be better-timed,http://www.rediff.com/news/column/why-pms-bangladesh-visit-couldnt-be-better-timed/20150602.htm
b5f45cbe11ffc37f83a81eee594d786d5dcbf93aa4816fcbb50fb264e337c9fd,2025-08-29 22:33:34.184985+00:00,en,dnaindia.com,dnaindia.com,2015-06-04,Turkey's uncertain future,http://www.dnaindia.com/analysis/column-turkey-s-uncertain-future-2092087
c1e4b27ac7f69af3f0993d092e7fed0ce182219ec8e587148342cd476be825c0,2025-08-29 21:17:28.096367+00:00,en,thehindu.com,thehindu.com,2015-06-06,The membership mantra,http://www.thehindu.com/opinion/op-ed/the-membership-mantra/article7286755.ece?utm_source=RSS_Feed&utm_medium=RSS&utm_campaign=RSS_Syndication
662580da6d347bcd7dac9d605a5588b62d492b2822668b2326f790fff86ddd80,2025-08-29 18:19:15.353140+00:00,en,indiatimes.com,indiatimes.com,2015-06-12,Nitish Kumar trying to claim the space of good governance a joke for Bihar people: Ravi Shankar Prasad,http://economictimes.indiatimes.com/opinion/interviews/nitish-kumar-trying-to-claim-the-space-of-good-governance-a-joke-for-bihar-people-ravi-shankar-prasad/articleshow/47635710.cms
bf1a139a5bcbab4353cc03ae67ccc78f8b581e09e97ec4f5fd16209b98446cf3,2025-08-29 17:38:37.862631+00:00,en,thehindu.com,thehindu.com,2015-06-13,The Dalit moment of truth,http://www.thehindu.com/opinion/op-ed/the-dalit-moment-of-truth/article7310189.ece?utm_source=RSS_Feed&utm_medium=RSS&utm_campaign=RSS_Syndication
c62c04998fcb032bee67250708170ef77daa933a9aca4494f53a37f15e393e6a,2025-08-29 15:58:13.286496+00:00,en,rediff.com,rediff.com,2015-06-15,"Congress' loss, BJP's gain",http://www.rediff.com/news/column/giridhar-gamang---congress-loss-bjps-gain/20150615.htm
5935dd89547be147514fb3db35252ea763f44e46d74f82b3ea520a9cbaa4dc66,2025-08-29 10:27:11.810028+00:00,en,thehindu.com,thehindu.com,2015-06-27,A fight outside the caste silos,http://www.thehindu.com/opinion/op-ed/a-fight-outside-the-caste-silos/article7358628.ece?utm_source=RSS_Feed&utm_medium=RSS&utm_campaign=RSS_Syndication
c05a10eeb62e743c2d16c6c3f104537530bdc26fcacca67e68a9cfec145ecdb9,2025-08-29 07:58:13.538919+00:00,en,thehindu.com,thehindu.com,2015-07-02,2015 by-elections results: outcomes with a pattern,http://www.thehindu.com/opinion/editorial/2015-byelections-results-outcomes-with-a-pattern/article7375460.ece?utm_source=RSS_Feed&utm_medium=RSS&utm_campaign=RSS_Syndication
89e19f650273f54f3df345641e1e61423b2dc753086d0fea5a195e8ee05dc507,2025-08-29 07:35:13.577352+00:00,en,rediff.com,rediff.com,2015-07-01,Is India forever condemned to live with corruption?,http://www.rediff.com/news/column/is-india-forever-condemned-to-live-with-corruption/20150701.htm
c7f58be6d2b1caa460bbb5449f745276b75299d33cf709f8f9f860f82f0ad2c6,2025-08-29 07:02:16.999780+00:00,en,indianexpress.com,indianexpress.com,2015-07-02,It doesn’t add up,http://indianexpress.com/article/opinion/editorials/it-doesnt-add-up/
ef05bb98165aecb59e7f1cbd6aca423442daf4bf16941dbf05b57f1f517b844a,2025-08-29 00:26:19.702788+00:00,en,indianexpress.com,indianexpress.com,2015-07-17,There’s a method to Nitish’s madness,http://indianexpress.com/article/opinion/columns/theres-a-method-to-nitishs-madness/
f9acdc119da521d2f95075c089e61574da2538b3e4f8787f2f583de757563d18,2025-08-28 22:12:16.009445+00:00,en,dnaindia.com,dnaindia.com,2015-07-22,Can Nitish Kumar do a Kejriwal to BJP in Bihar ?,http://www.dnaindia.com/analysis/column-can-nitish-kumar-do-a-kejriwal-to-bjp-in-bihar-2106788
994f97bc453a774371ef8523e7fef75f0a6d4b5b9c907a7daedcf2168b555223,2025-08-28 21:28:36.264369+00:00,en,thehindu.com,thehindu.com,2015-07-23,An opinion on polls,http://www.thehindu.com/opinion/op-ed/opinion-polls-and-the-bihar-elections/article7452746.ece?utm_source=RSS_Feed&utm_medium=RSS&utm_campaign=RSS_Syndication
db23e413c759a73917dacd755cecfbae6a342763b98f0bd241e890c6bd83660a,2025-08-28 13:19:30.539893+00:00,en,dnaindia.com,dnaindia.com,2015-08-06,Decoded: Nitish Kumar’s open letter to Modi,http://www.dnaindia.com/analysis/comment-decoded-nitish-kumar-s-open-letter-to-modi-2111525
d6241f205697774065df6c6ab5bb6d03e074ab0a1761522982f814ac5bbc983f,2025-08-28 10:05:31.784959+00:00,en,dnaindia.com,dnaindia.com,2015-08-14,"Can JD(U), RJD and Congress alliance sway the masses in Bihar?",http://www.dnaindia.com/analysis/editorial-can-jdu-rjd-and-congress-alliance-sway-the-masses-in-bihar-2114115
c379d794833b82cfc39791c6593365b572dd774b959fce524a7ca0c8114e7591,2025-08-27 19:21:30.732732+00:00,en,thehindu.com,thehindu.com,2015-09-11,Going with the wind,http://www.thehindu.com/opinion/op-ed/on-the-influence-of-hawa-in-voting/article7637950.ece?utm_source=RSS_Feed&utm_medium=RSS&utm_campaign=RSS_Syndication
b60def94751d8ad84e184dc58638440e8b0eff260ee04cc9ef00ac51f1ec778e,2025-08-27 15:51:27.203299+00:00,en,thehindu.com,thehindu.com,2015-09-17,Predictions that never come true,http://www.thehindu.com/opinion/op-ed/predictions-that-never-come-true/article7659933.ece?utm_source=RSS_Feed&utm_medium=RSS&utm_campaign=RSS_Syndication
013b6428b975965a562e11ad63bac715eab08e424e1cea428e3f6a422ef524b1,2025-08-27 11:20:15.340030+00:00,en,dnaindia.com,dnaindia.com,2015-09-25,Owaisi’s unreal project,http://www.dnaindia.com/analysis/column-owaisi-s-unreal-project-2128481
c0fd0484148e49a631da0094df493bdc1a479c22086518cdac94bcb34b294c44,2025-08-27 07:27:07.642570+00:00,en,thehindu.com,thehindu.com,2015-10-02,EC and the Aadhaar,http://www.thehindu.com/opinion/letters/ec-and-the-aadhaar/article7713535.ece?utm_source=RSS_Feed&utm_medium=RSS&utm_campaign=RSS_Syndication
01339333228ca85b92d0b95367ba2972533db6d2b179d48507e79c84b7abd8f6,2025-08-27 00:37:17.729995+00:00,en,rediff.com,rediff.com,2015-10-13,Raking up beef issue will hurt the BJP,http://www.rediff.com/news/column/raking-up-beef-issue-will-hurt-the-bjp/20151013.htm
57c9b587de440494034a82a8c35a3400d82ed68bd75773d23b0c954d09f4d413,2025-08-26 18:03:22.066113+00:00,en,rediff.com,rediff.com,2015-10-23,Is the BJP losing the Bihar elections?,http://www.rediff.com/news/column/is-the-bjp-losing-the-bihar-elections/20151023.htm
135ac49aa9808b642011409b4695073bb341517ef2991667c487f092cf3316ad,2025-08-26 12:51:46.824985+00:00,en,indiatimes.com,indiatimes.com,2015-11-03,"I doubt if BJP men are listening to PM Narendra Modi: M Karunanidhi, DMK chief",http://economictimes.indiatimes.com/opinion/interviews/i-doubt-if-bjp-men-are-listening-to-pm-narendra-modi-m-karunanidhi-dmk-chief/articleshow/49636899.cms
c4a445120f6bf6cebff7f439b83500230735a6939fc68163727746d0a92d5cbc,2025-08-26 10:52:59.073787+00:00,en,thehindu.com,thehindu.com,2015-11-06,Battle for the idea of Bihar,http://www.thehindu.com/opinion/op-ed/battle-for-the-idea-of-bihar/article7846997.ece?utm_source=RSS_Feed&utm_medium=RSS&utm_campaign=RSS_Syndication
980c6e387826038186b990ef71661688f57020b61d730d00b3f3d071a0da8534,2025-08-26 08:47:31.905393+00:00,en,thehindu.com,thehindu.com,2015-11-10,Magnificent election in Myanmar,http://www.thehindu.com/opinion/editorial/magnificent-election-in-myanmar/article7862353.ece?utm_source=RSS_Feed&utm_medium=RSS&utm_campaign=RSS_Syndication
6af6a191388df84d1aa4eb2e8d521022a9b49fff5275701861b8d225f4458286,2025-08-26 08:28:53.394928+00:00,en,rediff.com,rediff.com,2015-11-09,Bihar saves India again,http://www.rediff.com/news/column/bihar-saves-india-again/20151109.htm
3fb88e84d60949104de9da4f6df1c4fd21886a2898bc26f497ea57012d782864,2025-08-26 06:55:40.897990+00:00,en,thehindu.com,thehindu.com,2015-11-13,"Grand alliance, grander returns",http://www.thehindu.com/opinion/op-ed/grand-alliance-grander-returns/article7869914.ece?utm_source=RSS_Feed&utm_medium=RSS&utm_campaign=RSS_Syndication
42d3b06da51975234336d916784af48027cd72598d38922d3771fac471ac101a,2025-08-26 06:16:37.454944+00:00,en,indianexpress.com,indianexpress.com,2015-11-14,No Proof Required – Bihar: what happened and why,http://indianexpress.com/article/opinion/columns/no-proof-required-bihar-what-happened-and-why/
00e12815196a360c0fd47ff13cc9d9920d887518e6b7bb1d36b9c1411c6c46b0,2025-08-26 05:57:01.508911+00:00,en,indianexpress.com,indianexpress.com,2015-09-15,Notes from Singapore,http://indianexpress.com/article/opinion/editorials/notes-from-singapore/
2958c20f11cc24baa027cedeb0ee45b0ec5973cad1b73c5109e6dc52bb2b996a,2025-08-26 05:56:52.789697+00:00,en,indianexpress.com,indianexpress.com,2015-11-05,No Proof Required: Spot the difference between Delhi and Bihar elections,http://indianexpress.com/article/opinion/columns/no-proof-required-delhi-and-bihar-elections-spot-the-difference/
6cd89245d7c09ba77ddfae8a63a4a3b6a326bea6a185084f9a8abe4d3fe6d6ae,2025-08-26 04:57:59.285749+00:00,en,rediff.com,rediff.com,2015-11-16,Pulping the Modi script on Muslims,http://www.rediff.com/news/column/pulping-the-modi-script-on-muslims/20151116.htm
2bd79b8d050c19db81275547291a22f24b639cb2a5b73a582e0e120906c22b4f,2025-08-26 03:57:01.267650+00:00,en,indianexpress.com,indianexpress.com,2015-11-18,"Rear View: At the ballot, all too often",http://indianexpress.com/article/opinion/columns/rear-view-at-the-ballot-all-too-often/
3fb67e163866b23f8f18bbd08ead7c38b023ecfd4859359dcc14eb175e38bed2,2025-08-26 00:29:49.509662+00:00,en,thehindu.com,thehindu.com,2015-11-24,"Dateline Gandhinagar: Now, the BJP's Gujarat test",http://www.thehindu.com/opinion/columns/dateline-gandhinagar-now-the-bjps-gujarat-test/article7909204.ece?utm_source=RSS_Feed&utm_medium=RSS&utm_campaign=RSS_Syndication
e17388018f59a052da1e3640fb756593e6a34d7262ae1844694f0b14772d5ce7,2025-08-25 18:33:06.079827+00:00,en,thehindu.com,thehindu.com,2015-12-04,"After Bihar, politics seeks a new normal",http://www.thehindu.com/opinion/op-ed/after-bihar-politics-seeks-a-new-normal/article7945683.ece?utm_source=RSS_Feed&utm_medium=RSS&utm_campaign=RSS_Syndication
f0dfb2d6a2af2940db080ebd881a959da1bd5307f224a2f51ae594d6c5241041,2025-08-25 07:28:33.910613+00:00,en,dnaindia.com,dnaindia.com,2015-12-25,Assam Elections 2016: Can Sonowal and Sarma be the game-changer for BJP?,http://www.dnaindia.com/analysis/comment-assam-elections-2016-can-sonowal-and-sarma-be-the-game-changer-for-bjp-2159345
7c711c5cf296eed42cbb2eb4a3cb6daae1fc2ca27585ee8b8a5dba515e82e2e9,2025-08-25 01:58:46.120545+00:00,en,hindustantimes.com,hindustantimes.com,2016-10-14,Donald Trump goes from predictable defeat to possible debacle,http://www.hindustantimes.com/columns/donald-trump-goes-from-predictable-defeat-to-possible-debacle/story-hTv3s5aCa66Oc1dJB2XzxO.html
51b3a57c1ebb51a04289f0a2c4e3331e48b0edc0c57fb5e074d4ef23ce02b185,2025-08-24 21:37:43.713328+00:00,en,thehindu.com,thehindu.com,2016-01-06,The state in the States,http://www.thehindu.com/opinion/op-ed/the-state-in-the-states/article8069400.ece?utm_source=RSS_Feed&utm_medium=RSS&utm_campaign=RSS_Syndication
5d502e4c63c44bc08be72fbcb17858266b21c24fa9d713d4c7b0747b3c9de45a,2025-08-24 17:38:21.020646+00:00,en,thehindu.com,thehindu.com,2016-01-14,There is a rumble in the rubble,http://www.thehindu.com/opinion/op-ed/there-is-a-rumble-in-the-rubble/article8102895.ece?utm_source=RSS_Feed&utm_medium=RSS&utm_campaign=RSS_Syndication
d42da4be2ccd4bc2c3482485ca8c6623faa2b7fbd9b58ec5e1611542051d9f31,2025-08-24 13:50:42.325228+00:00,en,dnaindia.com,dnaindia.com,2016-01-20,"Lessons BJP must learn in 2016: Think Ramayana, not Ram Temple!",http://www.dnaindia.com/analysis/column-think-ramayana-not-ram-temple-2168126
ae043df014b104a2655661eed4f8d5330a37be6520c19cd370249977b6fc7142,2025-08-24 11:08:43.068669+00:00,en,thehindu.com,thehindu.com,2016-01-27,Allying with the adversary,http://www.thehindu.com/opinion/lead/state-of-inccongress-allying-with-the-adversary/article8155047.ece?utm_source=RSS_Feed&utm_medium=RSS&utm_campaign=RSS_Syndication
7c63756d93968a239b6fc1029e6e1dcfa11bd08d26bc58519ca4815533963882,2025-08-24 09:58:04.529463+00:00,en,dnaindia.com,dnaindia.com,2016-01-28,Modi's campaign speech in Assam displayed ignorance about ground realities,http://www.dnaindia.com/analysis/column-modi-s-campaign-speech-in-assam-displayed-ignorance-about-ground-realities-2170930
c33c2892a408b4c248053a0237531d9931f3e3f2ddf557d700caf4d7c88742cb,2025-08-23 23:11:25.808046+00:00,en,indianexpress.com,indianexpress.com,2016-02-19,Identity trap in Assam,http://indianexpress.com/article/opinion/editorials/assam-poll-identity-trap-in-assam/
c3fda5862215dafde1ee18301946d2494bcaa6bb79c4ae99b5403263fa028be7,2025-08-23 22:49:09.572156+00:00,en,cnn.com,cnn.com,2016-02-18,Cruz comes out on top of town hall (Opinion),http://rss.cnn.com/c/35492/f/676954/s/4daba693/sc/7/l/0L0Scnn0N0C20A160C0A20C180Copinions0Cgop0Esouth0Ecarolina0Etown0Ehall0Ereyes0Cindex0Bhtml0Deref0Frss0Ilatest/story01.htm
30f162627fa27e7742a6cf35c54354148544798abcf5d0f79fc495af822e5bab,2025-08-23 18:56:25.984143+00:00,en,thehindu.com,thehindu.com,2016-02-27,West Bengal Assembly Polls: Could it take two to tango with Mamata,http://www.thehindu.com/opinion/op-ed/west-bengal-assembly-polls-could-it-take-two-to-tango-with-mamata/article8286172.ece?utm_source=RSS_Feed&utm_medium=RSS&utm_campaign=RSS_Syndication
450dea60efcd994c20347e1bf12180cb41ca5d3e54e54bcce22d2f1b05aa49bd,2025-08-23 16:43:32.063190+00:00,en,rediff.com,rediff.com,2016-03-01,"Budget, first step aimed at next year's UP battle",http://www.rediff.com/news/column/budget-first-step-aimed-at-next-years-up-battle/20160301.htm
af31f385d39a6a17cd59369e9940e2749818a71b6f5e9c4cc4a4125819e4d662,2025-08-23 15:06:55.675752+00:00,en,thehindu.com,thehindu.com,2016-03-05,High stakes in the Assembly polls,http://www.thehindu.com/opinion/editorial/high-stakes-in-the-assembly-polls/article8314756.ece?utm_source=RSS_Feed&utm_medium=RSS&utm_campaign=RSS_Syndication
9ab3e4e48e0ca1830dc9e1a17f3b8bfb23bb43ce8f59c9fe3e420fbb9b8c5ee2,2025-08-23 13:44:19.711434+00:00,en,indianexpress.com,indianexpress.com,2016-03-08,A little bit of will,http://indianexpress.com/article/opinion/columns/a-little-bit-of-will/
488f276f37a7d5630dd9c135e75942b881045dd9f0669d6633453b487afe3656,2025-08-23 11:44:37.135386+00:00,en,dnaindia.com,dnaindia.com,2016-03-10,Intractable illegal immigration,http://www.dnaindia.com/analysis/column-intractable-illegal-immigration-2187357
5138ab8b6bd402a3a17f9ec83b234c700b673072e620484d235f41b658379b09,2025-08-23 07:42:00.871060+00:00,en,dnaindia.com,dnaindia.com,2016-03-17,New whine in old battles,http://www.dnaindia.com/analysis/column-new-whine-in-old-battles-2190144
b4b3d8b0c2ec104ec88268acc037514731ce4e9f5eb530d2b184a206e646f136,2025-08-23 04:25:51.041150+00:00,en,india.com,india.com,2016-03-25,"Assam Assembly Elections 2016 opinion poll: Congress to win 40 seats, BJP-AGP lag behind, AIUDF will be the kingmaker!",http://www.india.com/news/india/assam-assembly-elections-2016-opinion-poll-congress-to-win-40-seats-bjp-agp-lag-behind-aiudf-will-be-the-kingmaker-1056601/
ceaf70616887685484df8d5c9cbdba41efe0ff9aa8e7c69ba71b65a952e5c080,2025-08-23 02:43:38.699768+00:00,en,indiatimes.com,indiatimes.com,2016-03-29,Both DMK and AIADMK are corrupt; Tamils yearning for a leader like Narendra Modi: Prakash Javadekar,http://economictimes.indiatimes.com/opinion/interviews/both-dmk-and-aiadmk-are-corrupt-tamils-yearning-for-a-leader-like-narendra-modi-prakash-javadekar/articleshow/51591908.cms
edd7edd9dd40a500a71086389aaa0e7129ce4a510a2f79e76c419be18d917260,2025-08-23 02:38:32.037927+00:00,en,indiatimes.com,indiatimes.com,2016-03-29,Tamil Nadu has seen different kind of governance under Prime Minister Narendra Modi: Prakash Javadekar,http://economictimes.indiatimes.com/opinion/interviews/tamil-nadu-has-seen-different-kind-of-governance-under-prime-minister-narendra-modi-prakash-javadekar/articleshow/51591908.cms
ab41af2b4b8430bd31d75e95f64fb725c6111d8b48e5518d677d726e589d46b7,2025-08-23 01:29:01.461724+00:00,en,indianexpress.com,indianexpress.com,2016-03-31,Another Word For Fear,http://indianexpress.com/article/opinion/columns/another-word-for-fear-jungle-raj-bjp-rohith-vemula-jnu-sedition-kanhaiya-kumar-nationalism-rss-beef-ban/
01657e801ccc88c4117b250b92c220bbaeeec7d9d33e926bce04469d0f275fa3,2025-08-22 18:01:39.770508+00:00,en,indianexpress.com,indianexpress.com,2016-04-11,Their separate ways,http://indianexpress.com/article/opinion/columns/narendra-modi-all-elections-simultaneously-state-assembly-elections-lok-sabha-election/
047454965ddf8b1c8fccd8cbb7c556446d96efdfaf1c8d1a2224ea4f2020d157,2025-08-22 12:53:37.299435+00:00,en,indianexpress.com,indianexpress.com,2015-07-17,"Ahead of Bihar elections, Nitish Kumar understands growing importance of women voters",http://indianexpress.com/article/opinion/columns/theres-a-method-to-nitishs-madness/2/
55c37586313128505724cf3ee422227ad39cb6749fbef212c55caf17df5483b8,2025-08-22 09:53:24.642662+00:00,en,indiatimes.com,indiatimes.com,2016-01-15,"Who will form govt, be PM? A swot analysis",http://timesofindia.indiatimes.com/india/Who-will-form-govt-be-PM-A-swot-analysis/articleshow/31520909.cms
29115553d30fa919e9c96999f0659e7b2c31102b40c3a8a8c9411501a0b9326f,2025-08-22 09:43:08.470212+00:00,en,india.com,india.com,2013-10-30,"Dikshit trashes opinion polls, says AAP has no standing",http://zeenews.india.com/news/delhi/dikshit-trashes-opinion-polls-says-aap-has-no-standing_887055.html
062339bbe7f7c2551f179b220e65a2e3397dff064140edc317c14bd04e9f888f,2025-08-22 09:42:12.514601+00:00,en,india.com,india.com,2014-01-30,We will seek public opinion over support to AAP: Kapil Sibal,http://zeenews.india.com/news/delhi/we-will-seek-public-opinion-over-support-to-aap-kapil-sibal_907960.html
0418be87a97d667b533effd2af0b840e45522923ff9428dc0bae0d273881a26b,2025-08-22 09:39:48.867823+00:00,en,india.com,india.com,2014-08-23,Election now will fetch BJP more seats: Opinion poll,http://zeenews.india.com/news/delhi/election-now-will-fetch-bjp-more-seats-opinion-poll_956812.html
9c21e0607b8fb9a09e083368c17f913d3c8eb545037f98bb6ce4b41e2b7d981a,2025-08-22 09:29:33.080558+00:00,en,india.com,india.com,2015-06-01,Danish PM`s bloc leading opinion poll ahead of June vote,http://zeenews.india.com/news/world/danish-pms-bloc-leading-opinion-poll-ahead-of-june-vote_1605512.html
c88f93acfb6f1e612282e7296c834fd82806db3cf63d085add429efcf9f3f3b6,2025-08-22 09:29:28.568415+00:00,en,india.com,india.com,2015-06-08,Polish rock star leads opinion poll ahead of general vote,http://zeenews.india.com/news/world/polish-rock-star-leads-opinion-poll-ahead-of-general-vote_1609691.html
8fddcf7ca6b95cd2cb5acc4ffd6361c1f0e410f1999c5ef1e48d6161a7dc487c,2025-08-22 09:29:02.830983+00:00,en,india.com,india.com,2015-08-05,Spain's ruling conservatives extend opinion poll lead,http://zeenews.india.com/news/world/spains-ruling-conservatives-extend-opinion-poll-lead_1642372.html
b4376a01a3649faae10523288a7f6655ea1a45927866cabc258ab80399a61012,2025-08-22 09:27:38.876231+00:00,en,india.com,india.com,2013-11-07,EC proposal on opinion polls against fundamental right: BJP,http://zeenews.india.com/news/nation/ec-proposal-on-opinion-polls-against-fundamental-right-bjp_888507.html
54d4fe7638d463188bf25a03eb606e7dfc7fcc2423e1ef90eabe279868fc6549,2025-08-22 09:27:37.560739+00:00,en,india.com,india.com,2013-11-05,Opinion poll `mockery` of democracy: JD(U),http://zeenews.india.com/news/nation/opinion-poll-mockery-of-democracy-jd-u_888051.html
0f444fefb55800fa6281ee8da34aeffffab67be6ed181c9601a01a0709d7eed4,2025-08-22 09:27:08.526298+00:00,en,india.com,india.com,2014-01-26,Narendra Modi way ahead in PM race: Opinion Poll,http://zeenews.india.com/news/nation/narendra-modi-way-ahead-in-pm-race-opinion-poll_906898.html
ca04150443b2762afc4ce6b3f3d0496432a720f25496d67012aa3f4c44c0e62a,2025-08-22 09:27:03.305920+00:00,en,india.com,india.com,2014-01-24,"Congress, JD(U) trash opinions polls predicting BJP surge",http://zeenews.india.com/news/nation/congress-jd-u-trash-opinions-polls-predicting-bjp-surge_906554.html
50c684bd41fed566a5d88d6bc4a5c7d1b179cc9e4aaacd28433e8683842fe8fa,2025-08-22 09:27:02.723954+00:00,en,india.com,india.com,2014-01-24,Nitish discards opinion polls as `PR campaign` to boost TRP,http://zeenews.india.com/news/nation/nitish-discards-opinion-polls-as-pr-campaign-to-boost-trp_906566.html
ddbd22b62aa16c0fcf50e556eb9c414dbcd56555e0682e371aa70dd0761db84c,2025-08-22 09:26:40.590488+00:00,en,india.com,india.com,2014-04-04,BJP emerges as favourite in second edition of Zee-TALEEM Opinion Poll,http://zeenews.india.com/news/general-elections-2014/bjp-emerges-as-favourite-in-second-edition-of-zee-taleem-opinion-poll_922195.html
76fadb3371e31c3b721c7c2c96955142c7124138a46a9cb1b4461853c5dfa818,2025-08-22 09:26:35.862684+00:00,en,india.com,india.com,2014-04-14,Elections 2014: Opinion poll says NDA will win majority with 275 seats,http://zeenews.india.com/news/general-elections-2014/nda-set-to-get-majority-with-275-seats-claims-opinion-poll_924504.html
f5a82fc75d0fb12ab8b3678d8c488e863229eaaabbedf48488b0a4154c9734db,2025-08-22 09:26:35.709843+00:00,en,india.com,india.com,2014-04-14,Elections 2014: Opinion poll says NDA will win majority with 275 seats,http://zeenews.india.com/news/general-elections-2014/opinion-poll-says-nda-will-majority-with-275-seats_924504.html
22bb1263e93611aadd85cde5ebfefa5581b7157d336845b0cae62ff2cd754ac9,2025-08-22 09:26:35.230929+00:00,en,india.com,india.com,2014-04-14,Elections 2014: Opinion poll says NDA will win majority with 275 seats,http://zeenews.india.com/news/general-elections-2014/elections-2014-opinion-poll-says-nda-will-win-majority-with-275-seats_924504.html
7603af2e30d07dcb0062975440afd2a60868dc6b6cad86fda482e80a93dbce06,2025-08-22 08:09:33.821540+00:00,en,rediff.com,rediff.com,2016-04-26,A do-or-die battle in Bengal,http://www.rediff.com/news/column/a-do-or-die-battle-in-bengal/20160426.htm
3002b32e007f888a8cedc8ec76ce07501becd22aa24cea093b2809fc5bcf7b30,2025-08-22 05:46:44.886753+00:00,en,firstpost.com,firstpost.com,2014-01-10,Election Commission drops plan to partner Google after spying fears,http://tech.firstpost.com/news-analysis/indias-election-regulator-drops-plan-partner-google-spying-fears-208239.html
41b81b3b878ba45d3f391a99e17260b090d1e4b865955af755ab1d198a75b03c,2025-08-22 05:46:44.852896+00:00,en,firstpost.com,firstpost.com,2014-01-10,Google-EC tie up: Were privacy concerns overblown?,http://tech.firstpost.com/news-analysis/google-ec-tie-up-were-privacy-concerns-overblown-208257.html
e2217d8007d55db92e367ee1bdec5f89eef4738dfbc9cf675a8e531d540fc3ec,2025-08-22 05:46:34.588239+00:00,en,firstpost.com,firstpost.com,2014-03-31,Facebook cracking down on fake 'Likes' as Lok Sabha polls draw closer – Tech2,http://tech.firstpost.com/news-analysis/facebook-cracking-fake-likes-lok-sabha-polls-draw-closer-220776.html
8e5bf0bf436680022a1680b0c464c34135987de2aeab5f29a751638924d10740,2025-08-22 05:46:29.720161+00:00,en,firstpost.com,firstpost.com,2014-04-09,Facebook launches 'I'm a Voter' button and election day reminders for Indian users – Tech2,http://tech.firstpost.com/news-analysis/facebook-launches-im-voter-button-election-day-reminders-indian-users-221447.html
2865236c1606fb7fdfab5063f230b7e515c7ad4a41b458661b84ef2ab87da2ca,2025-08-22 05:46:25.740967+00:00,en,firstpost.com,firstpost.com,2014-05-16,Stay on top of the 2014 Lok Sabha election results with these online tools and apps,http://tech.firstpost.com/news-analysis/stay-on-top-of-the-2014-lok-sabha-election-results-with-these-online-tools-and-apps-223846.html
3705adbed1ef8ad86f219d2f928e4a81d8af1f2d49310acf61f3a059b586dadc,2025-08-22 05:46:16.209157+00:00,en,firstpost.com,firstpost.com,2014-07-30,India's app downloads to hit 9 billion by 2015: Study – Tech2,http://tech.firstpost.com/news-analysis/indias-app-downloads-to-hit-9-billion-by-2015-study-228167.html
31b4ba36fb496915e0e9a2b94fbbd379f78cec115cbad8be344db7619b261139,2025-08-22 05:20:59.831737+00:00,en,indiatimes.com,indiatimes.com,2014-04-16,"Modi wave confined to Hindi heartland, there is not even a Modi ripple in South: Shashi Tharoor",http://economictimes.indiatimes.com/opinion/interviews/modi-wave-confined-to-hindi-heartland-there-is-not-even-a-modi-ripple-in-south-shashi-tharoor/articleshow/33814319.cms
7a13b40a4b85d1e97681bc59643efe1001dc15b8b9501e0e7ee7bd24a1df0304,2025-08-22 05:17:45.079509+00:00,en,indiatimes.com,indiatimes.com,2014-06-24,The Congress must build from states,http://economictimes.indiatimes.com/opinion/editorial/the-congress-must-build-from-states/articleshow/37108039.cms
48669b44eed5447e7402597f417aa9f1d40c6ece2a245b721fa7c9afb10f70eb,2025-08-22 05:12:42.519987+00:00,en,indiatimes.com,indiatimes.com,2014-04-18,Narendra Modi has a strong predilection for crony capitalism: Rahul Gandhi,http://economictimes.indiatimes.com/opinion/interviews/narendra-modi-has-a-strong-predilection-for-crony-capitalism-rahul-gandhi/articleshow/33896287.cms
43baf9481340f7ad51fc11018d3effdd88e5f7832b9f110db2112b6d442c3063,2025-08-22 05:12:25.071788+00:00,en,indiatimes.com,indiatimes.com,2014-08-08,Major outbreak of riots in UP will mean disastrous consequences for India,http://economictimes.indiatimes.com/opinion/comments-analysis/major-outbreak-of-riots-in-up-will-mean-disastrous-consequences-for-india/articleshow/39847926.cms
ab1da1367acd38dc7cbf7bab54db8b95b5e491ca46dcf5ece18a7359f3a263ed,2025-08-22 05:08:48.613576+00:00,en,indiatimes.com,indiatimes.com,2014-01-04,I will do as the party says: Dr Harsh Vardhan,http://economictimes.indiatimes.com/opinion/interviews/i-will-do-as-the-party-says-dr-harsh-vardhan/articleshow/35613111.cms
511d34f69c290f9116a8067f42e7da532a9a41a153581d2adfd9d18396452a24,2025-08-22 05:07:36.166960+00:00,en,indiatimes.com,indiatimes.com,2014-04-08,Narendra Modi projects himself as being larger than his party: Prithviraj Chavan,http://economictimes.indiatimes.com/opinion/interviews/narendra-modi-projects-himself-as-being-larger-than-his-party-prithviraj-chavan/articleshow/33435837.cms
03750a9d0b89ae24bc04927a09460e3e9763a958eb46b97b4603998f1a60850d,2025-08-22 05:05:15.269276+00:00,en,indiatimes.com,indiatimes.com,2014-04-17,"Voters today more concerned about economic growth, corruption and inflation and not the manifesto",http://economictimes.indiatimes.com/opinion/comments-analysis/voters-today-more-concerned-about-economic-growthcorruption-and-inflation-and-not-the-manifesto/articleshow/33841430.cms
d00b3ff598dffafb0c097ba945f711575cd09c99843ec7e4c7e3fb88fda89cfb,2025-08-22 05:04:24.497384+00:00,en,indiatimes.com,indiatimes.com,2014-09-17,Bypoll outcome will dent Narendra Modi’s larger-than-life image,http://economictimes.indiatimes.com/opinion/comments-analysis/bypoll-outcome-will-dent-narendra-modis-larger-than-life-image/articleshow/42658434.cms
25492e58435bd6d90f1cc10dfc2faec58dfb8e994f6ae2fa0ad3b2c1c6d2bc0d,2025-08-22 05:03:43.677960+00:00,en,indiatimes.com,indiatimes.com,2014-10-03,"Some BJP voters who voted for Modi as PM prefer Kejriwal as CM: Yogendra Yadav, AAP",http://economictimes.indiatimes.com/opinion/interviews/some-bjp-voters-who-voted-for-modi-as-pm-prefer-kejriwal-as-cm-yogendra-yadav-aap/articleshow/44183634.cms
0e603d6c4f8aa4ae9293e44a4d71a10bd2d9bf8a9355761b8e0b0db63bbc83c5,2025-08-22 05:03:04.200171+00:00,en,indiatimes.com,indiatimes.com,2013-10-20,Parivar before politics: Why we will never see a Rahul Gandhi vs Varun Gandhi contest,http://economictimes.indiatimes.com/opinion/comments-analysis/parivar-before-politics-why-we-will-never-see-a-rahul-gandhi-vs-varun-gandhi-contest/articleshow/24431526.cms
ba75c4d843312344f64b3d85aa90c19fd1bc3157c13028e9d69097c36c99be62,2025-08-22 05:00:02.964012+00:00,en,indiatimes.com,indiatimes.com,2014-05-07,Regional parties likely to make a headway in Phase 8 of Lok Sabha polls: Dilip Padgaonkar,http://economictimes.indiatimes.com/opinion/interviews/regional-parties-likely-to-make-a-headway-in-phase-8-of-lok-sabha-polls-dilip-padgaonkar/articleshow/34777251.cms
ba2385fc623fddf4e63d6f5462d18ae3e16f8017365ffce1f7a9985a9ea31887,2025-08-22 04:59:14.639162+00:00,en,indiatimes.com,indiatimes.com,2014-03-04,Opinion polls predict victory for JD(U)-RJD-Congress combine in Bihar elections,http://economictimes.indiatimes.com/news/politics-and-nation/opinion-polls-predict-victory-for-jdu-rjd-congress-combine-in-bihar-elections/articleshow/48889415.cms
aa85ff1e0a9a25d56fd03ff5b3ea79a7be42ad9d3b56ec61e537b6ab84ab71a6,2025-08-22 04:59:03.227510+00:00,en,indiatimes.com,indiatimes.com,2013-11-11,"If AAP does well, BJP can be in serious trouble: Dilip Padgaonkar",http://economictimes.indiatimes.com/opinion/interviews/if-aap-does-well-bjp-can-be-in-serious-trouble-dilip-padgaonkar/articleshow/25593560.cms
b0c18a02a8a16bae74659e16089e8f80eadf44f206c486043c20307951a5cc35,2025-08-22 04:53:44.894874+00:00,en,indiatimes.com,indiatimes.com,2014-03-25,"Nilekani is running away from contest, says Ananth Kumar",http://economictimes.indiatimes.com/opinion/interviews/nilekani-is-running-away-from-contest-says-ananth-kumar/articleshow/32652077.cms
39ffb81a49e9c3d1615f54a1eeb88a156f08166cc69610938581c51151579006,2025-08-22 04:53:23.982026+00:00,en,indiatimes.com,indiatimes.com,2014-09-27,"Without Shiv Sena, the ‘PM Modi as CM Modi’ poll strategy in Maharashtra will be put to test",http://economictimes.indiatimes.com/opinion/comments-analysis/without-shiv-sena-the-pm-modi-as-cm-modi-poll-strategy-in-maharashtra-will-be-put-to-test/articleshow/43568173.cms
581289bbd5796294429e97671450e8dd188dd190fccecb666d4a483582099b74,2025-08-22 04:53:04.514008+00:00,en,indiatimes.com,indiatimes.com,2014-04-03,BJP may win 5-7 seats in Delhi: Opinion poll,http://economictimes.indiatimes.com/news/politics-and-nation/bjp-may-win-5-7-seats-in-delhi-opinion-poll/articleshow/33164663.cms
1a1f7d1693c6cf8ef8ba9915f310942eada103e100f787e42893f610ba47e406,2025-08-22 04:52:32.040849+00:00,en,indiatimes.com,indiatimes.com,2014-05-13,Who’s afraid of opinion polls?,http://economictimes.indiatimes.com/opinion/comments-analysis/whos-afraid-of-opinion-polls/articleshow/35055308.cms
6e0614e9ab23b7d38e745d8a0f752495a6c96521469fdf9a90dbab370e7e57ed,2025-08-22 04:50:05.785291+00:00,en,indiatimes.com,indiatimes.com,2014-04-02,You don’t have much of a choice in Mumbai south except AAP: Meera Sanyal,http://economictimes.indiatimes.com/opinion/interviews/you-dont-have-much-of-a-choice-in-mumbai-south-except-aap-meera-sanyal/articleshow/33111960.cms
f9c7eb019a5dec51567f61ee41b685ff0b7a2a99fc5d7a48272be5a141ced47c,2025-08-22 04:48:11.997860+00:00,en,indiatimes.com,indiatimes.com,2014-05-07,Lok Sabha Elections 2014: Has the Trinamool Congress polarised West Bengal's voters?,http://economictimes.indiatimes.com/opinion/comments-analysis/lok-sabha-elections-2014-has-the-trinamool-congress-polarised-west-bengals-voters/articleshow/34758550.cms
b202ed41f5f98ffeb27d323b85743186e9e5221547ab628a58d4e14656d83584,2025-08-22 04:47:58.795209+00:00,en,indiatimes.com,indiatimes.com,2013-12-09,How brokerages see markets post state assembly election results,http://economictimes.indiatimes.com/markets/analysis/how-brokerages-see-markets-post-state-assembly-election-results/articleshow/27119176.cms
4143a5b908af508a3d6dab7fdc74ed92ded82a71ac7fa4be61bb8b14d3c7f9c4,2025-08-22 04:47:04.754919+00:00,en,indiatimes.com,indiatimes.com,2014-02-12,Election Commission again asks government for restrictions on opinion polls,http://economictimes.indiatimes.com/news/politics-and-nation/election-commission-again-asks-government-for-restrictions-on-opinion-polls/articleshow/31605446.cms
666d8b407786e89704b4c5eb4a08498b724c168e57b8cba2fcc6d9d1e39b79fc,2025-08-21 23:53:37.756561+00:00,en,rediff.com,rediff.com,2016-05-09,Why Modi has been a success so far,http://www.rediff.com/news/column/why-modi-has-been-a-success-so-far/20160509.htm
65fb6177e25d7526f5413490d3c981aad4ed2de0eb917a820e4ffd7448493def,2025-08-21 22:57:01.129428+00:00,en,rediff.com,rediff.com,2016-05-10,BJP's coast to coast odyssey down under the Vindhyas,http://www.rediff.com/news/column/bjps-coast-to-coast-odyssey-down-under-the-vindhyas/20160510.htm
1f369cb762f1cddb4adf120758429b4a35cb57a2188b6b9cb7d4273360949502,2025-08-21 18:08:49.249982+00:00,en,indianexpress.com,indianexpress.com,2016-05-16,No proof required: End of the road for Congress?,http://indianexpress.com/article/opinion/columns/no-proof-required-end-of-the-road-for-congress-2016-tamil-nadu-kerala-assam-west-bengal-elections-2802449/
271e382c8401e0c0b4d2824843063b8b4ce980749227e1c369593e02630452ec,2025-08-21 17:56:12.600016+00:00,en,thewire.in,thewire.in,2016-05-16,Signposts and a Paradox: An Analysis of the Kerala Elections,http://thewire.in/2016/05/16/signposts-and-a-paradox-an-analysis-of-the-kerala-elections-36285/
9a3bc0464d20eceb6ea462315ae38ddcc3d85e3d07575c11849b359bff7f2152,2025-08-21 17:45:57.129916+00:00,en,indianexpress.com,indianexpress.com,2016-05-18,Fix the aberration,http://indianexpress.com/article/opinion/editorials/tamil-nadu-elections-2016-election-commission-bribe-fix-the-aberration-2805885/
1ad9a7de4947cc720d20f7fe0ec49693c8e8f71dd08b92d2ec43d1ba3ea5f6a2,2025-08-21 17:45:17.613359+00:00,en,thehindu.com,thehindu.com,2016-05-18,"A vote for development, change",http://www.thehindu.com/opinion/op-ed/assam-elections-2016-a-vote-for-development-change/article8612208.ece?utm_source=RSS_Feed&utm_medium=RSS&utm_campaign=RSS_Syndication
060f485b06f95f54de7cfb096fc7db3c5ce34272d8c1e35269424b0cae647b54,2025-08-21 16:32:41.017798+00:00,en,rediff.com,rediff.com,2016-05-20,How Rahul let Assam slip from Congress' hand,http://www.rediff.com/news/column/assam-assembly-polls-how-rahul-let-assam-slip-from-congress-hand/20160520.htm
2ddb65849907cf5ffbf8b8732d0b2db1d15f3533f2b8e682a24f5a9843654e3e,2025-08-21 16:25:38.554446+00:00,en,thehindu.com,thehindu.com,2016-05-20,It is too early to call 2019,http://www.thehindu.com/opinion/lead/assembly-elections-2016-it-is-too-early-to-call-2019/article8621811.ece?utm_source=RSS_Feed&utm_medium=RSS&utm_campaign=RSS_Syndication
0516e808db342331e76c239269f9aaece2974f0f0a0fded38c1c1e52edd628b2,2025-08-21 15:48:04.241066+00:00,en,indianexpress.com,indianexpress.com,2016-05-21,"Lokniti-CSDS post-poll analysis: Record Hindu swing in Assam, Cong in decline, states rising",http://indianexpress.com/article/india/india-news-india/assam-bjp-assembly-elections-results-congress-loss-2811592/
77536d31f496c15be3104e9823975301cec9bb2cee0ab074821c8df642dd9d90,2025-08-21 15:44:00.482218+00:00,en,thehindu.com,thehindu.com,2016-05-21,Tamil Nadu election: Against all odds,http://www.thehindu.com/opinion/editorial/tamil-nadu-election-against-all-odds/article8626701.ece?utm_source=RSS_Feed&utm_medium=RSS&utm_campaign=RSS_Syndication
773d454007230898f57860fe31c05baec2714043b51a837506f83b1e2ba3eb2d,2025-08-21 15:14:08.752720+00:00,en,rediff.com,rediff.com,2016-05-20,Whose defeat is it anyway?,http://www.rediff.com/news/column/assembly-elections-whose-defeat-is-it-anyway/20160520.htm
24bfc34cdd891d148f920b7bab6bd973a05606dc8ea5041979743a66f3697dc0,2025-08-21 14:45:37.561475+00:00,en,dnaindia.com,dnaindia.com,2016-05-23,Assam Elections 2016: Real test for BJP starts now,http://www.dnaindia.com/analysis/editorial-assam-elections-2016-real-test-for-bjp-starts-now-2215182
6368e7637225455b9e19b372c9799f40fcea09b5dd49fd7b1b65dfc7e7c13430,2025-08-21 12:56:02.393104+00:00,en,dnaindia.com,dnaindia.com,2016-05-26,Latest News Updates at Daily News Analysis,http://www.dnaindia.com/analysis/column-course-correction-2216495
0b72135c09165536e0dec8fb884a6f68f5926aa6012718170648e3c233dd0243,2025-08-21 12:13:50.828630+00:00,en,dnaindia.com,dnaindia.com,2016-05-27,dnaEdit: Congress and after,http://www.dnaindia.com/analysis/editorial-dnaedit-congress-and-after-2216990
12be051e7d4dfc8d3496d6ba7593f8602c6535b295fc3dc12a13c74ba353e729,2025-08-21 11:43:31.145405+00:00,en,thequint.com,thequint.com,2016-05-26,Modi@2: BJP Will Continue to Target Cong for Polls in 2017-18,http://www.thequint.com/opinion/2016/05/26/modi2-i-congress-mukt-bharat-is-a-reality-achche-din-can-wait-amit-shah-sonia-gandhi-narendra-modi-verdict-2016
b87b083c60e08c58d85fe67302307d64bf5dfc5d4757292dd00347c485fc64a7,2025-08-21 00:56:27.490906+00:00,en,thequint.com,thequint.com,2016-06-13,"Holding LS, Assembly Polls Together is Desirable But Not Feasible",http://www.thequint.com/opinion/2016/06/13/holding-ls-assembly-polls-together-is-desirable-but-not-feasible
cd7d94f7f492ed563225168d29d12bd3da0b06cb58dc2b6a6e9c3b0adc5c6c81,2025-08-21 00:18:51.545183+00:00,en,firstpost.com,firstpost.com,2016-06-14,Leave' group leads in opinion polls as Brexit 23 June deadline nears,http://www.firstpost.com/world/leave-group-leads-in-opinion-polls-as-brexit-23-june-deadline-nears-2834588.html
7fda9bc11333b0ad4a250c284e81893be9de7cd66aebea3fc5f55ae2ad8cf0a3,2025-08-20 20:21:23.714587+00:00,en,rediff.com,rediff.com,2016-06-20,"How the #DeepState works: Did the Congress 'steal' the 2004, 2009 polls?",http://www.rediff.com/news/column/did-the-congress-steal-the-2004-2009-polls/20160620.htm
ffaf06fa9411dc0e963d863d4ba6bb12816c01d8d5a24ade5ade813d71264bae,2025-08-20 19:13:55.834490+00:00,en,indiatimes.com,indiatimes.com,2016-06-22,"UK's Brexit campaign has slender lead over rival 'In' camp, say opinion polls",http://timesofindia.indiatimes.com/world/uk/Brexit-campaign-has-slender-lead-over-rival-In-camp-say-opinion-polls/articleshow/52873945.cms
90e4922d1053a9d7a3b90ffdccdb15132c7af6fa62c9c204b63775be44a77c32,2025-08-20 11:59:40.537571+00:00,en,firstpost.com,firstpost.com,2016-07-02,Australian votes to elect new govt; opinion polls predict a close race,http://www.firstpost.com/world/australian-votes-to-elect-new-govt-opinion-polls-predict-a-close-race-2868650.html
7815404311e1863c3d1dacbf9fd303cffa55d288b4eb81ebe24ac14dc7bd7806,2025-08-19 19:25:39.502941+00:00,en,indianexpress.com,indianexpress.com,2016-07-20,"Punjab elections ahead, Arvind Kejriwal’s AAP is a favourite for party hoppers?",http://indianexpress.com/article/opinion/web-edits/arvind-kejriwal-aap-navjot-singh-sidhu-bjp-gujarat-punjab-elections-2925463/
8de518fec49bae097f72a78540e07da022e1f59f5cda0847c953397e1a467d80,2025-08-19 19:25:12.501796+00:00,en,indianexpress.com,indianexpress.com,2016-07-20,Navjot Sidhu’s revolt has complicated the Punjab pre-poll scene,http://indianexpress.com/article/opinion/columns/navjot-singh-sidhu-bjp-exit-2924464/
5785224c7a9d012943ee43931d726021b6978a42ee0d962e5b7737da1fddec7a,2025-08-19 19:25:12.316574+00:00,en,indianexpress.com,indianexpress.com,2016-07-26,Beyond the numbers,http://indianexpress.com/article/opinion/columns/gujarat-violence-una-dalit-thrashing-dalit-protests-bjp-2935313/
0add96855f8b42057acae590c02a204ec80646610981a2c5a63fd2e0f31db38c,2025-08-19 19:25:05.039127+00:00,en,indianexpress.com,indianexpress.com,2014-06-15,"‘I tried my best to tell Rahul that do not hold the internal elections, but he didn’t listen’",http://indianexpress.com/article/opinion/columns/i-tried-my-best-to-tell-rahul-that-do-not-hold-the-internal-elections-but-he-didnt-listen/
9184d9e5d979996e5c9288b19c65901eb7246a9f0bed8d8e2e204ee9149d92c0,2025-08-19 19:25:04.965366+00:00,en,indianexpress.com,indianexpress.com,2014-06-08,‘Future belongs to BJP and AAP. Congress will be in coma for at least 10-15 years’,http://indianexpress.com/article/opinion/columns/future-belongs-to-bjp-and-aap-congress-will-be-in-coma-for-at-least-10-15-years/
ebf01aa9a5d818c84b2268bd2282eac99770149dea08ae1050476056a81da93d,2025-08-19 19:25:04.937264+00:00,en,indianexpress.com,indianexpress.com,2014-07-27,‘Modi government is not incompetent that ONGC will not get its rates when the divestment process begins’,http://indianexpress.com/article/opinion/columns/modi-government-is-not-incompetent-that-ongc-will-not-get-its-rates-when-the-divestment-process-begins/
5a4f1e5611e7098f96002eadcca147956240bceb31c705fb38d05501e9a117d2,2025-08-19 19:25:04.819777+00:00,en,indianexpress.com,indianexpress.com,2014-09-28,‘Congress win in bypolls tells BJP it has to work to keep its promises’,http://indianexpress.com/article/opinion/columns/congress-win-in-bypolls-tells-bjp-it-has-to-work-to-keep-its-promises/
7e8c145c4ae57f5c9f2c68f7546c107730d4459ade88cb331aeed844e8feb4c3,2025-08-19 19:24:50.110270+00:00,en,indianexpress.com,indianexpress.com,2016-05-25,Latest round of assembly polls did not see a BJP wave or a decimation of Congress,http://indianexpress.com/article/opinion/editorials/assembly-elections-india-2016-bjp-congress-assam-bengal-kerala-2817444/
bdffe9323c7e11c6d4ee87810c90a0f07971cc8a3bb39b6a84f94202cab2e3e0,2025-08-19 19:24:50.101894+00:00,en,indianexpress.com,indianexpress.com,2016-05-25,Mind the liberal gaps,http://indianexpress.com/article/opinion/editorials/assembly-elections-2016-india-democracy-tamil-nadu-kerala-assam-west-bengal-2817416/
89f4563d3a4a82c2129e82189e51346290c20fb47d2e33099efe0e3fc2ccdbc8,2025-08-19 19:24:50.095997+00:00,en,indianexpress.com,indianexpress.com,2016-05-24,A Little Bit of Faith,http://indianexpress.com/article/opinion/editorials/election-commission-of-india-campaign-financing-elections-india-2815835/
24377a0c40a93436e927fcd6d3cb692819aee3323b952353c147b61dc09f0710,2025-08-19 19:24:24.926663+00:00,en,indianexpress.com,indianexpress.com,2014-09-18,Letter of the Week Award,http://indianexpress.com/article/opinion/letters-to-editor/letter-of-the-week-award-3/
508f2b64f8167b9e0c6140967c5e49bc102a4d7ae403ca9bb0bcd8547aeb5e35,2025-08-19 19:24:24.715450+00:00,en,indianexpress.com,indianexpress.com,2014-11-01,Letters to the editor: Reading the result,http://indianexpress.com/article/opinion/letters-to-editor/letters-to-the-editor-reading-the-result/
71726664ee0b8798446e4053717f021bd8e6473059909d336b69d45f31fc7e91,2025-08-19 19:24:23.698993+00:00,en,indianexpress.com,indianexpress.com,2015-02-11,Letters to the editor: Baap re AAP,http://indianexpress.com/article/opinion/letters-to-editor/letters-to-the-editor-baap-re-aap/
63544a88ed00f09ded919db426b65424b1f2a34614d2e301b57dc1bcbcfca62f,2025-08-19 19:24:23.676593+00:00,en,indianexpress.com,indianexpress.com,2015-02-20,Letters to the editor,http://indianexpress.com/article/opinion/letters-to-editor/letters-to-the-editor-44/
8404cfd63e05971befd5e6a0c75410b2b5b7c03a280d989e056831db75ec4632,2025-08-19 16:25:16.019468+00:00,en,thequint.com,thequint.com,2016-08-02,Anandiben’s Resignation Signals BJP is Sensing Competition in 2017,http://www.thequint.com/opinion/2016/08/02/bjp-in-damage-control-mode-to-save-the-great-wall-of-gujarat-anandiben-dalit-protests-patidar-agitation-amit-shah
0668761846a82ecdf25673a2092820c4f932cce38cbe5dc6eb4b82a7e9317a15,2025-08-19 15:41:48.493258+00:00,en,thehindu.com,thehindu.com,2012-02-21,India's destiny not caste in stone,http://www.thehindu.com/opinion/lead/indias-destiny-not-caste-in-stone/article2913662.ece
8eba722f1b04ef25a292a6684df6196820c817c9993484381c7263e0825df487,2025-08-19 15:35:17.620288+00:00,en,rediff.com,rediff.com,2015-12-31,Whose year will it be in 2016?,http://www.rediff.com/news/column/whose-year-will-it-be-in-2016/20151231.htm
cba97c23b8e81602ebdb2625d9b94b634371f34d6c6d2a2becf22ee027741a8a,2025-08-19 15:35:12.902023+00:00,en,indiatimes.com,indiatimes.com,2016-02-04,POKE ME: The BJP's till-now successful attempts to win over a new electorate has run into a problem,http://economictimes.indiatimes.com/opinion/poke-me/poke-me-the-bjps-till-now-successful-attempts-to-win-over-a-new-electorate-has-run-into-a-problem/articleshow/50853786.cms
66be6d1aa53723bc0ecf4269c3161ed66fd75af2c7ce5b5459a0cb8fe40821df,2025-08-19 15:34:10.814126+00:00,en,rediff.com,rediff.com,2016-04-14,Why Jayalalithaa is silent on going it alone in TN polls,http://www.rediff.com/news/column/why-jayalalithaa-is-silent-on-going-it-alone-in-tn-polls/20160414.htm
3a42124583cefe27ae1942eed02890153d7ea6489e89babd52fabe02cc2d15ef,2025-08-19 15:33:21.725253+00:00,en,thehindu.com,thehindu.com,2015-10-10,"Consolidated identities, but divided loyalties",http://www.thehindu.com/opinion/op-ed/consolidated-identities-but-divided-loyalties/article7743799.ece?utm_source=RSS_Feed&utm_medium=RSS&utm_campaign=RSS_Syndication
1221eceecbaa1d480bc509f3677c351c205e3c1c67d3c625266b5c764d1f2d32,2025-08-19 15:33:18.502881+00:00,en,rediff.com,rediff.com,2016-03-11,Numbers favour Jaya as Vijayakanth decides to go it alone in TN polls,http://www.rediff.com/news/column/numbers-favour-jaya-as-vijayakanth-decides-to-go-it-alone-in-tn-polls/20160311.htm
634ea10b3885a27a8d0d6dd2c6b05ebbf83ed17b712daa89c71bbd14da93f4c3,2025-08-19 15:33:14.855643+00:00,en,thehindu.com,thehindu.com,2016-03-24,In search of an alternative,http://www.thehindu.com/opinion/editorial/in-search-of-an-alternative/article8390290.ece?utm_source=RSS_Feed&utm_medium=RSS&utm_campaign=RSS_Syndication
cbdeb334410528616987c84bae4867265ef3838d0317f31b2f35d5778a870552,2025-08-19 11:42:18.339231+00:00,en,thequint.com,thequint.com,2016-08-09,"For a Nervous and Angry Modi, the Cow Is Now a Political Animal",http://www.thequint.com/opinion/2016/08/09/for-nervous-and-angry-modi-the-cow-is-now-a-political-animal-cow-vigilantism-una-anandiben-mayawati-up-assembly-poll
21f0b659ac094e0a93f02034bc08a4999aee76f1f87fd90dae47e928f84ea017,2025-08-19 06:28:46.761110+00:00,en,thequint.com,thequint.com,2016-08-17,Mulayam Chides Akhilesh: 5 Factors that Will Seal SP’s Fate in UP,http://www.thequint.com/opinion/2016/08/17/mulayam-chides-akhilesh-5-factors-that-will-seal-sps-fate-in-up-azam-khan-mayawati-up-assembly-elections
f8b9e1a7882d522c72217e4f4da33abd7c5a0b403f9cf3aa58620a24160b7b64,2025-08-19 01:33:28.433018+00:00,en,thehindu.com,thehindu.com,2016-08-26,Two rivals on a smooth journey,http://www.thehindu.com/opinion/op-ed/two-rivals-on-a-smooth-journey/article9032505.ece?utm_source=RSS_Feed&utm_medium=RSS&utm_campaign=RSS_Syndication
c75792a3caabd86f849c3de4873013dab9cbdefd576a9e0434d2c0632dd09c86,2025-08-18 20:30:54.822529+00:00,en,hindustantimes.com,hindustantimes.com,2016-09-01,Bodo agitation exposes Assam’s faultlines,http://www.hindustantimes.com/editorials/bodo-agitation-exposes-assam-s-faultlines/story-lcdZDT4xE7AFKOKPTgs7eK.html
104532dbe826ec25721b868dea10eb4291aefc417ceb3dbd9eff7476b16e8147,2025-08-18 18:43:23.472477+00:00,en,india.com,india.com,2016-09-03,"Narendra Modi interview to CNN-News 18: PM shares his opinion on casteism, communal violence, economic challenges (Read full transcript)",http://www.india.com/news/india/narendra-modi-interview-to-cnn-news-18-pm-shares-his-opinion-on-casteism-communal-violence-economic-challenges-read-full-transcript-1456208/
316eb9b11f495082c843454cc5827e0591500bd17c28af5ece5e227e5fee5f8d,2025-08-18 17:11:40.542489+00:00,en,thehindu.com,thehindu.com,2016-09-07,The need for a ‘totaliser’ revolution,http://www.thehindu.com/opinion/op-ed/sanjay-kumar-writes-on-election-counting-the-need-for-a-totaliser-revolution/article9077275.ece?utm_source=RSS_Feed&utm_medium=RSS&utm_campaign=RSS_Syndication
7d07055ce1a9bed79b98b46159eb985a697353203a66537e5794facaf0dee625,2025-08-18 15:36:38.864798+00:00,en,hindustantimes.com,hindustantimes.com,2016-09-08,Want to fight corruption? Work on campaign finance reforms,http://www.hindustantimes.com/analysis/want-to-fight-corruption-work-on-campaign-finance-reforms/story-UI792oIY37ZUcRdiOIFZ1H.html
afaf0f04c9049e911b4e6e49cca0213ae42090544fa0d0f24317c4186f90e75e,2025-08-18 14:55:35.334871+00:00,en,hindustantimes.com,hindustantimes.com,2016-09-10,Did BJP on Congress pressure force Rahul Gandhi’s visit to Ayodhya?,http://www.hindustantimes.com/analysis/did-bjp-pressure-force-rahul-gandhi-s-visit-to-ayodhya/story-FJ3bUNXVIRXrqlFWBLPlgL.html
e24881f8a380b0f788cc2150f0b16e1ce18f74388fdccb3081da051a06b14185,2025-08-18 12:49:26.355674+00:00,en,hindustantimes.com,hindustantimes.com,2016-09-11,Why the Indian voter does not punish the rogue,http://www.hindustantimes.com/columns/why-the-indian-voter-does-not-punish-the-rogue/story-QeXLfRRWyLBCUbeoHGKFqN.html
e265cac0faae588261fb00e2faaab8c05a7fb876bda3e54942dedefa76d79a49,2025-08-18 10:56:02.843183+00:00,en,cnn.com,cnn.com,2016-09-15,What Modi's rise could say about Trump,http://www.cnn.com/2016/09/15/opinions/india-election-lessons-richard/index.html
3320ae7f893aa65b14bbaf73ccd365757ec72dba89b63889d11d7440ed5529aa,2025-08-18 04:04:20.672623+00:00,en,thehindu.com,thehindu.com,2016-09-27,The case against simultaneous polls,http://www.thehindu.com/opinion/lead/jagdeep-s-chhokar-and-sanjay-kumar-write-on-concurrent-elections-to-state-and-lok-sabha-elections-the-case-against-simultaneous-polls/article9150753.ece?utm_source=RSS_Feed&utm_medium=RSS&utm_campaign=RSS_Syndication
425e1a53a9f6716ed1bbe5df4a41e8be2bd048f59e91dddd1db6154d6feb696d,2025-08-18 03:00:03.499336+00:00,en,indiatimes.com,indiatimes.com,2016-09-27,Why Chandrababu Naidu gave up special status demand (News Analysis),http://timesofindia.indiatimes.com/city/hyderabad/Why-Chandrababu-Naidu-gave-up-special-status-demand-News-Analysis/articleshow/54542689.cms
493fbbe06b727e0787d4765ee53e4305493adae22e9d4b1dffbf3e324aac0677,2025-08-18 02:38:49.923218+00:00,en,thehindu.com,thehindu.com,2016-09-29,Simultaneous elections,http://www.thehindu.com/opinion/letters/simultaneous-elections/article9159326.ece?utm_source=RSS_Feed&utm_medium=RSS&utm_campaign=RSS_Syndication
d77192f609057b68861db125346dc80e7ca2a83e49ad843e09a7e667bbad9363,2025-08-17 15:09:15.687211+00:00,en,dnaindia.com,dnaindia.com,2016-10-24,Prashant Kishor plays parties on political math,http://www.dnaindia.com/analysis/report-prashant-kishor-plays-parties-on-political-math-2266885
9ff02a7d6131de0a3a2dd3705669bdc12cb36e41e0df123ed35799883669102d,2025-08-17 11:36:28.415235+00:00,en,indianexpress.com,indianexpress.com,2016-10-30,Inside track: Unwanted strategist,http://indianexpress.com/article/opinion/columns/prashant-kishor-priyanka-gandhi-pranab-mukherjee-narendra-modi-abdul-basit-samajwadi-party-3729381/
52b458bdf1f5cd4f4840046b88e59b053087fcc3cfb92977414e1bc7360530d7,2025-08-17 07:14:10.364831+00:00,en,indianexpress.com,indianexpress.com,2016-11-08,No proof required: Clinton wins — maybe even the House,http://indianexpress.com/article/opinion/columns/hillary-clinton-win-us-elections-donald-trump-maybe-even-the-house-3943894/
a7f51959c744b5c9cd6690accb8af102b99df44b35120d54ec8ba022aa5b4263,2025-08-16 22:29:03.005508+00:00,en,cnn.com,cnn.com,2016-09-15,What Modi's rise could say about Trump,http://www.cnn.com/2016/09/15/opinions/india-election-lessons-richard/
7ff6b6ee414e01adb0e1c8bd06e242a87dadc189394bbd5008df40e2320ca16f,2025-08-16 19:34:24.772857+00:00,en,cnn.com,cnn.com,2016-09-15,What Modi's rise could say about Trump,http://edition.cnn.com/2016/09/15/opinions/india-election-lessons-richard/
6ed518d74bee503610baa7b0a67827cd1af1bd8555e70974b46459004410bf64,2025-08-16 19:14:44.061641+00:00,en,rediff.com,rediff.com,2016-11-25,Why we can't write off Stalin despite DMK losing the by-polls,http://www.rediff.com/news/column/why-we-cant-write-off-stalin-despite-dmk-losing-the-by-polls/20161125.htm
240e1c3ffb660ab122563f7f87eef03bfe617387264d6e98578def5b2c7fdbbd,2025-08-16 19:00:07.475706+00:00,en,thequint.com,thequint.com,2016-11-25,Note Ban at Mid-Term: PM Modi Changes the Script at Interval,https://www.thequint.com/opinion/2016/11/25/note-ban-at-mid-term-pm-modi-changes-the-script-at-interval-demonetisation-currency-note-ban-black-money-jan-dhan
70fbf0e6389b70df63bfe26542429f88632417e048ed8b7ef9ff347609b7abcf,2025-08-16 13:06:15.949499+00:00,en,hindustantimes.com,hindustantimes.com,2016-12-04,Simultaneous polls: The argument is as flawed as its assumptions,http://www.hindustantimes.com/columns/simultaneous-polls-argument-as-flawed-as-assumptions/story-BeA5jhLcL9fKunsNck6LMN.html
e7fda0f89e48f59090fbab8586198c9e7967cc101c604baf64fe84f13a58a209,2025-08-16 09:58:39.739612+00:00,en,rediff.com,rediff.com,2015-09-24,"India's elected a Trump, will US now get a Modi?",http://m.rediff.com/news/column/indias-elected-a-trump-will-us-now-get-a-modi/20150924.htm
69580c4a865072fbc9e7c6704be094910ef2281235bd1c4dc9a25a7593a2eec4,2025-08-16 03:54:32.032251+00:00,en,indianexpress.com,indianexpress.com,2016-12-19,"Same time, same place",http://indianexpress.com/article/opinion/columns/narendra-modi-rajya-sabha-polls-lok-sabha-elections-niti-aayog-election-commission-state-assembly-same-time-same-place-4434158/
1a29183318d45d6791a86d1cdf2fc7a6092ba55d0b34ae2c5c5c45a8d49bf456,2025-08-15 20:55:28.222300+00:00,en,thehindu.com,thehindu.com,2016-12-30,Demonetisation presents an opportunity,http://www.thehindu.com/opinion/columns/Demonetisation-presents-an-opportunity/article16960245.ece?utm_source=RSS_Feed&utm_medium=RSS&utm_campaign=RSS_Syndication
846f569048cb6b438890aa30a54280fc2756bf999ec853571e3aacf09dc68194,2025-08-15 20:41:45.584595+00:00,en,thequint.com,thequint.com,2016-12-29,10 Reasons Why Congress-Mukt Bharat Is Still BJP’s Biggest Fantasy,https://www.thequint.com/opinion/2016/12/29/10-reasons-why-congress-mukt-bharat-is-still-bjps-biggest-fantasy-rahul-gandhi-narendra-modi-demonetisation
218a82c5bf402652e4d1ca4d73ca443d1bad9ab6185dd951c2cbcf426ec12348,2025-08-15 07:36:46.213178+00:00,en,thequint.com,thequint.com,2017-01-03,"Large Turnout at Lucknow Rally Is Fine, but Where’s the Modi Mojo?",https://www.thequint.com/opinion/2017/01/03/lucknow-uttar-pradesh-elections-prime-minister-bjp-dalit-record-turnout-rally-but-has-modi-lost-his-mojo-note-ban
1f264f297dd78e95f1eb56fb0e9c2f14a8965be43b9dcbd6618276c8ebb83b6c,2025-08-15 07:10:06.554024+00:00,en,rediff.com,rediff.com,2017-01-02,"For AIADMK cadres, MGR-Jaya's poll symbol comes first",http://www.rediff.com/news/column/for-aiadmk-cadres-mgr-jayas-poll-symbol-comes-first/20170102.htm
772352548dbeea840fb97ece09e1f0f95197eca78652f2d1c0cfa19b59011b13,2025-08-15 06:09:33.061425+00:00,en,hindustantimes.com,hindustantimes.com,2017-01-05,Five state-assembly elections not the semis for 2019 Lok Sabha contest,http://www.hindustantimes.com/analysis/crucial-not-critical-the-five-state-assembly-polls-are-not-semi-finals-for-2019/story-qThGkXDBqyEnJcUeTDYEQN.html
22aabd41809fcf97d7ace572b1e74d6daadb90d9053bcde23cb933a636ffffd4,2025-08-15 05:48:09.110234+00:00,en,indiatimes.com,indiatimes.com,2017-01-04,"With no CM face, BJP will have a difficult time in UP polls: R Jagannathan",http://economictimes.indiatimes.com/opinion/interviews/with-no-cm-face-bjp-will-have-a-difficult-time-in-up-polls-r-jagannathan/articleshow/56330408.cms
31179a593f6313ea048ea0d63b25ac0c9027586f7fb42b6d78af2e9f856e1a3b,2025-08-15 05:47:55.053064+00:00,en,indianexpress.com,indianexpress.com,2017-01-04,BJP holds edge in first two phases as UP goes to polls from February 11,http://indianexpress.com/article/opinion/web-edits/bjp-holds-edge-in-first-two-phases-as-up-goes-to-polls-from-february-11-2017-4458669/
da44b65f776fd9b25cd7d56be33805cd29d74b2a51883ec6d90dec34fb6058c8,2025-08-15 05:44:51.723336+00:00,en,indiatimes.com,indiatimes.com,2017-01-04,BJP will have a difficult time in UP polls as they do not have a CM face to project: R Jagannathan,http://economictimes.indiatimes.com/opinion/interviews/bjp-will-have-a-difficult-time-in-up-polls-as-they-do-not-have-a-cm-face-to-project-r-jagannathan/articleshow/56330408.cms
7c5c3dda2e121a2e5c66fe12ac33cb867e5a87b380548823e11551d6ae7593cd,2025-08-15 03:49:16.537127+00:00,en,indianexpress.com,indianexpress.com,2017-01-08,Since Nov 8 we are winning all polls. Let’s leave the final analysis to the people of India: Ravi Shankar Prasad,http://indianexpress.com/article/india/since-nov-8-we-are-winning-all-polls-lets-leave-the-final-analysis-to-the-people-of-india-ravi-shankar-prasad-4464091/
4e90a04547400ba0144461703457eb7d4e53040373bfddaf5ea9ac430fabba47,2025-08-15 02:29:26.636241+00:00,en,hindustantimes.com,hindustantimes.com,2017-01-08,2017 assembly polls will be a harbinger for the emergence of younger leaders,http://www.hindustantimes.com/columns/the-2017-assembly-polls-will-be-a-harbinger-for-the-emergence-of-younger-leaders/story-YejglAUudmKErYTly7oURO.html
1e2f9f0612049a11f351824654ac25f4da3d75ac27a344f96c2e7b3cc151fc78,2025-08-15 02:27:57.362736+00:00,en,thequint.com,thequint.com,2017-01-09,In Opinion Polls We Trust: BJP Lead in UP May Give BSP Upper Hand,https://www.thequint.com/blogs/2017/01/09/pollsters-predicting-bjp-win-will-drift-muslims-towards-mayawati-up-assembly-elections-akhilesh-yadav-mulayam-bjp-sp
98d7dcd37cceda0d2cacc864c130d4b6b0b067525fa96fe60165b8335ba342b0,2025-08-14 19:55:29.042941+00:00,en,hindustantimes.com,hindustantimes.com,2017-01-17,"To win Uttar Pradesh, Akhilesh Yadav will need balance on the cycle",http://www.hindustantimes.com/editorials/to-win-uttar-pradesh-akhilesh-yadav-will-need-balance-on-the-cycle/story-3aUJDRgDajS2P0LaxlQIjK.html
97acf82cf4eb63711fdf008645c366f7c453b904b1375e2e44bdd2ef9f6cd468,2025-08-14 13:55:58.703074+00:00,en,hindustantimes.com,hindustantimes.com,2017-01-24,UP elections may see the dawn of a brave new world,http://www.hindustantimes.com/analysis/up-elections-may-see-the-dawn-of-a-brave-new-world/story-x46aNJ8FmoAw2qthjrBkyO.html
35e5411148d0c804c0040113d439978ba48d765531e9f0c8b7e8caf585e7c3fb,2025-08-14 11:45:32.565656+00:00,en,indianexpress.com,indianexpress.com,2017-01-28,BJP plus and minus,http://indianexpress.com/article/opinion/columns/narendra-modi-bjp-assembly-elections-up-goa-punjab-uttarakhand-manipur-4494925/
d8334d15f7a372ca7a21dbaf884731d000d6d360a9bfd94192a4fa32db4a667e,2025-08-14 07:05:15.884154+00:00,en,dnaindia.com,dnaindia.com,2017-02-02,Latest News Updates at Daily News Analysis,http://www.dnaindia.com/india/report-reopens-des-33-2308477
db78a4b515b194e65d179adb603048c0c99282c1a9f2d1ff65d3dba7b928e749,2025-08-14 06:55:56.515680+00:00,en,rediff.com,rediff.com,2017-02-02,BSP or SP: Who will UP's Muslims vote for?,http://www.rediff.com/news/column/bsp-or-sp-who-will-ups-muslims-vote-for/20170202.htm
223fdd954402350e9bdf7b90de13ef4933be628ac131c1ee5f32defb746c4dc8,2025-08-14 06:21:46.552407+00:00,en,firstpost.com,firstpost.com,2017-02-03,"Uttarakhand Election 2017: BJP set to reclaim power in hill state, suggest opinion polls",http://www.firstpost.com/politics/uttarakhand-election-2017-bjp-set-to-reclaim-power-in-hill-state-suggest-opinion-polls-3264888.html
9e9181346be7f7e577f2c8e715884fe9815dccf6729443e9dd07d1bb2cb088ae,2025-08-14 04:03:20.369224+00:00,en,thequint.com,thequint.com,2017-02-06,Ban on Opinion Polls: Neither EC Nor Govt Wants to Bell the Cat,https://www.thequint.com/blogs/2017/02/06/assembly-elections-ban-on-opinion-polls-neither-ec-nor-govt-wants-to-bell-the-cat
bc8c2bb136214672407b8283f1af75af1074b98ea9b32d375e81be143bcd7306,2025-08-14 03:21:40.593399+00:00,en,thequint.com,thequint.com,2017-02-07,Opinion and Exit Polls Are Okay if Their Integrity is Beyond Doubt,https://www.thequint.com/opinion/2017/02/07/opinion-and-exit-polls-are-okay-if-their-integrity-is-beyond-doubt-supreme-court-election-commission
28731dd523c3cb9ccec33956d92c9ca2013a2cbcfee3e4c609b86b1ed2f84d82,2025-08-13 23:43:17.801563+00:00,en,hindustantimes.com,hindustantimes.com,2017-02-11,"In UP today, Akhilesh Yadav is both Karan and Arjun",http://www.hindustantimes.com/analysis/in-up-today-akhilesh-yadav-is-both-karan-and-arjun/story-9GaVVDlzBwi1GG2PGDHOGJ.html
b0e4b831a5cc7000bfd41892eda2472ad7760cce13dd4e0cc080f2c26a35b123,2025-08-13 22:05:19.055280+00:00,en,thehindu.com,thehindu.com,2017-02-15,Importance of goods and services,http://www.thehindu.com/opinion/op-ed/Importance-of-goods-and-services/article17302575.ece?utm_source=RSS_Feed&utm_medium=RSS&utm_campaign=RSS_Syndication
910c3b7ee514b6be3c97a3e0ca23106e0aec6ef5395dbb7c3efa8343ee47d93f,2025-08-13 20:50:53.117452+00:00,en,hindustantimes.com,hindustantimes.com,2017-02-15,UP elections: Why a hung assembly can’t be ruled out in this battleground state,http://www.hindustantimes.com/opinion/uttar-pradesh-election-why-a-hung-assembly-can-t-be-ruled-out-after-march-11/story-sygChzz9mOcIz9MDSMcUkI.html
02658534290a6e97685fbf5e6079a9b3e258665a08a53e487c2ac1b69046177b,2025-08-13 20:17:06.546903+00:00,en,thehindu.com,thehindu.com,2017-02-17,Should elections be state-funded?,http://www.thehindu.com/opinion/op-ed/should-elections-be-state-funded/article17314365.ece?utm_source=RSS_Feed&utm_medium=RSS&utm_campaign=RSS_Syndication
5fad0ba4c816e1886a8ad42fdf2c073864e66859c5e9a395ab74c58a5d39b07e,2025-08-13 18:46:22.071421+00:00,en,thehindu.com,thehindu.com,2017-02-17,Should elections be state-funded?,http://www.thehindu.com/opinion/op-ed/Should-elections-be-state-funded-writes-yogendra-yadav-Manish-Tewari-S.Y.-Quraishi/article17314365.ece?utm_source=RSS_Feed&utm_medium=RSS&utm_campaign=RSS_Syndication
35db9be993294e61472b1a8a7ba9d304173b8563836b22ca6e5c04b3651c744c,2025-08-13 12:51:47.620733+00:00,en,dnaindia.com,dnaindia.com,2017-02-25,"Politicians, voters, and the doublespeak on black money",http://www.dnaindia.com/analysis/column-politicians-voters-and-the-doublespeak-on-black-money-2334012
bd0fa353994714a9d4115cd5f7af772783a2492b869c8edb9196df1ca4846c1d,2025-08-13 11:47:22.455740+00:00,en,dnaindia.com,dnaindia.com,2017-02-26,"UP Elections 2017 Phase 5: SP-Congress look to cut loss, BJP strive to go big",http://www.dnaindia.com/india/column-up-elections-2017-phase-5-sp-congress-look-to-cut-loss-bjp-strive-to-go-big-2335285
0eb952085e7d7a169273d8ee995466e588addb12282599192d311ecd942cc4b8,2025-08-13 10:06:52.863778+00:00,en,indianexpress.com,indianexpress.com,2017-02-28,Is BJP getting nervous about majority claims as UP polls enter final phase?,http://indianexpress.com/article/opinion/web-edits/is-bjp-getting-nervous-about-majority-claims-as-up-polls-enter-final-phase-4547724/
8fa1c2c40a69ff49b7cdb531c594be901e49229c84bd5d39ad261a6c87eb926d,2025-08-13 09:13:01.592886+00:00,en,hindustantimes.com,hindustantimes.com,2017-03-01,Brand Modi is still a big attraction in much of Uttar Pradesh,http://www.hindustantimes.com/analysis/brand-modi-is-still-a-big-attraction-in-much-of-uttar-pradesh/story-nXmEl0jbWhEpNnDcJcOy0H.html
7da2587164fca2e6904402d292627b785d6f0ea4ba9baa0f8b308a18554d4463,2025-08-13 07:44:05.219505+00:00,en,dnaindia.com,dnaindia.com,2017-03-01,"DNA Edit: Elections dragging for over a month, governance goes for a toss",http://www.dnaindia.com/analysis/editorial-dna-edit-elections-dragging-for-over-a-month-governance-goes-for-a-toss-2338320
e6702afc46e61aa2c496a2e060e3f34f70f01d90f88956090972c3d277471ccd,2025-08-13 06:21:30.329411+00:00,en,indianexpress.com,indianexpress.com,2017-03-06,Veiled threat,http://indianexpress.com/article/opinion/editorials/bjp-burqa-wearing-women-election-commission-4556015/
2c14cb64e692ed69a6b3ff1e8b05200bc28a54457b58fc864dbffe4afe8839b5,2025-08-13 04:24:43.242341+00:00,en,indianexpress.com,indianexpress.com,2017-03-08,The lawmakers we need,http://indianexpress.com/article/opinion/columns/the-lawmakers-we-need-women-voters-politicians-democracy-election-commission-4559184/
e1eee560afe331cc03471e3f4dfb95935cc3e4604b784f0c8f547484b1f7b950,2025-08-13 04:20:54.137078+00:00,en,thequint.com,thequint.com,2017-03-08,"This Women’s Day, Enable Them to Get Fair Share of Electoral Power",https://www.thequint.com/opinion/2017/03/08/this-womens-day-represenation-in-parliament-reservation
b0055ff91633d2c699cb065193a1a1e2c60f75d9bb29fdb53c7c2bd2a148b4f3,2025-08-13 03:26:20.188516+00:00,en,indianexpress.com,indianexpress.com,2017-03-09,No proof required: Seeking redemption in UP 2017,http://indianexpress.com/article/opinion/columns/uttar-pradesh-assembly-elections-2017-samajwadi-party-bjp-congress-no-proof-required-seeking-redemption-in-up-2017-4560884/
a47065dd979811bdf9c2ab4b63e577ee00de25cb104b25bbf83b09d2e0f111c5,2025-08-13 03:11:40.148143+00:00,en,thehindu.com,thehindu.com,2017-03-10,Voting with our feet,http://www.thehindu.com/opinion/editorial/voting-with-our-feet/article17436364.ece?utm_source=RSS_Feed&utm_medium=RSS&utm_campaign=RSS_Syndication
9b28151aba506dab691e6a7184334f0449509595577c096077b9c0103fc7345d,2025-08-13 01:55:17.727109+00:00,en,thehindu.com,thehindu.com,2017-03-10,Voting with our feet: robust turnouts defy anxieties about voter alienation,http://www.thehindu.com/opinion/editorial/on-high-voter-turnout/article17436364.ece?utm_source=RSS_Feed&utm_medium=RSS&utm_campaign=RSS_Syndication
79132c602dce21a5e724a07d17c75f75eb2b638f72a55de4a6257f51956b59f3,2025-08-13 01:52:03.441637+00:00,en,indianexpress.com,indianexpress.com,2017-03-10,"Forty Years Ago, March 9, 1977: JP on Janata PM",http://indianexpress.com/article/opinion/editorials/forty-years-ago-march-9-1977-jp-on-janata-pm-4562593/
183a505b7497e68e11e02b4ab40246c32cbf757a613dbdb820a843ec8c6ebaa3,2025-08-13 01:21:49.265691+00:00,en,indianexpress.com,indianexpress.com,2017-03-12,Fifth column: Political pundits. Really?,http://indianexpress.com/article/opinion/columns/assembly-elections-2017-narendra-modi-2014-elections-demonetisation-bjp-4565809/
d1e993b828baffaaef8ef6c19e05702aa298a496d4e725ca1d64cfe9b9471aff,2025-08-13 01:10:44.315669+00:00,en,dnaindia.com,dnaindia.com,2017-03-11,Holi Modi! BJP's massive win in UP has upended India's politics,http://www.dnaindia.com/india/column-holi-modi-bjp-s-up-election-win-has-upended-india-s-politics-2350034
0bcbd35202753f0835a5f3609a495383c31e2947616e710a3012f0524818ca89,2025-08-13 01:01:45.372820+00:00,en,dnaindia.com,dnaindia.com,2017-03-11,UP Elections 2017: Decoding how Modi and Shah won Uttar Pradesh after 26 years,http://www.dnaindia.com/india/column-up-elections-2017-decoding-how-modi-and-shah-won-uttar-pradesh-after-26-years-2349878
12b074df0ef3a2cd0168b4d68ec4301afd269be84ddb9fef8f04e91a392d9a5b,2025-08-13 00:46:06.455548+00:00,en,indianexpress.com,indianexpress.com,2017-03-13,Back to the state,http://indianexpress.com/article/opinion/columns/back-to-the-state-punjab-elections-results-congress-amarinder-singh-aap-akalis-4567251/
b7ebe86542ba58fdbaf82986cbcaa7679b22dd0aa7e6df75ccd3212770724b6d,2025-08-13 00:44:12.118934+00:00,en,thehindu.com,thehindu.com,2017-03-13,2017 Assembly elections: First among unequals,http://www.thehindu.com/opinion/editorial/first-among-unequals/article17452744.ece?utm_source=RSS_Feed&utm_medium=RSS&utm_campaign=RSS_Syndication
c39f71a17a3143c0cef52e906fa64d9f8c275f1e5aac1a61c43ac8672a37a679,2025-08-13 00:44:12.118755+00:00,en,thehindu.com,thehindu.com,2017-03-13,Modi’s U.P. wave and after,http://www.thehindu.com/opinion/lead/modis-up-wave-and-after/article17452736.ece?utm_source=RSS_Feed&utm_medium=RSS&utm_campaign=RSS_Syndication
100a2d8b7779ca357ec1982a2cb6f32bc9a9194bd58773d191c12ce3cc3a2ebd,2025-08-13 00:12:05.239979+00:00,en,thehindu.com,thehindu.com,2017-03-14,U.P. and away,http://www.thehindu.com/opinion/editorial/up-and-away/article17457859.ece?utm_source=RSS_Feed&utm_medium=RSS&utm_campaign=RSS_Syndication
a91220b144e76daa2824c9059e5a4c76deb23bde886a4626d2bd5138b7e6161a,2025-08-12 23:41:33.766031+00:00,en,dnaindia.com,dnaindia.com,2017-03-13,Brand Modi reigns while the Gandhi family faces decay,http://www.dnaindia.com/india/column-assembly-elections-2017-results-brand-modi-reigns-while-the-gandhi-family-faces-decay-2351324
d2c5e264d61b89d18088da12c0612a57f4e4968ce6cc99603e3e2bac781a2064,2025-08-12 22:44:55.194544+00:00,en,hindustantimes.com,hindustantimes.com,2017-03-15,From achhe din to ‘new India’: Modi knows BJP needs a new narrative for 2019 elections,http://www.hindustantimes.com/columns/from-achhe-din-to-new-india-modi-knows-bjp-needs-a-new-narrative-for-2019-elections/story-n4EGeX9soHUPFSgQ9PuW8O.html
8070d2b5cb5e608b7f44a0ccba0365b03e151cf0ae7bc1aeb79dcae1222047c8,2025-08-12 21:31:59.556112+00:00,en,indianexpress.com,indianexpress.com,2017-03-17,Tweeting up the votes,http://indianexpress.com/article/opinion/columns/narendra-modi-new-india-bjp-up-polls-twitter-4572294/
a973a702d98432b6db506abfabe9e683c654200fedf788cada6e28fca2e8d582,2025-08-12 20:44:57.734431+00:00,en,indianexpress.com,indianexpress.com,2017-03-17,Shooting the EVM,http://indianexpress.com/article/opinion/columns/shooting-the-evm-electronic-voting-machine-controversy-election-commission-of-india-4572456/
5a88fde5080aef40a2768b243547dd7634b7feb275adf5c35c0ceda44dfba3a7,2025-08-12 20:10:02.465019+00:00,en,rediff.com,rediff.com,2017-03-17,Kejriwal's dangerous rhetoric on EVMs,http://www.rediff.com/news/column/kejriwals-dangerous-rhetoric-on-evms/20170317.htm
f17a0a204b712f5fa640148d8b4ed031175241d8c26aa759a0703630f43a655e,2025-08-12 19:47:51.352359+00:00,en,indianexpress.com,indianexpress.com,2017-03-19,"With Chief Minister Yogi Adityanath, who is the fringe now?",http://indianexpress.com/article/opinion/web-edits/with-uttar-pradesh-chief-minister-yogi-adityanath-who-is-the-fringe-now-4575642/
fb7716d09b4e234422ccdfdb7968fb84efd0dc9d7401268acbf345d6dc1906e4,2025-08-12 19:01:18.232235+00:00,en,indianexpress.com,indianexpress.com,2017-03-20,A slogan moved a mountain,http://indianexpress.com/article/opinion/columns/uttarakhand-assembly-elections-2017-bjp-congress-harish-rawat-amit-shah-narendra-modi-4576614/
9f7547c3df6c9cffde0eb4ab51c4e9f3a00e63a55c0d0b82baf55cb902cdd481,2025-08-12 18:48:30.598778+00:00,en,dnaindia.com,dnaindia.com,2017-03-19,Yogi Adityanath's elevation as UP CM a sign Modi is moving toward 'Hindu India': Reuters,http://www.dnaindia.com/india/column-yogi-adityanath-s-elevation-as-up-cm-a-sign-modi-is-moving-toward-hindu-india-reuters-2359341
922c99d6fae5e9a83790cbe4714c4885652aaf282a1c50a7a29fe79d0e054a4a,2025-08-12 18:41:47.274206+00:00,en,indianexpress.com,indianexpress.com,2017-03-19,Yogi Adityanath takes oath as Uttar Pradesh Chief Minister: This could be make or break for BJP in 2019 Lok Sabha polls,http://indianexpress.com/article/opinion/web-edits/yogi-adityanath-takes-oath-as-uttar-pradesh-chief-minister-this-could-be-make-or-break-for-bjp-in-2019-lok-sabha-polls-4576005/
4359954cad5f5c8cc65b873be159c828f78b149ab870c8dfff33350a77c62256,2025-08-12 18:41:19.762185+00:00,en,rediff.com,rediff.com,2017-03-19,Is Adityanath Modi's Advani moment?,http://www.rediff.com/news/column/is-adityanath-modis-advani-moment/20170319.htm
3d652933df1b65e2ff09b36e6cc87ac0bddb07292b8c432ac7f9e00f53f2ede7,2025-08-12 18:04:58.247995+00:00,en,thequint.com,thequint.com,2017-03-20,BJP Must Perform Now in UP if it Wants to Replicate 2014 in 2019,https://www.thequint.com/opinion/2017/03/20/narendra-modi-must-create-jobs-to-win-in-2019
504647a78c4b82ded48899fb9bedb2d7623cdc5478e41aa53c269ffbf3579d33,2025-08-12 15:57:56.853172+00:00,en,thequint.com,thequint.com,2017-03-23,Can the Congress-NC Combine Give BJP a Run for Their Money in J&K?,https://www.thequint.com/opinion/2017/03/23/will-congress-nc-mahagatbandhan-stop-bjp-proxy-the-pdp-in-jammu-kashmir
f8f9937e7124089144e383d318895c65c495a1da75c238c179ce5fc1433c1fc6,2025-08-12 15:47:05.426057+00:00,en,indianexpress.com,indianexpress.com,2017-03-23,Sultan Erdogan,http://indianexpress.com/article/opinion/editorials/turkey-president-recep-tayyip-erdogan-sultan-4581048/
619d8e8104b9392531c456e30d46430161ecf1769d08bdfd6ef6df20acbb89d9,2025-08-12 14:57:40.161400+00:00,en,dnaindia.com,dnaindia.com,2017-03-24,"Rahul Gandhi makes way, finally?",http://www.dnaindia.com/analysis/column-rahul-gandhi-makes-way-finally-2365661
a093cb6b5cc92a5f52f62abdaa26b12d118dea1a527d9e9d23dc556beeb652bb,2025-08-12 12:56:16.635389+00:00,en,thehindu.com,thehindu.com,2017-03-27,N. Gopalaswami on politicians blaming EVM machines for electoral defeat,http://www.thehindu.com/opinion/lead/poor-vote-getters-blame-the-tools/article17668183.ece?utm_source=RSS_Feed&utm_medium=RSS&utm_campaign=RSS_Syndication
1e9f8fcacde7a03008d30c27da4ac22a65705f7dc31a87c9e756422fe62b4b89,2025-08-12 12:33:29.693871+00:00,en,indiatimes.com,indiatimes.com,2017-03-26,VVPAT and new-generation EVMs will enhance voters’ confidence: Chief Election Commissioner Nasim Zaidi,http://economictimes.indiatimes.com/opinion/interviews/vvpat-and-new-gen-evms-will-enhance-voters-confidence-chief-election-commissioner-nasim-zaidi/articleshow/57830659.cms
3a136467143834ece3536e290d107085ed04b4bc9385fa25ae4aa5df0dfb1eed,2025-08-12 12:28:46.709320+00:00,en,thehindu.com,thehindu.com,2017-03-28,Trust the EVMs: allegations by politicians have no real basis,http://www.thehindu.com/opinion/editorial/trust-the-evms-allegations-by-kejriwal-mayawati-have-no-real-basis/article17684197.ece?utm_source=RSS_Feed&utm_medium=RSS&utm_campaign=RSS_Syndication
068a34860bb5a8082a274d49d1ccc93a094b93cefe339f8a4a221c704a0452b1,2025-08-12 08:51:14.974690+00:00,en,indianexpress.com,indianexpress.com,2017-03-31,A time for electoral reform,http://indianexpress.com/article/opinion/columns/evm-manipulationvote-counting-election-commissionup-electionsmayawati-4593042/
0c89ecaa4370e2c66be84cd2fea867e4ecceec82cf9fef313f2f3de12c3306bd,2025-08-12 03:25:14.320668+00:00,en,dnaindia.com,dnaindia.com,2017-04-07,DNA Edit | The Media and election coverage: How bias can never win,http://www.dnaindia.com/analysis/editorial-dna-edit-the-media-and-election-coverage-how-bias-can-never-win-2384532
c5f46d242ab334dedde365c0b97c16dfbeef11a97bd25edeb97e404601adbb05,2025-08-11 21:28:22.310205+00:00,en,rediff.com,rediff.com,2017-04-13,"UP chose development, but not sans caste bias",http://www.rediff.com/news/column/up-chose-development-but-not-sans-caste-bias/20170413.htm
7a2eb6917a0111214e822e06617db10488d16025c90d0aab88989917d601af62,2025-08-11 21:12:48.204036+00:00,en,thehindu.com,thehindu.com,2015-01-05,When the elephant disappears,http://www.thehindu.com/opinion/op-ed/comment-when-the-elephant-disappears/article6754046.ece
2b0a33d2729f684dce2aa58152ef77f879477066335854c917f68d03d09bd715,2025-08-11 21:10:43.334817+00:00,en,thehindu.com,thehindu.com,2015-11-09,How Modi surrendered Bihar,http://www.thehindu.com/opinion/lead/how-modi-surrendered-bihar/article7858669.ece
612f5cff8e6f850842b22d4a430a51635d9015916363fa36fa9349c48b14c776,2025-08-11 21:08:10.927698+00:00,en,indianexpress.com,indianexpress.com,2010-09-07,Three sides to every story,http://indianexpress.com/article/opinion/columns/three-sides-to-every-story/
b64f6fda4107c488869ada856ef269832e8d5949fea288a4efb160623d8d98c3,2025-08-11 21:06:05.957642+00:00,en,indianexpress.com,indianexpress.com,2012-02-08,Big test for the BSPs big tent,http://indianexpress.com/article/opinion/columns/big-test-for-the-bsps-big-tent/
407f85b76208b1310d3c302d5dd6c66ad612f8d6b01c7d6b975aeeb39a85ebc1,2025-08-11 21:05:08.180151+00:00,en,indianexpress.com,indianexpress.com,2014-02-13,Chennai chessboard,http://indianexpress.com/article/opinion/columns/chennai-chessboard/
bf38bd3b6b151f702c38027d1837f4d496d5c1c0447730cf6b3071e3ff88e7ba,2025-08-11 20:50:06.970142+00:00,en,indianexpress.com,indianexpress.com,2017-04-15,Preachers and polls,http://indianexpress.com/article/opinion/columns/pakistan-elections-preachers-and-polls-4613514/
7f3452acd62538c8f2e1c2969c6ea52d549c4fc5772ed6d8ce89bc27483036b2,2025-08-11 20:48:15.603302+00:00,en,indianexpress.com,indianexpress.com,2017-04-15,In free fall,http://indianexpress.com/article/opinion/editorials/in-free-fall-kanthi-dakshin-bypoll-trinamool-congress-left-front-bjp-4613505/
41d495d2a4d7a61b2fe914ef3f8443a68648780016db9a372162abbb260be865,2025-08-11 20:33:31.439987+00:00,en,hindustantimes.com,hindustantimes.com,2017-04-14,The Modi government has a new model for managing Kashmir,http://www.hindustantimes.com/analysis/the-modi-government-has-a-new-model-for-managing-kashmir/story-QePvw4pvfx94zFGZAZrB3M.html
f626f955c2ac74fcf509a9634c09e10d9ee0847037611c6c5da91507ff9f45f2,2025-08-11 19:36:42.554009+00:00,en,india.com,india.com,2017-04-15,"Not ‘BJP lite’, Congress must become a modern, liberal party (Column: Political Circus)",http://www.india.com/news/agencies/not-bjp-lite-congress-must-become-a-modern-liberal-party-column-political-circus-2031184/
8d633ee58c8b41650cef1da07a8a395476e928c697eb9b363dd5d08b93870853,2025-08-11 18:39:07.806714+00:00,en,hindustantimes.com,hindustantimes.com,2017-04-17,"Along with its political goals, BJP must also have a plan to stimulate job creation",http://www.hindustantimes.com/editorials/along-with-its-political-goals-bjp-must-also-have-a-plan-to-stimulate-job-creation/story-W3b3WwwT4ql9ECVqaim6uN.html
a02247deb1e274686c46b5f0520cc3c595eb13cdaabfded852d6f2975b02e917,2025-08-11 15:42:49.936455+00:00,en,rediff.com,rediff.com,2017-04-20,"Post-merger too, Jaya's party will be at sea",http://www.rediff.com/news/column/post-merger-too-jayas-party-will-be-at-sea/20170420.htm
922e6ecd11ea48f926b9e4400ebb405f5ee82307a8f77ad997bf4caf61408e4d,2025-08-11 14:22:28.403779+00:00,en,indianexpress.com,indianexpress.com,2017-04-22,Bury the row,http://indianexpress.com/article/opinion/editorials/evm-paper-trail-vvpat-election-commission-gujarat-himachal-elections-4622937/
0bae00dd5334056dd729fc91610ae11b720e1cef7cc30ea6121c5f8b60d6712c,2025-08-11 14:22:27.182680+00:00,en,indianexpress.com,indianexpress.com,2017-04-22,UK snaps to polls,http://indianexpress.com/article/opinion/editorials/britain-elections-theresa-may-brexit-england-4622938/
6ead6c315d2fd073257014710e1ad48f5a319675bd0914012518c0daae3dc201,2025-08-11 14:11:16.614937+00:00,en,indiatimes.com,indiatimes.com,2017-04-23,Arvind Kejriwal has doubts on my impartiality: Election Commissioner OP Rawat,http://economictimes.indiatimes.com/opinion/interviews/arvind-kejriwal-has-doubts-on-my-impartiality-election-commissioner-op-rawat/articleshow/58318007.cms
cb246c1a49572c7253334080ee199ad10fabe97cf98678be37b94b7bf0054a49,2025-08-11 11:03:31.383355+00:00,en,thequint.com,thequint.com,2017-04-26,MCD Election Result: AAP Should Accept Defeat and Move On,https://www.thequint.com/opinion/2017/04/26/app-should-learn-from-mcd-defeat
5bbef0879dff0f0c23417ab9c46cd87ed703bcdb7be6ce2a3e954aab6a5921d4,2025-08-11 10:38:50.627515+00:00,en,dnaindia.com,dnaindia.com,2017-04-27,DNA Edit: It’s Narendra Modi all the way,http://www.dnaindia.com/analysis/editorial-dna-edit-new-it-s-modi-all-the-way-2417573
8f48f60eba194d595593bb361f041011bf6b0df327e99cb0c6c075cd1e48546f,2025-08-10 22:01:49.781369+00:00,en,dnaindia.com,dnaindia.com,2017-05-12,Congress calls on adamant EC to reconsider opinion about EVMs,http://www.dnaindia.com/india/report-congress-calls-on-adamant-ec-to-reconsider-opinion-about-evms-2435947
cb4db9fb9f84d9d768c3478e12609aff62a8177bd6f215a4293277f751c0f81c,2025-08-10 20:11:21.098227+00:00,en,indianexpress.com,indianexpress.com,2017-05-15,Why the TMC needs to hold onto power at the grassroots level in Bengal,http://indianexpress.com/article/opinion/web-edits/why-the-tmc-needs-to-hold-onto-power-at-the-grassroots-level-in-bengal-4656928/
0dd1fb3a7dbb697ee75c820321f4818794abdb62267ee940c5aff1acb625488c,2025-08-10 13:36:05.253427+00:00,en,thequint.com,thequint.com,2017-05-22,"Modi@3: With 2019 in Sight, Await More Politics & Less Governance",https://www.thequint.com/opinion/2017/05/22/narendra-modi-strategy-after-3-years
1e3726927cade248c94abdee24f1c5d57174c5962106c84ce62d460f4cc896d4,2025-08-10 11:14:07.072905+00:00,en,thehindu.com,thehindu.com,2017-05-26,Wooing the Indian vote,http://www.thehindu.com/opinion/op-ed/wooing-the-indian-vote/article18578490.ece?utm_source=RSS_Feed&utm_medium=RSS&utm_campaign=RSS_Syndication
9ec148ed0c9e8d03a694726fa49328c2474b528b944b613fbeefb5298d74c8c5,2025-08-10 10:25:05.603206+00:00,en,dnaindia.com,dnaindia.com,2017-05-26,"3 years of Modi govt: With no concrete narrative, Opposition can't stop the Modi juggernaut for now",http://www.dnaindia.com/analysis/column-3-years-of-modi-govt-with-no-real-narrative-opposition-can-t-stop-juggernaut-modi-for-now-2451538
fa5328bcdb1474cc5e10d402518adcee8f26dd5fef8bf6b38f530200dc3f43fa,2025-08-10 07:25:21.864943+00:00,en,hindustantimes.com,hindustantimes.com,2017-05-30,"Modi is here for another 7yrs, Oppn can do little about it, writes Vir Sanghvi",http://www.hindustantimes.com/analysis/modi-is-here-for-another-seven-years-the-opposition-can-do-little-about-it/story-LuOoSYXioMOa32rudeaHbK.html
64fd024dd20231073ab266e34d7b347fbc94cb904d5bd4c487b8d1dc08d7962e,2025-08-10 05:59:37.275488+00:00,en,indianexpress.com,indianexpress.com,2017-06-01,Back to Ayodhya,http://indianexpress.com/article/opinion/columns/back-to-ayodhya-republic-tv-4683343/
c0ca5dd8b32ceb7b2d5aeda836df3444afb24946d84e2be8c7b2d3d4fa37d94d,2025-08-10 05:49:17.203421+00:00,en,thequint.com,thequint.com,2017-06-01,"With New Cattle Rules, BJP Hopes to Retain Voter Base in 2019 Poll",https://www.thequint.com/opinion/2017/06/01/bjp-cattle-slaughter-ban-and-2019-election
85c6d9d86ff241b0bd31751bc53867380a9eb3d6c99c424b0f02b55777157b2f,2025-08-10 03:37:46.713697+00:00,en,dnaindia.com,dnaindia.com,2017-06-05,BJP will walk away with 2019,http://www.dnaindia.com/analysis/column-bjp-will-walk-away-with-2019-2461558
551f46dc34401dd95c08b52669e840398e20a78126be73e9e04936252e3f4ed0,2025-08-10 01:11:48.437087+00:00,en,indiatimes.com,indiatimes.com,2017-05-12,Congress calls on Election Commission to reconsider opinion about EVMs,http://economictimes.indiatimes.com/news/politics-and-nation/congress-calls-on-election-commission-to-reconsider-opinion-about-evms/articleshow/58643564.cms
164270c3cf812be350ec8aa7a47fe451e181adf79e010a23e3af59cb5c1d3aa9,2025-08-10 01:08:35.138020+00:00,en,indiatimes.com,indiatimes.com,2017-05-12,Congress calls on Election Commission to reconsider opinion about EVMs,http://economictimes.indiatimes.com/news/congress-calls-on-election-commission-to-reconsider-opinion-about-evms/articleshow/58643564.cms
23a3ac55b3bb36a474d3991effe447e70a76ec14dbe5321d35107c6f481154d8,2025-08-09 23:23:15.675222+00:00,en,indianexpress.com,indianexpress.com,2017-06-07,A UK election in the time of terror,http://indianexpress.com/article/opinion/a-uk-election-in-the-time-of-terror-4692486/
f8038941499d88a62195a714486911cf4fe8b832c82c85eafe43e490bd87709c,2025-08-09 21:08:27.731500+00:00,en,indianexpress.com,indianexpress.com,2017-06-08,"Britain Votes, Yet Again",http://indianexpress.com/article/opinion/columns/britain-votes-yet-again-4693765/
81b78d9160bf1489970903395b504020a57a7b1dd65c8bff4310884989d09a82,2025-08-09 21:08:27.706996+00:00,en,indianexpress.com,indianexpress.com,2017-06-08,"Their Westminster, and ours",http://indianexpress.com/article/opinion/columns/their-westminster-and-ours-united-kingdom-elections-4693752/
ca269aba6095e9eea5a1b3d6cfa26f110bed0f7c522003184fd4bc1462e20ffc,2025-08-09 19:46:37.305104+00:00,en,thehindu.com,thehindu.com,2017-06-10,Shake-out in Westminster,http://www.thehindu.com/opinion/lead/shake-out-in-westminster/article18951469.ece?utm_source=RSS_Feed&utm_medium=RSS&utm_campaign=RSS_Syndication
104830b2d1a673b4ee04a4a77eedf745462b40085a52686dd61a0c513702f18a,2025-08-09 19:12:06.924654+00:00,en,indianexpress.com,indianexpress.com,2017-06-10,"Forty Years Ago, June 10, 1977: PM On Africa",http://indianexpress.com/article/opinion/editorials/forty-years-ago-june-10-1977-pm-on-africa-4696823/
bd8ad8505e3dbf4c2bbc715f1a65a5a3f2276b7a7d7796abac8eb1c880968a38,2025-08-09 14:10:35.140773+00:00,en,thequint.com,thequint.com,2017-06-16,Expect The Unexpected From Modi in The Presidential Elections,https://www.thequint.com/opinion/2017/06/16/presidential-election-2017-nda-candidate
7defee8585eb882ff8f49730ac635c3cd7155bb8e2d92465032600823a899cc3,2025-08-09 12:01:32.688064+00:00,en,indianexpress.com,indianexpress.com,2017-06-20,"Forty Years Ago, June 20, 1977: Urs Under Attack",http://indianexpress.com/article/opinion/editorials/forty-years-ago-june-20-1977-urs-under-attack-4712257/
d8f35640dfc60a3f57008fc21e5f9da215da6082a362a9cbdce657ac3bacfd25,2025-08-09 11:33:06.547125+00:00,en,thequint.com,thequint.com,2017-06-20,Race to Rashtrapati Bhavan: Can Congress Fight a Losing Battle?,https://www.thequint.com/opinion/2017/06/20/presidential-election-ram-nath-kovind-dalit-2019-elections-bjp
bfad8903abafa678b8a7be956c668af18bc7c241125f58bd79029e4b13ab66f5,2025-08-09 10:54:32.567514+00:00,en,indianexpress.com,indianexpress.com,2017-06-21,Mayawati’s dilemma in the era of Kovind,http://indianexpress.com/article/opinion/mayawatis-dilemma-in-the-era-of-ram-nath-kovind-4715030/
70e2287d4d8be074db81c58ebead795ef82e8e2c9599b465e952fce2b8a937f1,2025-08-08 11:58:24.641103+00:00,en,indianexpress.com,indianexpress.com,2017-07-18,What are Mayawati’s options now?,http://indianexpress.com/article/opinion/web-edits/mayawati-resignation-rajya-sabha-election-bsp-sp-akhilesh-yadav-what-are-mayawatis-options-now-4756118/
5059b04f65606128ec02c8d42a7f36473d501e01be8becbf41ac0b59b6b86911,2025-08-08 08:56:26.246892+00:00,en,thehindu.com,thehindu.com,2017-07-22,The results and after,http://www.thehindu.com/opinion/letters/the-results-and-after/article19327507.ece?utm_source=RSS_Feed&utm_medium=RSS&utm_campaign=RSS_Syndication
c59b7045fe5a485a8e9c9d094dbb3ba8f334bce9c0486a06a6ce1604cfd01efc,2025-08-08 08:39:24.011912+00:00,en,ndtv.com,ndtv.com,2017-06-05,"As Britain Votes This Week, Is It The End Of Theresa May?",http://www.ndtv.com/opinion/as-britain-votes-this-week-is-it-the-end-of-theresa-may-1707917
cd39be91205161cfa2b6bb24e8cf65ce80f627300287d42f6ccd4c2eef83801b,2025-08-08 03:58:12.160337+00:00,en,thehindu.com,thehindu.com,2014-03-19,Declining sex ratios seen in gender scorecard,http://www.thehindu.com/todays-paper/tp-opinion/declining-sex-ratios-seen-in-gender-scorecard/article5802855.ece
7f87cb8e7ecfd8c5c58f1cc57cb350b9dbdc0a44edee500538c3d315fd120f22,2025-08-08 03:35:02.714900+00:00,en,dnaindia.com,dnaindia.com,2017-07-27,Nitish Kumar back in NDA: Opposition can kiss their 2019 dreams goodbye,http://www.dnaindia.com/analysis/column-nitish-kumar-back-in-nda-opposition-can-kiss-their-2019-dreams-goodbye-2515761
4a6f72dea072caed0c67e8b59d5cb82c9905d457eedc2682230f76445cc68deb,2025-08-08 03:33:48.355003+00:00,en,thequint.com,thequint.com,2017-07-27,"Ignoring His Mann ki Baat, Nitish Seals JD(U)’s Fate Till 2025",https://www.thequint.com/opinion/2017/07/27/nitish-kumar-seals-jdu-fate-for-modi-wave
ca35bcb7c47b9ccd5a5a40e3163ee052dcac2a2e672939ac1bc238f4f479c9c0,2025-08-07 21:45:49.552623+00:00,en,dnaindia.com,dnaindia.com,2017-08-02,Ahmed Patel’s defeat is Sonia Gandhi's defeat,http://www.dnaindia.com/analysis/column-patel-s-defeat-is-sonia-s-defeat-2520096
4a8f4a0064298960414b18be759a89e496a1b6638787f2c3dbd54741679f9c81,2025-08-07 15:05:03.393153+00:00,en,hindustantimes.com,hindustantimes.com,2017-08-09,"No Opposition unity is possible without the Congress in the lead. But, it is in terminal decline",http://www.hindustantimes.com/analysis/no-opposition-unity-is-possible-without-the-congress-in-the-lead-but-it-is-in-terminal-decline/story-7C3n3VX6xqwjtjmHLbfvqJ.html
4e95c6a5427888025db06433fb1e291c3bd1a9c45baa4e6a3a22ecd61a1c4cbe,2025-08-07 14:50:08.452665+00:00,en,thequint.com,thequint.com,2017-08-10,What Congress Should Learn From Patel’s Close Win in Guj RS Polls,https://www.thequint.com/opinion/2017/08/10/what-congress-needs-to-learn-from-gujarat-rajya-sabha-polls
eb102effbc105fa5ce9bca1cd98a03d42322ae34d9073ea2fdd4dbedb7234d38,2025-08-07 09:37:29.560582+00:00,en,hindustantimes.com,hindustantimes.com,2017-08-16,Why Nitish looks like a mirror image of Mehbooba in NDA,http://www.hindustantimes.com/analysis/why-nitish-looks-like-a-mirror-image-of-mehbooba-in-nda/story-sk4f7WwdPg9T80rJ8NTCMO.html
c860e7dc2b351e960daaa64d2f861e50f352af3e1e703a15e9405faaae4460bf,2025-08-07 08:29:16.299948+00:00,en,hindustantimes.com,hindustantimes.com,2017-08-17,"Beyond buzzwords, where is PM Modi’s ‘new India’, writes Rajdeep Sardesai",http://www.hindustantimes.com/columns/beyond-buzzwords-where-is-the-prime-minister-s-new-india/story-d3BShEms8CSyl6mjGDhe7I.html
38b61f8cf52638797f573a375a38c83dbf2cc56e19be147ce0ffb61403e48451,2025-08-07 07:10:44.690005+00:00,en,ndtv.com,ndtv.com,2017-08-18,Amit Shah's Unfolded 'Mission 350' For 2019. How It Will Work,http://www.ndtv.com/opinion/amit-shahs-mission-350-has-a-special-place-for-tamil-nadu-1739055
ea32c8540163cfa8bf14e010c630596b5299281e9d9ee88d6b8d64fa269acdbe,2025-08-07 05:40:21.194016+00:00,en,indianexpress.com,indianexpress.com,2017-08-22,In Amma’s name,http://indianexpress.com/article/opinion/editorials/in-ammas-name-4807564/
bab6b353ea41c00823b00bf36902554f864e4df0ec150987110f202d5db98bb1,2025-08-07 04:11:01.886486+00:00,en,ndtv.com,ndtv.com,2017-08-22,"Amit Shah Forces Shotgun Wedding For EPS, OPS",http://www.ndtv.com/opinion/opinion-amit-shah-forces-shotgun-wedding-for-eps-ops-1740360
88d411d177a4c8147ed7dd94798b36c71eef9354b79a1859dcd25abb337f47d4,2025-08-06 07:18:47.603649+00:00,en,indianexpress.com,indianexpress.com,2017-09-17,Fifth column: Rahul’s speech hit home,http://indianexpress.com/article/opinion/columns/rahul-gandhi-berkeley-speech-failed-dynast-political-career-smriti-irani-india-japan-shinzo-abe-narendra-modi-mumbai-ahmedabad-bullet-train-4846950/
fb3d0c202f6f9d3d72eeb10eb6dde6c8a125530186a033825517413fb42ce371,2025-08-06 04:21:34.624579+00:00,en,hindustantimes.com,hindustantimes.com,2017-09-19,BJP’s north India caste formula may not work in Odisha and Bengal,http://www.hindustantimes.com/analysis/bjp-s-north-india-caste-formula-may-not-work-in-odisha-and-bengal/story-byWi69RPfEuANTI1ZJbE8N.html
bf0d9104bbf9086b6c068ed8471303f3e51df97ee04e1a9a72cd8168d34fdb3c,2025-08-05 22:09:14.083227+00:00,en,ndtv.com,ndtv.com,2017-09-27,Yashwant Sinha's Attack On Economy Means Modi's Doing Great,https://www.ndtv.com/opinion/yashwant-sinhas-attack-on-economy-means-modis-doing-great-1755823
d342ccf381e7b56a8e8d9bfbab6cbe8c02ff0891e27ce94d591aee05490d5d29,2025-08-05 19:56:27.481945+00:00,en,indianexpress.com,indianexpress.com,2017-09-29,"Will economy downturn turn the tide in Gujarat, MP elections ?",http://indianexpress.com/article/opinion/will-economy-downturn-turn-the-tide-in-gujarat-madhya-pradesh-elections-4866543/
3446343c155f3094511d36aec35ba80c7bd2cc344807b4b8ad4c0e7a629e7483,2025-08-05 15:19:02.462598+00:00,en,thequint.com,thequint.com,2017-10-04,"BJP’s Kerala Rally Will Strengthen Party, But Challenges Remain",https://www.thequint.com/voices/opinion/bjps-kerala-rally-will-strengthen-party-but-challenges-remain
27da04204dbb1b03e856185667c6c525e51196011397451cd6abd4a53b8fed0c,2025-08-05 13:14:55.514964+00:00,en,thehindu.com,thehindu.com,2016-02-27,Could it take two to tango with Mamata?,http://www.thehindu.com/todays-paper/tp-opinion/could-it-take-two-to-tango-with-mamata/article8287103.ece
dacbce8ed8cc325fc6862ed1143bb7fe255d4450269087773476eb1fd86369d7,2025-08-05 05:27:08.390385+00:00,en,firstpost.com,firstpost.com,2017-10-16,Congress' work doesn't end with Gurdaspur bypoll victory; BJP should be wary of churn in public opinion,http://www.firstpost.com/politics/congress-work-doesnt-end-with-gurdaspur-bypoll-victory-bjp-should-be-wary-of-churn-in-public-opinion-4146613.html
12e3391aa60e996eaf613bbfd7f599b7ff0e58ed1b89f5ee522e06657364fc84,2025-08-05 02:29:59.663002+00:00,en,thehindu.com,thehindu.com,2017-10-18,"Pranab Mukherjee interview: ‘The Congress has the ability to adapt, adjust and rejuvenate’",http://www.thehindu.com/opinion/interview/the-congress-has-the-ability-to-adapt-adjust-and-rejuvenate/article19877789.ece?utm_source=RSS_Feed&utm_medium=RSS&utm_campaign=RSS_Syndication
017d33edde5fefdf275ce25c267eb4f25059a1e0ac0380bbca74a26358939a8a,2025-08-04 20:14:54.770851+00:00,en,rediff.com,rediff.com,2017-10-24,What will Rahul do if Congress loses Gujarat?,http://www.rediff.com/news/column/what-will-rahul-do-if-congress-loses-gujarat/20171024.htm
9768157b6d5a465be947bbad82c4bf61475851149a3295c8e6709c30083bc690,2025-08-04 05:54:58.075077+00:00,en,thequint.com,thequint.com,2017-11-08,Could Politicising the Indian Army Destroy Its Internal Fabric?,https://www.thequint.com/voices/opinion/opinion-politicising-indian-army-could-ruin-its-internal-fabric
be82b34412c71e498874209cc5ee83a2b5e2009d015b1297b5e37dbe39c76486,2025-08-03 13:34:46.181385+00:00,en,thehindu.com,thehindu.com,2017-11-26,Performance and privilege in politics,http://www.thehindu.com/opinion/columns/performance-and-privilege-in-politics/article20929380.ece?utm_source=RSS_Feed&utm_medium=RSS&utm_campaign=RSS_Syndication
567ebc8984f8db430dbc26990df5fd64007921d604d4371cf1335d05eb2eb21f,2025-08-03 12:17:01.630149+00:00,en,dnaindia.com,dnaindia.com,2017-11-29,Will Modi mojo work in Guj?,http://www.dnaindia.com/analysis/column-will-modi-mojo-work-in-guj-2563219
e0c92a1bd3765be1d9dd1dfdf975111254ff2969d3e4baf8297c224831a6fb23,2025-08-03 11:29:03.351522+00:00,en,thehindu.com,thehindu.com,2017-11-29,CPI(M) cannot be part of an alliance with the Congress: Prakash Karat,http://www.thehindu.com/opinion/interview/cpim-cannot-be-part-of-an-alliance-with-the-congress-prakash-karat/article21040984.ece?utm_source=RSS_Feed&utm_medium=RSS&utm_campaign=RSS_Syndication
a5c6ed75361d12578d8718b088b9b089a8b6ba209ced5147655590db6ef3e63b,2025-08-03 11:07:09.160825+00:00,en,thehindu.com,thehindu.com,2017-11-29,CPI(M) cannot be part of an alliance with the Congress: Prakash Karat,http://www.thehindu.com/opinion/interview/cpim-cannot-be-part-of-an-alliance-with-the-congress-prakash-kamat/article21040984.ece?utm_source=RSS_Feed&utm_medium=RSS&utm_campaign=RSS_Syndication
dac7e0aa043146bec3e0e22ee8ba3b423c8eb294a9cae0e2e4c4af7b65ec1e2c,2025-08-03 09:33:58.243383+00:00,en,ndtv.com,ndtv.com,2017-12-01,Yogi Adityanath's Stock Just Rose A Whole Lot In The BJP,https://www.ndtv.com/opinion/yogi-adityanaths-stock-just-rose-a-whole-lot-in-the-bjp-1782458
834cfbe1cd63bfb13faced3f18e4ab52dbcbad62de9ddd597c719c9e4fddc372,2025-08-03 07:32:39.546120+00:00,en,indianexpress.com,indianexpress.com,2017-12-04,"Having lost to BJP in civic polls, Amethi remains very proud of Rahul",http://indianexpress.com/article/opinion/rahul-gandhi-having-lost-to-bjp-in-up-civic-polls-amethi-remains-very-proud-4967670/
5bc04877d40aac97ef7d68fbfe094077a0901a928c4b2fee65b86edc9a8bdabf,2025-08-03 06:59:23.515842+00:00,en,thehindu.com,thehindu.com,2017-12-05,Who swings the vote in India?,http://www.thehindu.com/opinion/op-ed/who-swings-the-vote-in-india/article21261362.ece?utm_source=RSS_Feed&utm_medium=RSS&utm_campaign=RSS_Syndication
f82e1875b5a6c68f8140bb5dd6d83b6bbffe331414b5b68717fd36ea35c55fbd,2025-08-03 06:54:10.217958+00:00,en,ndtv.com,ndtv.com,2017-12-05,"In Opposition vs EVMs, Growing Talk Of ""Boycott Karnataka""",https://www.ndtv.com/opinion/in-opposition-vs-evms-growing-talk-of-boycott-karnataka-1783677
3d56dd60d6d3ccb681d4fed83c132c53137ca3292f636d1a020fd4c37df4d998,2025-08-03 05:13:43.505373+00:00,en,ndtv.com,ndtv.com,2017-12-06,"Poll Of Opinion Polls Shows BJP Winning Gujarat Again, But By Smaller Margin",https://www.ndtv.com/india-news/poll-of-opinion-polls-show-bjp-winning-gujarat-again-but-short-of-150-seat-target-1784531
416650cf43aafb976794357722bc9728d5b3b17743021bbe4d6e42b0ce8527a0,2025-08-02 22:15:29.323175+00:00,en,indianexpress.com,indianexpress.com,2017-12-12,"In Nepal, with hope",http://indianexpress.com/article/opinion/columns/in-nepal-with-hope-elections-democracy-madhesi-election-commission-4978471/
a53efd2195fd4390c4edcdbf45b1405deba2e725dc9cc1cadebb538066cb42a9,2025-08-02 21:01:23.289427+00:00,en,indianexpress.com,indianexpress.com,2017-12-13,View From The Right: Ayodhya duplicity,http://indianexpress.com/article/opinion/columns/view-from-the-right-ayodhya-duplicity-4980015/
10843fda343d98114206b1a7de20e71236dc9a797866946d49d5a60b5dde5bfc,2025-08-02 15:33:46.930748+00:00,en,thequint.com,thequint.com,2017-12-17,Shashi Tharoor on Rahul Gandhi’s Key Challenges Before 2019 Polls,https://www.thequint.com/voices/opinion/rahul-gandhi-challenges-before-2019-elections-shashi-tharoor
22cab6d82f95c5ed6b0b3acbc4e073950e6fdad77d1891a3865619d186860d5d,2025-08-02 14:12:47.675418+00:00,en,indianexpress.com,indianexpress.com,2017-12-18,Why the Gujarat results mean it is game on for Congress,http://indianexpress.com/article/opinion/why-the-gujarat-assembly-election-results-mean-it-is-game-on-for-congress-modi-amit-shah-rahul-gandhi-4988567/
8dee66e35a74711f44fb772af88cb48eb3a0cea3bc2b739169bea5ccf7204f14,2025-08-02 13:15:38.655275+00:00,en,thequint.com,thequint.com,2017-12-19,Gujarat Himachal Poll Verdict: What Political Pundits Had to Say,https://www.thequint.com/news/politics/newspaper-opinions-and-editorials-gujarat-himachal-pradesh-election-result
a85d33e66f2ca46646e81910b5c6ae5049def3b7b4054189e0e88724a43b4516,2025-08-02 11:38:07.196241+00:00,en,indianexpress.com,indianexpress.com,2017-12-20,Rahul Gandhi showed maturity by symbolically connecting with the Hindu majority,http://indianexpress.com/article/opinion/rahul-gandhi-showed-maturity-by-symbolically-connecting-with-the-hindu-majority-4991074/
9a04994a7ae92e50cf301cb73c689e4c589997ab499d828cf90374986c047652,2025-08-02 11:04:36.191846+00:00,en,thehindu.com,thehindu.com,2017-12-21,Why leaders matter,http://www.thehindu.com/opinion/op-ed/why-leaders-matter/article22085922.ece?utm_source=RSS_Feed&utm_medium=RSS&utm_campaign=RSS_Syndication
9dcb5a8dd6cffc53ce33ccfcd2bea0bff2487d7d3955318d811f5b7149a188fd,2025-08-02 11:04:24.150748+00:00,en,indianexpress.com,indianexpress.com,2017-12-21,Telescope: Are you serious?,http://indianexpress.com/article/opinion/columns/are-you-serious-rahul-gandhi-narendra-modi-gujarat-election-results-4991984/
de6ce8ce0d24a0b7da9872196e47d12c6922ebf363060078bfb9bbcb08e2d797,2025-08-02 10:58:02.832138+00:00,en,dnaindia.com,dnaindia.com,2017-12-21,Gujarat shadow over 2019,http://www.dnaindia.com/analysis/column-gujarat-shadow-over-2019-2569298
df0b7cbd09cbb1dc5c02ddbf6849281ae5faf0ac92f860625403150b9a5e4192,2025-08-02 10:16:04.033778+00:00,en,rediff.com,rediff.com,2017-12-21,The message from Gujarat 2017,http://www.rediff.com/news/column/the-message-from-gujarat-2017/20171221.htm
b19197f8c8f5ed4cdddca41c51e54d94b1ea208af65f58658bdb0f8665b0780f,2025-08-02 09:43:14.890309+00:00,en,hindustantimes.com,hindustantimes.com,2017-12-20,Gujarat election results offer hope for a rejuvenated political economy,http://www.hindustantimes.com/analysis/gujarat-election-results-offer-hope-for-a-rejuvenated-political-economy/story-532dtCOjI84D85aOWf4QyJ.html
ef6cc1d80fd4177d8e2e63025e88020a5cb037ad2e3ababea37b8b170e77bbc7,2025-08-02 07:57:39.733150+00:00,en,indianexpress.com,indianexpress.com,2017-12-23,"No proof required: Gujarat 2017, lessons for all",http://indianexpress.com/article/opinion/columns/gujarat-himachal-pradesh-assembly-elections-results-2017-bjp-congress-4995034/
f07b4d0a8a7b896f5c53462e849d042feb721c22864ee37a44ad97d4484ffd57,2025-08-02 06:59:16.760226+00:00,en,rediff.com,rediff.com,2017-12-24,"After RK Nagar, the game is on in Tamil Nadu",http://www.rediff.com/news/column/after-rk-nagar-the-game-is-on-in-tamil-nadu/20171224.htm
9a35a2888c5e841836351eaa5ce4f25b23296038c296b1020b7a792406dd8953,2025-08-02 04:08:27.944654+00:00,en,thequint.com,thequint.com,2017-12-27,"Tharoor’s Best, 2017: From Smartening Politics to Aiding Rohingyas",https://www.thequint.com/voices/opinion/best-of-shashi-tharoor-articles-2017
6ac393dfcb8abf81e5e57bceb3e9108eb30ed92c93b47904dccbb4bee91a9bc8,2025-08-02 00:20:22.020347+00:00,en,rediff.com,rediff.com,2017-12-30,How the Congress can win the 2018 elections,http://www.rediff.com/news/column/how-congress-can-win-the-2018-elections/20171230.htm
efaca77c5b5253f1fb8ae7ccac827a68fe8efbd197936f3715bee427a01b0887,2025-08-01 20:16:13.734347+00:00,en,indianexpress.com,indianexpress.com,2018-01-03,View From The Right: Anglicised Tharoor,http://indianexpress.com/article/opinion/columns/view-from-the-right-anglicised-tharoor-5009172/
3e809340d729d3b3c34331cae246e324ece2cefa2289e31a4db17c4255e28d79,2025-08-01 10:40:44.164931+00:00,en,ndtv.com,ndtv.com,2018-01-10,Modi's Combating Prowess Leaves Rahul Gandhi Exposed,https://www.ndtv.com/opinion/modis-combating-prowess-leaves-rahul-gandhi-exposed-1798200
f7024f064e70b21b2e349a2ea8237d031ddc5a5b6556fff6feb702573f5f78ad,2025-08-01 10:20:15.868072+00:00,en,ndtv.com,ndtv.com,2018-01-10,An AAP Member's Advice To Kumar Vishwas On How To Be An MP,https://www.ndtv.com/opinion/kumar-vishwas-broke-the-first-rule-of-indian-politics-1798317
1cb59db82d25b4200dcc6240557aaab362c32909d7da12b66c72397207af14b5,2025-08-01 04:20:10.585802+00:00,en,thequint.com,thequint.com,2018-01-15,PIL Filed in SC Seeking Regulation of Opinion Exit Polls,https://www.thequint.com/news/india/bjp-leader-files-pil-in-sc-for-regulation-of-opinion-and-exit-polls
8f07761a7a1b09f6af5bb0ef6a5b7a8e85e9b1602f99bcf047cdb8b11e299e49,2025-07-31 19:35:58.704547+00:00,en,thehindu.com,thehindu.com,2018-01-22,Left without consensus,http://www.thehindu.com/opinion/op-ed/left-without-consensus/article22486154.ece?utm_source=RSS_Feed&utm_medium=RSS&utm_campaign=RSS_Syndication
4ee7ea49540a45a1655ca0283ce7d3627fc847c7483506c458629674d7153a64,2025-07-31 17:13:31.924362+00:00,en,thequint.com,thequint.com,2018-01-23,"Karnataka Polls 2018: BJP, Congress Pin Hopes on ‘Vokkaliga’ Vote",https://www.thequint.com/voices/opinion/opinion-karnataka-polls-lingayat-vokkaliga-caste-bjp-congress-jds-siddaramaiah
663a08f5f3251e7547726a4f595111d9ea8b011a8b917be934508b011557616a,2025-07-31 15:44:38.049170+00:00,en,rediff.com,rediff.com,2018-01-24,Only Pinarayi Vijayan can save the CPI-M from suicide,http://www.rediff.com/news/column/only-pinarayi-vijayan-can-save-cpi-m-from-suicide/20180124.htm
bb27bbea08fbd7723b6aa8c384c34f353601711a632e137cea3a6f6644c7d54f,2025-07-31 14:40:37.043473+00:00,en,indiatimes.com,indiatimes.com,2018-01-25,Sifting Opinion Poll facts from fiction,https://timesofindia.indiatimes.com/city/goa/sifting-opinion-poll-facts-from-fiction/articleshow/62641467.cms
6f23af3b02224e9ad48da82fa3340e6c83e5ea62a255119afe1cc242b806b8e2,2025-07-31 11:21:45.895330+00:00,en,dnaindia.com,dnaindia.com,2018-01-27,Grim arc of Indian politics,http://www.dnaindia.com/analysis/column-grim-arc-of-indian-politics-2578790
e6feaac1c645935fbcb3eac220f6ac2d943c719049dbe0cafe597fe60ebf1d91,2025-07-31 10:15:17.128876+00:00,en,thequint.com,thequint.com,2018-01-28,Budget 2018: 7 Reasons Why There Is a Need for Change in Tax Slabs,https://www.thequint.com/voices/opinion/opinion-reasons-for-change-in-tax-slab-budget
5404333844f79017d0f94af802a5e5de31a51603d2369e5bd6b71177a4847c22,2025-07-31 04:01:30.672821+00:00,en,thequint.com,thequint.com,2018-02-01,Rajasthan Bypolls: ‘Double Anti-Incumbency’ at Play Against BJP,https://www.thequint.com/voices/opinion/opinion-rajasthan-bypolls-alwar-ajmer-mandalgarh-vasundhara-raje-bjp-congress
86bde8f6f1c8e049b9e5acd2e5743a167fb0968ec53154c068020c37ff43562b,2025-07-31 03:14:35.383374+00:00,en,hindustantimes.com,hindustantimes.com,2018-02-02,"Rajasthan bypolls loss should worry BJP, Vasundhara Raje as state election nears",https://www.hindustantimes.com/analysis/rajasthan-bypolls-loss-should-worry-bjp-vasundhara-raje-as-state-election-nears/story-ioG5hDQLMbvXGkzQGRxyTP.html
69b645bb9dcf93482d88be0650e3ad8f92cd7744186cb96d50986e00a2c69117,2025-07-31 02:56:08.485294+00:00,en,rediff.com,rediff.com,2018-02-02,JD-S holds key to Congress's 2nd term in Karnataka,http://www.rediff.com/news/column/jd-s-holds-key-to-congresss-2nd-term-in-karnataka/20180202.htm
53b1f62ef80ba5405188222757b2b1cb482b4671ca931ced141862e4de51ab09,2025-07-31 02:49:10.792511+00:00,en,dnaindia.com,dnaindia.com,2018-02-02,"Union Budget 2018: Jaitley takes cues from Gujarat setback, banks on Modi’s popularity with salaried class",http://www.dnaindia.com/business/column-union-budget-2018-jaitley-takes-cues-from-gujarat-setback-banks-on-modi-s-popularity-with-salaried-class-2580900
41128f1c6acdbcc5f36726a3c18a82f99ffcffd6fdd095529c04f511579a14fe,2025-07-31 01:28:46.968278+00:00,en,ndtv.com,ndtv.com,2018-02-03,Rajasthan Shows Saffron Slogans Are Losing Appeal,https://www.ndtv.com/opinion/rajasthan-shows-saffron-slogans-are-losing-appeal-1808180
48673b8e56850323edf29def75e13e0bf0bb4ffae725264eedfbba5afaba2928,2025-07-30 22:53:20.052042+00:00,en,thehindu.com,thehindu.com,2018-02-05,Green shoots of renewal?,http://www.thehindu.com/opinion/op-ed/green-shoots-of-renewal/article22651503.ece?utm_source=RSS_Feed&utm_medium=RSS&utm_campaign=RSS_Syndication
1443720d0296bcddb4870b1705c5953802d5ee8ba74abfc15086c803d8db1a80,2025-07-30 19:17:37.113912+00:00,en,ndtv.com,ndtv.com,2018-02-08,"With Gandhi-Bashing Speeches, PM Modi Sets Agenda For Next Election",https://www.ndtv.com/opinion/with-gandhi-bashing-speeches-pm-modi-sets-agenda-for-next-election-1810105
40f769b6674b3977b33dcdd41efaaae9783a73f7d2265c404c0d7dceba9138d7,2025-07-30 18:20:29.735686+00:00,en,indianexpress.com,indianexpress.com,2018-02-09,The Urdu Press: The agony of Kasganj,http://indianexpress.com/article/opinion/columns/kasganj-violence-uttar-pradesh-republic-day-bjp-5056604/
3bcd85c7e8ff2d153d3441675c61888601d4d47427180bca3d4126896dd15015,2025-07-30 10:45:03.730612+00:00,en,thequint.com,thequint.com,2018-02-14,"BJP, Hold On To Allies as Regional Parties Will Call Shots in 2019",https://www.thequint.com/voices/opinion/2019-lok-sabha-election-bjp-should-hold-on-to-allies-regional-parties
fddcf7fb4e751099fcfdbdf3f29dcab736df60d2686acc6500315ab37853a0a1,2025-07-30 09:54:58.464783+00:00,en,thehindu.com,thehindu.com,2018-02-14,BJP has to set the house in order before the Lok Sabha polls: S.M. Krishna,http://www.thehindu.com/opinion/interview/bjp-has-to-set-the-house-in-order-before-the-lok-sabha-polls/article22744927.ece?utm_source=RSS_Feed&utm_medium=RSS&utm_campaign=RSS_Syndication
48e893919acc9ba32f8d35c7ec83e347a676e4e43666470329ad906b62f54d13,2025-07-30 08:31:32.588866+00:00,en,rediff.com,rediff.com,2018-02-16,India must reject once in 5 years polls,http://www.rediff.com/news/column/india-must-reject-once-in-5-years-polls/20180216.htm
f321c5b4a069fbc2418649f8ae98f9656551d391c933cd6b9f50c0ec0a4d740a,2025-07-30 04:21:32.438448+00:00,en,thehindu.com,thehindu.com,2018-02-20,A Nepal-India win-win,http://www.thehindu.com/opinion/lead/a-nepal-india-win-win/article22800673.ece?utm_source=RSS_Feed&utm_medium=RSS&utm_campaign=RSS_Syndication
c80bfa702c398a5d2e263b14d4259e792c27fb80bccb9d95c7951a717dcd5b1f,2025-07-29 23:24:19.903009+00:00,en,ndtv.com,ndtv.com,2018-02-23,"Amid Crucial Elections, How Rahul Gandhi May Be Evolving Quickly",https://www.ndtv.com/opinion/amid-crucial-elections-how-rahul-gandhi-may-be-evolving-quickly-1816205
f88910b8827344499e363f7d1246366c3fc12d4ccafa8a2b99b3b29c5d531f5b,2025-07-29 20:34:59.812319+00:00,en,india.com,india.com,2014-03-29,Jharkhand- Can Congress-JMM stop BJP?,http://zeenews.india.com/news/general-elections-2014/analysis/jharkhand-can-congress-jmm-stop-bjp_921139.html
0bc13163cf27c1e91a62c446d6a4b9267d3b52b680b37164bb89014e3e16c589,2025-07-29 16:02:24.968391+00:00,en,thequint.com,thequint.com,2018-02-28,"With Cong Win in MP Bypolls, BJP Will Be Wary of Anti-Incumbency",https://www.thequint.com/voices/opinion/madhya-pradesh-odisha-bypolls-congress-bjp-bjd
ee68296499efccacea8d82544f0374437cd9be5ee57d166555c649c1d3c669a7,2025-07-29 14:52:26.561399+00:00,en,ndtv.com,ndtv.com,2018-03-01,Congress' Madhya Pradesh Results Should Concern Rahul Gandhi,https://www.ndtv.com/opinion/congress-madhya-pradesh-results-should-concern-rahul-gandhi-1818652
ba8a3afe78d2baa20b2cccd0cda45245ab243e5bbb0757a3c5883b53ee849fc4,2025-07-29 14:51:57.360088+00:00,en,hindustantimes.com,hindustantimes.com,2018-03-01,Is the moral advantage slipping away for the BJP? By Rajdeep Sardesai,https://www.hindustantimes.com/columns/the-moral-advantage-is-slipping-away-for-the-bjp/story-U11M8RVJTJultIIukoZnbL.html
699900567cacc382d82bc94c1df746e1b3ef56dc67db5496d8cf5d427fbe1b9d,2025-07-29 12:31:23.586737+00:00,en,thequint.com,thequint.com,2018-03-03,"Live Analysis on Counting Day: BJP’s Moment of Truth in Tripura, Meghalaya and Nagaland",https://www.thequint.com/news/politics/live-election-results-analysis-tripura-meghalaya-nagaland-counting-day
2475d986a29f14bcdc782f57224c01246d596db45f09b74cf3b266094232e652,2025-07-29 11:04:47.780332+00:00,en,indianexpress.com,indianexpress.com,2018-03-03,"BJP gobbles up Congress, bites hard into Left in Tripura",http://indianexpress.com/article/opinion/bjp-gobbles-up-congress-bites-hard-into-left-in-tripura-manik-sarkar-narendra-modi-amit-shah-5084834/
f952736020b7fb69fe371a000147dc6c3bdf5a7fc70ba342027b8856309d7aab,2025-07-29 09:49:40.710974+00:00,en,thequint.com,thequint.com,2018-03-05,The 3 Messages From Voters That All Political Parties Are Ignoring,https://www.thequint.com/voices/opinion/the-3-messages-from-voters-that-political-parties-are-ignoring
cf2854c305e29a1731897e5cca5ba638fb5963b8ff45e13fc62f912af284644d,2025-07-29 09:14:57.159562+00:00,en,indianexpress.com,indianexpress.com,2018-03-06,Keep The Polls Apart,http://indianexpress.com/article/opinion/columns/india-lok-sabha-constitution-elections-voters-keep-the-polls-apart-5087305/
65920d52afab9cd2163a1fb7d6fbf4f26069ccb3e517299cd03656a63a6cb649,2025-07-29 07:31:56.371617+00:00,en,ndtv.com,ndtv.com,2018-03-07,Akhilesh Yadav Has Bested Rahul Gandhi With Mayawati Experiment,https://www.ndtv.com/opinion/why-a-up-by-election-this-week-could-set-the-tone-for-2019-by-swati-chaturvedi-1820634
28839892d0d0a9e66e25fd25b9e7a8fb178d3a004b05ca7e2bb62af7b7668724,2025-07-29 06:48:24.288731+00:00,en,thehindu.com,thehindu.com,2018-03-07,After the Tripura setback,http://www.thehindu.com/opinion/op-ed/after-the-tripura-setback/article22952374.ece/?utm_source=rss_feed&utm_medium=rss&utm_campaign=rss_syndication
050d341af15ee465118ac86439f424e969004aaf07d2f415c8da5db2f30c5160,2025-07-29 06:48:24.252026+00:00,en,thehindu.com,thehindu.com,2018-03-07,"It is time to have a debate on proportional representation, says ex-CEC S.Y. Quraishi",http://www.thehindu.com/opinion/interview/it-is-time-to-have-a-debate-on-proportional-representation/article22951889.ece/?utm_source=rss_feed&utm_medium=rss&utm_campaign=rss_syndication
bedafe21936a4b2a0f207ced7c462b9e8f490a64db2a00124136368b751356d5,2025-07-29 04:23:25.628017+00:00,en,thequint.com,thequint.com,2018-03-09,"1996 Polls Prove a ‘Third Front’ Won’t Work, But the Idea Persists",https://www.thequint.com/voices/opinion/2019-general-elections-idea-of-third-front-amid-congress-bjp
9af9d3e1b9fc60a592975961dd5e5d63748840df11438028d21ea78f40048821,2025-07-29 04:00:12.455175+00:00,en,thehindu.com,thehindu.com,2018-03-10,Adversity to advantage: on BJP's strategy,http://www.thehindu.com/opinion/lead/adversity-to-advantage/article23009895.ece/?utm_source=rss_feed&utm_medium=rss&utm_campaign=rss_syndication
f74c4ab3ec1ff4105ef763823c77ae5d9437b19336314f85281bb59053e7d3d2,2025-07-29 02:40:47.290792+00:00,en,indianexpress.com,indianexpress.com,2018-03-11,Out of my mind: Poriborton,http://indianexpress.com/article/opinion/columns/rahul-gandhi-amit-shah-congress-tripura-elections-third-front-mamata-banerjee-poriborton-5093418/
a42da3a16876c31c424e88ccb1faaf50e2fe45f0b3647310bc00a8e879e8455a,2025-07-28 22:42:40.900863+00:00,en,indianexpress.com,indianexpress.com,2018-03-14,View From The Right: Mamata’s worries,http://indianexpress.com/article/opinion/columns/view-from-the-right-mamata-banerjee-tripura-elections-bjp-5096777/
8647f3b182b5cada3cdadd5ed1dfde1b8e50959affb23c3c524896d26a3352ce,2025-07-28 22:16:22.237816+00:00,en,ndtv.com,ndtv.com,2018-03-14,"Akhilesh And ""Bua"" Trump Adityanath",https://www.ndtv.com/opinion/akhilesh-and-bua-trump-adityanath-by-swati-chaturvedi-1823722
3451c561d63e93e1b918c414bd9c06dd0ae4e05386e4074ea43fcec7feb77bd3,2025-07-28 22:09:11.392735+00:00,en,thequint.com,thequint.com,2018-03-14,"Gorakhpur, Phulpur Araria: What Modi, Rahul Can Learn from 2009",https://www.thequint.com/voices/opinion/editorial-gorakhpur-phulpur-araria-bypolls-samajwadi-party-bjp-up-bihar-election
25aff001d9619988a8807c8292ca9595ec487fb5a2d6be237bbfba2940cc5690,2025-07-28 21:49:11.736525+00:00,en,thehindu.com,thehindu.com,2018-03-14,Analysis: SP-BSP alliance may be a game changer in 2019,http://www.thehindu.com/news/national/sp-bsp-alliance-may-be-a-game-changer-in-2019/article23245969.ece?utm_source=rss_feed&utm_medium=rss&utm_campaign=rss_syndication
19cd581d7e674382d62fff9b48a555c3864c7140b0a57bf2a25b616dcf02b889,2025-07-28 21:49:08.830603+00:00,en,thequint.com,thequint.com,2018-03-14,"UP, Bihar Bypoll Results Analysis: Impact of By-Elections on National Politics",https://www.thequint.com/voices/opinion/up-and-bihar-bypoll-result-opposition-unity-mahagathbandhan
d64d6b9702981da4bd0dd847aa7be29bc7ac12df128e39ea462cce82aa20ba89,2025-07-28 21:48:17.828303+00:00,en,hindustantimes.com,hindustantimes.com,2018-03-14,Bypoll results: 2018 shows 2019 won’t be 2014,https://www.hindustantimes.com/editorials/bypoll-results-2018-shows-2019-won-t-be-2014/story-ag0UXGr73E63UvKO6UxzCJ.html
bf90c18e7230ba3e767eb7fb36e3841703c3f0e1e23b4f12b84fb2d15ff9d8cf,2025-07-28 21:46:50.575492+00:00,en,indiatimes.com,indiatimes.com,2018-03-14,UP bypolls analysis: Was it index of voters unhappiness or opposition unity working against BJP?,https://timesofindia.indiatimes.com/india/index-of-voters-unhappiness-working-against-the-bjp/articleshow/63305933.cms
34432de46da4545d8cad126c52d2fe2a6901f12f11888bab2603be82d52bcbdd,2025-07-28 21:07:14.691667+00:00,en,theprint.in,theprint.in,2018-02-13,"Modi’s Exam Warriors: It’s all about politics, stupid!",https://theprint.in/opinion/modis-exam-warriors-its-all-about-politics-stupid/35178/
502f905b92f855c3363598f72a5e068efabae2a70ed5e2e68e0927ee314fd4f1,2025-07-28 20:43:48.268054+00:00,en,ndtv.com,ndtv.com,2018-02-03,Modi Will Look To Distance Himself From Rajasthan Rout,https://www.ndtv.com/opinion/rajasthan-shows-saffron-slogans-are-losing-appeal-1808180?pfrom=home-lateststories
61a30fe38091f40986ffd57b35cc71c3724c412f1bf50b51c236ba080579eb67,2025-07-28 20:04:59.888359+00:00,en,thehindu.com,thehindu.com,2018-03-15,The Left doesn’t need the Congress,http://www.thehindu.com/opinion/lead/the-left-doesnt-need-the-congress/article23247072.ece?utm_source=rss_feed&utm_medium=rss&utm_campaign=rss_syndication
7706daf40ca68cc6459b99f8cbc347c76049e269d6464dbc51243b0efb0793b6,2025-07-28 19:52:01.930599+00:00,en,indianexpress.com,indianexpress.com,2018-03-16,Gorakhpur to Delhi,http://indianexpress.com/article/opinion/columns/gorakhpur-to-delhi-bjp-defeat-sp-bsp-coalition-congress-opposition-5099337/
267536fa3e4f92028d47612ddb3f0e450e81b68ed20f542c581dd93d9d3c742c,2025-07-28 19:07:29.354221+00:00,en,thehindu.com,thehindu.com,2015-02-11,Interpreting the AAP win,http://www.thehindu.com/opinion/lead/interpreting-the-aap-win/article6879316.ece
5ee0133270d4d90e3fafcaab3b75fe9b5147c56bf89edac1e7e10858a0403852,2025-07-28 18:15:14.334610+00:00,en,indiatimes.com,indiatimes.com,2018-03-16,Analysis: BJP may find it difficult to repeat 2014 performance in 7 states in 2019 polls,http://timesofindia.indiatimes.com/articleshow/63335156.cms
5c3b4482e4418832444d73f8f7b5e867b5fb565adcb8d9fb8bfb10eca87445c9,2025-07-28 18:13:00.109725+00:00,en,ndtv.com,ndtv.com,2018-03-17,"For 2019, How Will Opposition Find Match For Modi?",https://www.ndtv.com/opinion/for-2019-how-will-opposition-find-match-for-modi-1824616
db4b9d07c3f0c45b7c1fd3689c3f49d55eb750ae191ac4e2d469cd801f2e6a1b,2025-07-28 18:12:26.608047+00:00,en,thequint.com,thequint.com,2018-03-17,"Gorakhpur, Phulpur Araria: Lessons From 2009 for Modi Rahul",https://www.thequint.com/voices/opinion/video-editorial-gorakhpur-phulpur-araria-bypolls-samajwadi-party-bjp-up-bihar-election
34acd716eafe9d703994b23f1f047fce9d823603461b081932e4700cbf3aeae6,2025-07-28 17:15:22.360371+00:00,en,thequint.com,thequint.com,2018-03-18,Read the best opinion reads across Sunday’s papers.,https://www.thequint.com/news/india/sunday-view-the-best-weekend-opinion-reads-curated-just-for-you-27
beee39c2150b74dec8c6ab509c989ff0fa85f69265aff36b8bd10eefd524bb98,2025-07-28 16:16:04.772382+00:00,en,thequint.com,thequint.com,2018-03-19,‘How Democracies Die’ – Lessons for India?,https://www.thequint.com/voices/opinion/how-democracies-die-review-lessons-for-india
4ee39ed3fd2321bcd3475df8cc008db7d4f68b072bb96c1b498e08a7fdec840c,2025-07-28 15:12:20.502504+00:00,en,indianexpress.com,indianexpress.com,2018-03-20,Over-reading Gorakhpur,http://indianexpress.com/article/opinion/columns/uttar-pradesh-yogi-adityanath-gorakhpur-bypoll-results-bjp-5103725/
86e9c7271c199c3f346a696a79448677af6e50bc480a6fa70aba7a0eb5be1cef,2025-07-28 13:13:40.974802+00:00,en,ndtv.com,ndtv.com,2018-03-21,Dramatic Change In Perception Of BJP This Month,https://www.ndtv.com/opinion/dramatic-change-in-perception-of-bjp-this-month-by-yashwant-sinha-1826404
1e62f618f5fd400050b5f5745c5bcc06c9b45062e2f535405b52ea973c681b1c,2025-07-28 12:58:05.401828+00:00,en,thequint.com,thequint.com,2018-03-21,‘Modi-Mukt Bharat’ is Sharad Pawar-Raj Thackeray Duo’s New Refrain,https://www.thequint.com/voices/opinion/opinion-raj-thackeray-sharad-pawar-united-against-bjp-modi-in-2019
afac26ee6fb3ca3dcca06d0289b88d3c1225ab67b063d1d0989082e4723cb8ce,2025-07-28 12:41:51.981588+00:00,en,thehindu.com,thehindu.com,2018-03-21,The priority is to defeat the RSS-led BJP government: Yechury,http://www.thehindu.com/opinion/interview/the-priority-is-to-defeat-the-rss-led-bjp-government/article23305298.ece?utm_source=rss_feed&utm_medium=rss&utm_campaign=rss_syndication
aeef1bac3cf1ed25ad831631228fb554051c931695ac6bd945c6bbf8609d547d,2025-07-28 11:15:03.677313+00:00,en,thehindu.com,thehindu.com,2018-03-21,The priority is to defeat the RSS-led BJP government: Yechury,http://www.thehindu.com/opinion/interview/the-priority-is-to-defeat-the-rss-led-bjp-government/article23305298.ece/?utm_source=rss_feed&utm_medium=rss&utm_campaign=rss_syndication
cfbcd04b22fc216a273ac64941c855fa4f37feaacf0e56c34be17ae122d354a2,2025-07-28 09:12:44.705075+00:00,en,ndtv.com,ndtv.com,2018-03-24,"Amit Shah Beats Mayawati, But Akhilesh Deal May Survive",https://www.ndtv.com/opinion/amit-shah-beats-mayawati-but-akhilesh-deal-may-survive-1828116
2223298756e7b19cf663ed3426ef809236a8e3f5ec9f19936bf43474e1544caa,2025-07-28 09:09:04.402946+00:00,en,indianexpress.com,indianexpress.com,2018-03-23,Mimicking the enemy,http://indianexpress.com/article/opinion/columns/mimicking-the-enemy-rahul-gandhi-congress-bjp-5107788/
a892190f4ebb767609a77e18e74464785263870b64443684a108f48ac0ef5fd4,2025-07-28 03:52:46.675031+00:00,en,dnaindia.com,dnaindia.com,2018-03-29,GenY will shape 2019 polls,http://www.dnaindia.com/analysis/column-geny-will-shape-2019-polls-2598779
e29e3dcbe6a28ccbb930bd8f4275d4af1396afdae0fde92415ae3695c3bdffb8,2025-07-28 02:49:33.424826+00:00,en,rediff.com,rediff.com,2018-03-30,5 reasons why Congress should merge with BJP,http://www.rediff.com/news/column/5-reasons-why-congress-should-merge-with-bjp-/20180330.htm
e8fc5c6a9c3e4e4abd3f6cd0a81ac9a11826b8eba99e0f3d260dd8ad138bc73e,2025-07-27 21:07:25.467723+00:00,en,thehindu.com,thehindu.com,2017-12-05,The one-election idea is a farce,http://www.thehindu.com/opinion/op-ed/the-one-election-idea-is-a-farce/article21261615.ece
97f309dd763b012a3e789bd0d915b78513a9ac07e864e951ad6f1f876e59a59a,2025-07-27 21:05:13.472454+00:00,en,hindustantimes.com,hindustantimes.com,2016-11-26,Prashant Jha is an Author at Hindustan Times,https://www.hindustantimes.com/columns/prashant-jha
d81d3cffd1b22593083b1003d29ab88218b90a8ed34139486103fa4b32fe9c01,2025-07-27 20:31:23.451046+00:00,en,thehindu.com,thehindu.com,2018-03-07,After the Tripura setback,http://www.thehindu.com/opinion/op-ed/after-the-tripura-setback/article22952374.ece
08b3417c2079867148b6be732a3e47885aa76c4bc6420eb8dfb2ded889032d7b,2025-07-27 20:09:23.185746+00:00,en,thehindu.com,thehindu.com,2009-05-15,A job well done - OPINION,http://www.thehindu.com/todays-paper/tp-opinion/A-job-well-done/article16596673.ece
84e8e8aae6f49bdaf992accc56056edad22424eb83d9d75fe3c585b538d0ba31,2025-07-27 19:46:17.594317+00:00,en,thequint.com,thequint.com,2018-04-06,"BJP Turns 38, But Emulating the Old Congress Regime Won’t Help It",https://www.thequint.com/voices/opinion/bjp-foundation-day-copying-congress-of-indira-gandhi-regime-modi
734b62da03691b1d5f152771cba2ba6bce04dc363c80381216615599d7774059,2025-07-27 19:40:32.680968+00:00,en,indiatimes.com,indiatimes.com,2018-04-06,Nepal’s participation in OBOR in its national interest: Nepal PM,https://economictimes.indiatimes.com/opinion/interviews/nepals-participation-in-obor-in-its-national-interest-nepal-pm/articleshow/63638462.cms
0b92e2b3c64f6dab04190bcbea6f474b77349a0ff24523a56360ae7661c7f8d6,2025-07-27 16:21:50.330259+00:00,en,ndtv.com,ndtv.com,2018-04-10,"As Dalit Anger Grows, RSS Warns Modi-Shah To Step Up",https://www.ndtv.com/opinion/as-dalit-anger-grows-rss-warns-modi-shah-to-step-up-1835116
d0c466d8b3f091726522f2943d95da9abf0658e9b0937f4b67bffd45e0bd0bbd,2025-07-27 08:42:49.718900+00:00,en,indianexpress.com,indianexpress.com,2018-04-21,Naroda Patiya case: Will Maya Kodnani be more in demand in the BJP after her acquittal?,http://indianexpress.com/article/opinion/naroda-patiya-case-tide-began-to-turn-in-maya-kodnanis-favour-when-amit-shah-defended-her-5146029/
ea27c704697aee28eaa042e77344cbf232c19ca8bbee2a792ffdda1d24aa5dac,2025-07-27 08:22:16.341712+00:00,en,rediff.com,rediff.com,2018-04-22,Marxists ready for the Battle of 2019,http://www.rediff.com/news/column/marxists-ready-for-the-battle-of-2019/20180422.htm
fcb48b0ebd020a2b4c7201e53aff77abf0441e36d81e8beb867272e36189221c,2025-07-27 07:14:42.951044+00:00,en,rediff.com,rediff.com,2018-04-24,Why the Dalit upsurge threatens the BJP,http://www.rediff.com/news/column/why-the-dalit-upsurge-threatens-the-bjp/20180424.htm
371cb3f721b3e14e2b9a7ff51cda247a02a6a98c6d1cd43aeddc80a472d26883,2025-07-27 06:29:48.993422+00:00,en,ndtv.com,ndtv.com,2018-04-25,Will BJP Or Congress Win Karnataka? What The Opinion Polls Show,https://www.ndtv.com/karnataka-news/in-karnataka-expect-a-starring-role-for-former-pm-deve-gowda-1842484
52f307cf84a3f9fcb94b01fde6dacc7afbff427a65dfdc1c348cac2fb0e3fecb,2025-07-27 06:04:43.554045+00:00,en,thequint.com,thequint.com,2018-04-25,"Will Cong, BJP Need a Kingmaker in K’taka? Opinion Polls Say So",https://www.thequint.com/news/politics/will-cong-bjp-need-a-kingmaker-in-karnataka-opinion-polls-say-so
401b3c648095bd0c69987809228418d3a7eae81f6345e13b096e2ad8a999aeba,2025-07-27 00:58:04.032569+00:00,en,rediff.com,rediff.com,2018-05-02,The BJP's politics over Jinnah's portrait at AMU,http://www.rediff.com/news/column/why-jinnahs-portrait-in-amu-should-not-go/20180502.htm
68c063c10da203de0a4da0795d00b7dde83ec6ffd058508fda04b3bc4fe48074,2025-07-26 18:27:58.331745+00:00,en,rediff.com,rediff.com,2018-05-08,Simultaneous polls in India: Boon or bane?,http://www.rediff.com/news/column/simultaneous-polls-in-india-boon-or-bane/20180508.htm
4e5d668d8ad39170d0f40c5d355474e988149ae7fe75bf87da10be63d80a1291,2025-07-26 15:59:23.377783+00:00,en,dnaindia.com,dnaindia.com,2018-05-10,K’taka heads for dead heat,http://www.dnaindia.com/analysis/column-k-taka-heads-for-dead-heat-2613408
bc6a51bc88a94859659e02988b20559458fa2fb7fc1f060035bc8ef09d8b0406,2025-07-26 13:39:47.135832+00:00,en,thehindu.com,thehindu.com,2018-05-12,Karnataka elections: Large turnout expected at polling stations,http://www.thehindu.com/opinion/columns/karnataka-elections-large-turnout-expected-at-polling-stations/article23858836.ece?utm_source=rss_feed&utm_medium=referral&utm_campaign=rss_syndication
80480dcd7810e85ea8023af7df40d4599724c19e2d8445ce4fc0eca32da04d58,2025-07-26 13:36:42.946893+00:00,en,indianexpress.com,indianexpress.com,2018-05-12,Will Karnataka toll for the Congress?,http://indianexpress.com/article/opinion/columns/karnataka-assembly-election-2018-siddaramaiah-congress-bjp-jds-lingayat-5173282/
ad4aab10d20f8d56ca96df9802a0abf41a3862936dd66c6a6bad315c855d3f9d,2025-07-26 13:36:42.912651+00:00,en,indianexpress.com,indianexpress.com,2018-05-12,Mahathir’s road ahead,http://indianexpress.com/article/opinion/columns/malaysia-election-umno-mahathirs-road-ahead-5173294/
14357c53a0e25e0c41486df7b5448c22952a280d2e5bc508758976711a5c9fb5,2025-07-26 13:36:42.864947+00:00,en,indianexpress.com,indianexpress.com,2018-05-12,High stakes battle,http://indianexpress.com/article/opinion/editorials/karnataka-assembly-election-2018-rahul-gandhi-deve-gowda-bjp-congress-high-stakes-battle-5173280/
91c8548b356a80b348255d08b27422796d407217ef7e7427c2822069dfff5bfe,2025-07-26 10:52:48.573297+00:00,en,dnaindia.com,dnaindia.com,2018-05-14,Why Karnataka Assembly election results shouldn't be seen as semi-final to 2019 Lok Sabha polls,http://www.dnaindia.com/analysis/column-why-karnataka-assembly-election-results-shouldn-t-be-seen-as-semi-final-to-2019-lok-sabha-polls-2614978
a685b7359f388cd6731b178c46665356bb78b50c99fe33f92f5385dc850ed971,2025-07-26 10:15:47.751726+00:00,en,dnaindia.com,dnaindia.com,2018-05-15,DNA Edit: Social Perils,http://www.dnaindia.com/analysis/editorial-dna-edit-social-perils-2615022
7613c44391764fc0c515bf5cf5b4a43bf91be86fe63596c95a93db9410806800,2025-07-26 10:07:11.031715+00:00,en,thequint.com,thequint.com,2018-05-15,Karnataka Election Results: The State Living to its Reputation of Ousting Incumbent Government,https://www.thequint.com/voices/opinion/karnataka-election-results-anti-incumbency-at-play
a316d3030d6a1b344e6b8b71ab796850f278afe9a972c46a94524a505f825741,2025-07-26 10:01:54.053602+00:00,en,ndtv.com,ndtv.com,2018-05-15,"With Karnataka, Amit Shah Proves He's All-Conquering",https://www.ndtv.com/opinion/with-karnataka-amit-shah-proves-hes-all-conquering-1852331
1ea1175dddfb58ac9160725c7878b779aebf730f018aefad32b75c36a6eed2a4,2025-07-26 09:31:27.293063+00:00,en,thequint.com,thequint.com,2018-05-15,"In Hung House, Who Says BJP Man Vajubhai Won’t Help Party Again?",https://www.thequint.com/voices/opinion/hung-assembly-karnataka-congress-jds-bjp-may-win-vajubhai-vala
9794c87051d4feee74f255d295752e4397db84b09ca7279d31d9408dd25c4c69,2025-07-26 09:17:42.922364+00:00,en,hindustantimes.com,hindustantimes.com,2018-05-15,"Karnataka elections show the Opposition needs to find answers to the BJP, writes Prashant Jha",https://www.hindustantimes.com/analysis/karnataka-election-results-2018-the-opposition-needs-to-find-answers-to-the-bjp/story-E4TDRtVVEKLAZokosOF3iO.html
dd90f0145879329163df99043c81404a6ad53f57c8c2e35b5110eb42f33c8c64,2025-07-26 09:07:14.104086+00:00,en,thehindu.com,thehindu.com,2018-04-25,The Karnataka election is our gateway to the south: Amit Shah,http://www.thehindu.com/opinion/interview/the-karnataka-election-is-our-gateway-to-the-south/article23662079.ece
0979d40898bd4daa2b849775544ed7062198871a5c569b1e687b176906176b4c,2025-07-26 08:48:34.157071+00:00,en,dnaindia.com,dnaindia.com,2018-05-16,DNA Edit: Troubled Congress,http://www.dnaindia.com/analysis/editorial-dna-edit-troubled-congress-2615487
fa48e0c03433d1010c8196d9b8d91b4978f251f98230e6566748b1c33b20d923,2025-07-26 08:20:25.956003+00:00,en,thequint.com,thequint.com,2018-05-16,Karnataka Elections 2018: BJP’s Karnataka Dilemma Despite Long ‘Congress-Mukt Bharat’ Spell,https://www.thequint.com/voices/opinion/karnataka-elections-2018-bjp-dilemma-over-congress-jds-alliance
6585c16a1112b31a88416cb43a5cf35eecb364d0288f7b166e8043700f974974,2025-07-26 07:37:56.640326+00:00,en,indianexpress.com,indianexpress.com,2018-05-17,Telescope: Stooping to conquer,http://indianexpress.com/article/opinion/columns/karnataka-assembly-election-results-bs-yeddyurappa-kumaraswamy-vajubhai-vala-bjp-congress-5179567/
8abc084ca8c7b896402c3d84fe15e1eca38348044ef1c7c07fc57811ddeadbe1,2025-07-26 07:37:56.618357+00:00,en,indianexpress.com,indianexpress.com,2018-05-17,This plus that,http://indianexpress.com/article/opinion/editorials/karnataka-elections-2018-yeddyurappa-mamata-banerjee-fractured-mandate-this-plus-that-5179620/
e0d5d522035b3d496306cdb0070811a11963cc1f5481c84ab5a197b3054089c3,2025-07-26 06:45:17.316838+00:00,en,indianexpress.com,indianexpress.com,2018-05-17,Lessons from the past: Can Kumaraswamy repeat Deve Gowda’s giant killer act in 1996?,http://indianexpress.com/article/opinion/karnataka-election-results-2018-kumaraswamy-deve-gowda-yeddyurappa-bjp-jds-congress-1996-5180218/
925f7947234862da88fc49f6da77e731fed099088d22e1986ed546383f3fa34c,2025-07-26 06:21:33.183873+00:00,en,thehindu.com,thehindu.com,2018-05-18,Architecture of the mandate,http://www.thehindu.com/opinion/lead/architecture-of-the-mandate/article23918543.ece?utm_source=rss_feed&utm_medium=referral&utm_campaign=rss_syndication
e22e390b3ede1d169eb02dd28d68fac7460e707e255dec8acfaf6dbfcb3ecc00,2025-07-26 05:40:47.203802+00:00,en,thequint.com,thequint.com,2018-05-18,2019 is an Open Game: 5 Key Takeaways From Karnataka Elections,https://www.thequint.com/voices/opinion/key-takeaways-from-karnataka-elections
2fe502359d5b47729c990cc11c1b25163b8df898f0653c00beb96813ce286c5e,2025-07-26 04:37:48.971475+00:00,en,dnaindia.com,dnaindia.com,2018-05-19,All eyes on K’taka: Dramatic moves counter-moves,http://www.dnaindia.com/analysis/column-all-eyes-on-k-taka-dramatic-moves-counter-moves-2616604
b6ce87a812c147415f730b47a435cfd1fa6659ee107010d58fbddca5483ba657,2025-07-26 03:43:01.117470+00:00,en,thequint.com,thequint.com,2018-05-20,"Sunday View: The Best Weekend Opinion Reads, Curated Just for You",https://www.thequint.com/news/india/sunday-view-the-best-weekend-opinion-reads-curated-just-for-you-29
0b1bbd49c2d3b93b3b0c0c46b43b20e88ddf444d1202644febc9413fdfd7e8ea,2025-07-26 03:21:20.254396+00:00,en,dnaindia.com,dnaindia.com,2018-05-20,Karnataka drama: Message is loud and clear,http://www.dnaindia.com/analysis/column-karnataka-drama-message-is-loud-and-clear-united-opposition-is-only-answer-to-stop-modi-juggernaut-2617059
aded9a0dc06fa533db3122b3154a79b39ea102f0514d87de43c8cbac82bdf55a,2025-07-25 23:50:52.368310+00:00,en,ndtv.com,ndtv.com,2018-05-23,"Opinion: Karnataka Today, Kairana Next Week",https://www.ndtv.com/opinion/karnataka-today-kairana-next-week-by-mani-shankar-aiyar-1856258
4c67fb3da8321cfcaa797ea62af83d73624b28b6d58818aef4b9c0c6228c8274,2025-07-25 22:38:02.486138+00:00,en,thehindu.com,thehindu.com,2018-05-24,Do we need the office of the Governor?,http://www.thehindu.com/opinion/lead/do-we-need-the-office-of-the-governor/article23971800.ece?utm_source=rss_feed&utm_medium=referral&utm_campaign=rss_syndication
25497fdb6c4fc04ab06a48228f03361f728d2d4bf249c9fac4c4f65827db3eb4,2025-07-25 21:50:20.457101+00:00,en,firstpost.com,firstpost.com,2018-05-23,"Milind Deora Column: For real electoral reform, Election Commission should focus on financial transparency, its own independence",https://www.firstpost.com/politics/milind-deora-column-for-real-electoral-reform-election-commission-should-focus-on-financial-transparency-its-own-independence-4479871.html
c8fe6ba5cfb470f270474735dc8e5c7bdef8c11b9377e83f1a073212c85f828d,2025-07-25 21:28:15.066037+00:00,en,indianexpress.com,indianexpress.com,2018-05-25,Mayawati reaches out,http://indianexpress.com/article/opinion/editorials/mayawati-reaches-out-bsp-2019-lok-sabha-elections-5189992/
e2aab8957c99e6299938c3116831a7cc393bf66c4b53b61d5807fa6e38c85be2,2025-07-25 19:39:54.868143+00:00,en,thequint.com,thequint.com,2018-05-27,4 Years of Modi Government: 2019 Is Not a Test for the Opposition but an Exam for Modi Himself,https://www.thequint.com/voices/opinion/opinion-modi-four-years-pitted-against-united-opposition-rahul-gandhi
fae05da21b11bb5e5b1af67146ee1a8a6e416f09addc52b04ffa912fe9f74680,2025-07-25 16:53:27.542241+00:00,en,rediff.com,rediff.com,2018-05-31,Do the Gandhis have the maturity to forge alliances?,http://www.rediff.com/news/column/do-the-gandhis-have-the-maturity-to-forge-alliances/20180531.htm
78cd57a8a162d012425cf49a12ae24cd9bcc68f12fa5559944b84548362f9f2f,2025-07-25 16:31:53.694131+00:00,en,ndtv.com,ndtv.com,2018-05-31,Kairana Shows BJP Has A Real Fight On Its Hands In 2019,https://www.ndtv.com/opinion/kairana-shows-bjp-has-a-real-fight-on-its-hands-in-2019-1860522
7d352e9cc9a8c958cea0957b1ee1d5f9037e56cdf3d170a31d6b73820cccd52f,2025-07-25 14:44:54.851509+00:00,en,dnaindia.com,dnaindia.com,2018-06-02,Bypoll jinx: Examining the road ahead for the BJP till 2019,http://www.dnaindia.com/analysis/column-bypoll-jinx-examining-the-road-ahead-for-the-bjp-till-2019-2621194
ca4df2bad498d40ec5ee101677e3372c4ba1222628ffb97f75ffb9707c10d6b5,2025-07-25 14:23:30.024462+00:00,en,thequint.com,thequint.com,2018-06-02,BJP Defeat In Up Maharasgtra By-polls: Anti-BJP Alliance,https://www.thequint.com/voices/opinion/bjp-defeat-in-up-and-maharashtra-bypolls-anti-bjp-alliance-not-the-only-reason
c7c64b69cbe6be54f41b0cf4999182538dc51b6eff198a8d86776e081f7da75c,2025-07-25 13:55:52.321085+00:00,en,thehindu.com,thehindu.com,2018-06-02,Chasing a rainbow alliance,http://www.thehindu.com/opinion/lead/chasing-a-rainbow-alliance/article24061338.ece?utm_source=rss_feed&utm_medium=referral&utm_campaign=rss_syndication
3262ac84ba374f9900a0949192cd9ac59d8376a98e90e0defa2beb6d896c0150,2025-07-25 13:34:59.839732+00:00,en,indianexpress.com,indianexpress.com,2018-06-03,Out of my mind: About time,http://indianexpress.com/article/opinion/columns/out-of-my-mind-about-time-election-commission-polling-evm-bye-elections-5201745/
77132f1c82e27c47408cff21681e8ea12a1e5b8ef3f66da9d72c2c4340d18736,2025-07-25 12:56:00.792398+00:00,en,indianexpress.com,indianexpress.com,2018-06-04,"Kairana, a state template",http://indianexpress.com/article/opinion/columns/kairana-a-state-template-bypoll-results-lok-sabha-elections-2019-bjp-opposition-5202574/
5f5f954bd2ffe9ee71f4d3bf0c3ad9b3a1fb13401817a4e91a78b6bd751d592f,2025-07-25 11:24:02.340004+00:00,en,thequint.com,thequint.com,2018-06-05,2019 Lok Sabha Elections: Opposition Can’t Win Without a ‘Mahagathbandhan’? Not Really,https://www.thequint.com/voices/opinion/opposition-cant-win-2019-without-a-mahagathbandhan-not-really
dfe5bcf057659441d08510910451579ad36acd2dd11bf97ab0d9c511fd7e27e8,2025-07-25 06:49:28.345665+00:00,en,dnaindia.com,dnaindia.com,2018-06-08,"DNA Edit: For BJP, the Vajpayee era offers vital lessons",http://www.dnaindia.com/analysis/editorial-dna-edit-for-bjp-the-vajpayee-era-offers-vital-lessons-2623069
1a0547ae714f914be1df6c2dfd2499f56762152f70cd7aac64cb9cdf093636a3,2025-07-24 22:23:27.049862+00:00,en,thehindu.com,thehindu.com,2018-06-15,Will it be BJP versus the rest in 2019?,http://www.thehindu.com/opinion/op-ed/will-it-be-bjp-versus-the-rest-in-2019/article24165976.ece?utm_source=rss_feed&utm_medium=referral&utm_campaign=rss_syndication
7df08e4e24845c00db9482518e5a39e54bc45ad3661fc04a7906e28707465f2e,2025-07-24 17:31:22.289771+00:00,en,indianexpress.com,indianexpress.com,2018-06-19,It isn’t just Trinamool,https://indianexpress.com/article/opinion/columns/mamata-banerjee-west-bengal-panachayat-polls-violence-political-killings-tmc-bjp-5222898/
8ccdadb6ccd38b2283c12299e826371388f0ebc6d7b63f2788ee424407a1303f,2025-07-24 15:38:27.371670+00:00,en,rediff.com,rediff.com,2018-06-20,The general election will be the dirtiest yet,http://www.rediff.com/news/column/the-general-election-will-be-the-dirtiest-yet/20180620.htm
529875bc272a66432304ce7d5bdbbb80cd9ca666ec6e6889fe551bfc9dd62f4f,2025-07-24 15:17:43.925266+00:00,en,thequint.com,thequint.com,2018-06-20,BJP’s social media supremacy: Will BJP’s Social Media Push Reap Benefits In The 2019 Elections?,https://www.thequint.com/voices/opinion/soical-media-influence-in-2019-lok-sabha-elections
d3926d16fb7dc0bdb9d5bf0ecd204caee9dda8f2b37911b3a3f3641364703233,2025-07-24 12:21:39.245074+00:00,en,indianexpress.com,indianexpress.com,2018-06-22,The Urdu Press: J&K Upheaval,https://indianexpress.com/article/opinion/columns/the-urdu-press-jk-upheaval-pdp-mehbooba-mufti-bjp-narendra-modi-kashmir-5227786/
f3ad09d3dd9d86053bca683d036e0aa0c637f591c48af8ad79ae8eeeaef95de7,2025-07-24 10:18:51.027163+00:00,en,thequint.com,thequint.com,2018-06-24,"Sunday View: The Best Weekend Opinion Reads, Curated Just For You",https://www.thequint.com/news/india/sunday-view-the-best-weekend-reads-curated-just-for-you-3
78c73292abe9f331d8526fcfa99ebae130117f314e97cd78c2ea55fb901bdede,2025-07-24 10:08:55.782523+00:00,en,indianexpress.com,indianexpress.com,2018-06-24,Inside Track: Car seva,https://indianexpress.com/article/opinion/columns/inside-track-car-seva-varun-gandhi-narendra-modi-rahul-gandhi-arvind-kejriwal-mamata-banerjee-5230725/
f4f71e129642ba36f09d92bf5b042f084aac17ae3f2b2110885c55310745d2ee,2025-07-24 10:08:55.733792+00:00,en,indianexpress.com,indianexpress.com,2018-06-24,Is the mood changing?,https://indianexpress.com/article/opinion/columns/is-the-mood-changing-pm-narendra-modi-2019-lok-sabha-elections-bjp-congress-5230688/
cc7ea4051b5c6d31613e2efd5491c9f626d4953f2c9e346e6e24d8376c5f9d13,2025-07-24 04:36:10.909739+00:00,en,thequint.com,thequint.com,2018-06-28,Analysing Polling Officer Identity and Electoral Outcomes,https://www.thequint.com/voices/opinion/analysing-polling-officer-identity-and-electoral-outcomes
9d66a973114829eef12a7edee1e0512ea48d916b34e4e6c6ec57396640105304,2025-07-24 01:08:44.983131+00:00,en,thequint.com,thequint.com,2018-07-01,"Sunday View: The Best Weekend Opinion Reads, Curated Just For You",https://www.thequint.com/news/india/sunday-view-the-best-weekend-reads-curated-just-for-you-4
20b8be31b70428c1998c9f0a6abb989c3a85345c25513c08db06269b160bf993,2025-07-23 17:04:25.747031+00:00,en,indianexpress.com,indianexpress.com,2018-07-07,Class act,https://indianexpress.com/article/opinion/columns/delhi-aap-government-supreme-court-judgment-lg-kejriwal-5249061/
ee5fa6f8209c66b6e4eec048a79bb186d3b563c220d68667d3808635e2bd7647,2025-07-23 13:58:40.370915+00:00,en,ndtv.com,ndtv.com,2018-07-10,Pakistan Elections Will Change Nothing For Pakistan Or India,https://www.ndtv.com/opinion/pakistan-elections-will-change-nothing-for-pakistan-or-india-by-mani-shankar-aiyar-1880420
883d24b1493af9f028daf0548f0fe3b8a00cc38200335ce13a94ff960c65c18f,2025-07-23 13:04:06.895594+00:00,en,thehindu.com,thehindu.com,2018-07-11,Poll position: on electoral reforms beyond simultaneous elections,https://www.thehindu.com/opinion/editorial/poll-position-on-electoral-reforms-beyond-simultaneous-elections/article24382534.ece
23c8969c4c39f9199f27fd90dc8eb881b012741a053527ac0a7aa4a3f14bdbd3,2025-07-23 09:03:10.789223+00:00,en,thehindu.com,thehindu.com,2018-07-14,The Congress’s OBC outreach,https://www.thehindu.com/opinion/lead/the-congresss-obc-outreach/article24414320.ece
10a0bf3f675469c776d81056a1bb75ea4d484173e7068075816065d1f7cf210c,2025-07-23 08:17:26.149886+00:00,en,thequint.com,thequint.com,2018-07-14,PM Modi Should Control Clumsy Propagandists Before They do More Harm,https://www.thequint.com/voices/opinion/pm-modi-should-control-clumsy-propagandists-before-they-do-more-harm
20a054463bd4c1ef7547f32339f1911da51532e1b822ec6305b8a8c0dd4bb7cf,2025-07-23 01:33:13.146347+00:00,en,firstpost.com,firstpost.com,2018-07-20,WhatsApp to bring fake news verification model ahead of 2019 elections in India,https://www.firstpost.com/tech/news-analysis/whatsapp-to-bring-fake-news-verification-model-ahead-of-2019-elections-in-india-4780351.html
6121a55082d0d6185b66ada606149eec7c1ad05021eb529c75789e6f61f67004,2025-07-22 22:51:13.539580+00:00,en,indianexpress.com,indianexpress.com,2018-07-23,"View From The Neighbourhood: An election, a charter",https://indianexpress.com/article/opinion/columns/pakistan-general-election-imran-khan-tehreek-e-insaf-pakistan-people-party-5270298/
390cac766a4569639613a5b5b77fa50d75c5a513533080412778e5852703cf5f,2025-07-22 20:45:21.712176+00:00,en,thequint.com,thequint.com,2018-07-24,"Pakistan Elections 2018: Whether Imran Khan or Someone Else Becomes PM, Army Will Continue to Reign",https://www.thequint.com/voices/opinion/pakistan-general-elections-army-vs-democracy-imran-khan-nawaz-sharif
485c1f3663b1bbeae478c4b277cc8cddabf1475b36c021261b0c77957597b362,2025-07-22 19:58:21.143436+00:00,en,indianexpress.com,indianexpress.com,2018-07-25,Army vs Nawaz Sharif,https://indianexpress.com/article/opinion/columns/pakistan-general-election-army-vs-nawaz-sharif-5274232/
f84f7146647726481e6072378f75e3804b8ef24c2e03af7113c5aaea3ae6b99b,2025-07-22 15:04:43.058498+00:00,en,indianexpress.com,indianexpress.com,2018-07-29,Inside Track: Hug vs slug,https://indianexpress.com/article/opinion/columns/inside-track-hug-vs-slug-5281082/
c7dbe0007943585c1e485efb21a936bc86f0c61872abd36f1af90f4285c85ea8,2025-07-22 14:18:33.305450+00:00,en,indianexpress.com,indianexpress.com,2018-07-30,View from the neighbourhood: After the polls,https://indianexpress.com/article/opinion/columns/view-from-the-neighbourhood-after-the-polls-pakistan-polls-imran-khan-5282130/
81b4662a392816a968ae28be6a91c1ca8716a176c3331cf87cf4e837dbcc94fd,2025-07-22 14:18:33.297735+00:00,en,indianexpress.com,indianexpress.com,2018-07-30,The dwindling minority,https://indianexpress.com/article/opinion/columns/muslims-politicians-in-india-bjp-narendra-modi-government-5282128/
1d667a2f96854629bee8ed1aefcd04cf98f026c70d379c6d7951e666b1e4b508,2025-07-22 08:03:47.894687+00:00,en,indianexpress.com,indianexpress.com,2018-08-03,What I saw in Pakistan,https://indianexpress.com/article/opinion/columns/pakistan-elections-imran-khan-election-commission-military-5289194/
baf5feea1cb6f5a66501bcafb8f18f5a4e7612bf80ef05e2b076a923e44a90d7,2025-07-22 07:46:14.238915+00:00,en,hindustantimes.com,hindustantimes.com,2018-08-03,Why India shouldn’t rush into engaging with the new Imran-led Pakistan,https://www.hindustantimes.com/analysis/why-india-shouldn-t-rush-into-engaging-with-the-new-imran-led-pakistan/story-IudXk959JXerwqV0v3xY9L.html
249ba4542113fd289d61c45db34d8738c04b5873afd1cd4a72d20ddb078712bc,2025-07-22 03:47:17.573925+00:00,en,thequint.com,thequint.com,2018-08-07,Mayawati and Mamata Banerjee: The Two Female Aspirants For Prime Ministership and Their Game Plans For 2019 General Elections,https://www.thequint.com/voices/opinion/mayawati-mamata-banerjee-prime-minister-hopes-2019-elections
bdc59efc25a0aff53ea108d04fedd6b14bbffa8887aaaa16ca8e5a639a6461ad,2025-07-22 00:08:31.343365+00:00,en,dnaindia.com,dnaindia.com,2018-08-10,Testing time for Kazhagams,http://www.dnaindia.com/analysis/column-testing-time-for-kazhagams-2647839
5cc1a30f2e4727ea2a3dac5208fae4f140a5557fd9382e9efbf3fb6017a1596f,2025-07-21 23:18:27.358932+00:00,en,indiatoday.in,indiatoday.in,2017-01-31,"UP Election: Samajwadi Party-Congress alliance closing gap with BJP, says India Today-Axis Opinion Poll",https://www.indiatoday.in/assembly-elections-2017/uttar-pradesh-assembly-election-2017/story/assembly-elections-2017-uttar-pradesh-assembly-election-2017-samajwadi-party-congress-indian-today-survey-958231-2017-01-31
5c22fb7a165be8b35a3a3dc44c98b3b92f319d8b81dd7b09e3f663a1969cf4c6,2025-07-21 22:40:01.943237+00:00,en,indianexpress.com,indianexpress.com,2018-08-11,Advantage NDA,https://indianexpress.com/article/opinion/editorials/advantage-nda-rajya-sabha-deputy-chairperson-poll-bjp-opposition-parliament-5301079/
dd8f9eca9c7e4fb82386d44a0c31c8058919ce15a3a94e7759b866fca625f8f9,2025-07-21 22:02:19.230769+00:00,en,indianexpress.com,indianexpress.com,2018-08-12,Inside Track: A southern problem,https://indianexpress.com/article/opinion/columns/inside-track-a-southern-problem-5302453/
807338751928fdefdbf99f57c304d32b116817f4142db5d001dc12c3020c1d76,2025-07-21 18:54:24.439984+00:00,en,thehindu.com,thehindu.com,2018-08-15,"‘Simultaneous polls can be done, but all parties have to agree’",https://www.thehindu.com/opinion/interview/simultaneous-polls-can-be-done-but-all-parties-have-to-agree/article24692274.ece
a641878688ffde5abf1a9dea6335f444f058931ae5d7e55dd570eeb132ead9e2,2025-07-21 18:52:07.033122+00:00,en,thehindu.com,thehindu.com,2018-08-15,"Simultaneous polls can be done, but all parties have to agree: Chief Election Commissioner O.P. Rawat",https://www.thehindu.com/opinion/op-ed/simultaneous-polls-can-be-done-but-all-parties-have-to-agree/article24692274.ece
d16f5a27cbe9ccddb225ec924a6485d6301f99018d74d02e0c71d3938046ac7f,2025-07-21 04:33:33.452420+00:00,en,indianexpress.com,indianexpress.com,2018-08-27,View From The Neighbourhood: Time to govern,https://indianexpress.com/article/opinion/columns/view-from-the-neighbourhood-time-to-govern-imran-khan-5325888/
ac1f7bf1cc0fb5b7ff81ed516267ec1eb23d2aaf56601cd6ec27aea6e1878dc1,2025-07-20 19:06:37.667820+00:00,en,hindustantimes.com,hindustantimes.com,2018-09-01,Have Indian elections become a marketplace?,https://www.hindustantimes.com/analysis/have-elections-in-india-become-a-marketplace/story-ekz3EmZC9b6IhWrlryfnXL.html
eb790596565f1c9e1097a2ec3980121a167e83796195776c6d97d6f3123a1132,2025-07-20 08:47:11.793878+00:00,en,indianexpress.com,indianexpress.com,2018-09-09,Inside Track: Vanishing line,https://indianexpress.com/article/opinion/columns/inside-track-bjp-pm-modi-mohanlal-rahul-gandhi-jignesh-mevani-alpesh-thakor-hardik-patel-5346706/
e857cc979bb1df70172b74722220446bf3c8ef6e8ccb255f409a96759b29c346,2025-07-20 08:12:50.090327+00:00,en,rediff.com,rediff.com,2018-09-11,BJP could win 230 seats in 2019,http://www.rediff.com/news/column/bjp-could-win-230-seats-in-2019/20180911.htm
c7be58fda9ac6700e988a55c66a9e6e27e75ad1f8079f54a23d2bada6b5ea0df,2025-07-20 04:04:29.656658+00:00,en,thehindu.com,thehindu.com,2014-12-13,Interpreting the Kashmiri vote,https://www.thehindu.com/opinion/lead/interpreting-the-kashmiri-vote/article6686791.ece
d75e2e06f69d2387636deb9213755f6d69cfee5625ca96ae42f8ad8d69118bef,2025-07-20 04:01:21.176700+00:00,en,rediff.com,rediff.com,2018-09-20,Is Amit Shah anxious about 2019?,http://www.rediff.com/news/column/is-amit-shah-anxious-about-2019/20180920.htm
f1cb9c4889989528b55cd60242f341c3da9247e615941737a09627aabd66f332,2025-07-20 03:10:24.609333+00:00,en,thehindu.com,thehindu.com,2018-09-22,Diversity in unity: on the Ajit Jogi-Mayawati alliance,https://www.thehindu.com/opinion/editorial/diversity-in-unity/article25010318.ece
b0ae95830ddce188fbfc2dd184fd74eed9b9d03c99031e4d8ce760f8ab5f3d3d,2025-07-20 02:20:48.776539+00:00,en,hindustantimes.com,hindustantimes.com,2018-09-24,"Despite electoral setbacks, why BSP chief Mayawati is no pushover",https://www.hindustantimes.com/analysis/despite-electoral-setbacks-why-bsp-chief-mayawati-is-no-pushover/story-utSr7AwUfVkQrCK1l2TkZL.html
316aece9197263642ddfb133a1b79119e65687530ff75f18dacbcff44ab35d88,2025-07-20 01:19:55.794364+00:00,en,thehindu.com,thehindu.com,2017-02-22,"Akhilesh Yadav: ‘If two young leaders come together, the people’s hopes will rise’",https://www.thehindu.com/opinion/interview/Akhilesh-Yadav-%E2%80%98If-two-young-leaders-come-together-the-people%E2%80%99s-hopes-will-rise%E2%80%99/article17342356.ece
d17654cec796284ebe3bdfe716d247cd35038f2cfb270dd8e1df37af96fcd788,2025-07-19 11:54:01.189448+00:00,en,thehindu.com,thehindu.com,2018-10-09,Five States,https://www.thehindu.com/opinion/editorial/five-states/article25160496.ece
4a2da4c1c0f4e06923815ffda8a72cd9053616d33d69f1d0f1ecfbaf9e6c2278,2025-07-19 06:04:51.014440+00:00,en,hindustantimes.com,hindustantimes.com,2018-10-15,Voters in assembly polls must not get distracted,https://www.hindustantimes.com/columns/voters-in-assembly-polls-must-not-get-distracted/story-fElJhf2PJUUW6TpL0xqwaO.html
102011ebe4bfeaee80e05e319e88a66eacd0ae0c3e2172006d82b1815c29bb48,2025-07-19 05:06:35.110993+00:00,en,thehindu.com,thehindu.com,2018-10-16,The Bhutan vote,https://www.thehindu.com/opinion/editorial/the-bhutan-vote/article25230260.ece
a10e88b12c18309181aba4f94ba75d25a072166fd6e2b95253505c149cfe9d29,2025-07-18 20:35:34.114768+00:00,en,thehindu.com,thehindu.com,2018-10-20,"Statesmanship, not brinkmanship",https://www.thehindu.com/opinion/op-ed/statesmanship-not-brinkmanship/article25265708.ece
21f8a09d35cea21ebaa045adc8b7cd227689e7e149369f5cd75fb71e3b465522,2025-07-18 08:08:06.269258+00:00,en,thehindu.com,thehindu.com,2018-11-01,Adrift on stormy seas,https://www.thehindu.com/opinion/lead/adrift-on-stormy-seas/article25383439.ece
2376ad079ec5b92a72d52f5f5c9cce82c6e82bccbb5898d19a8a40970fe179f9,2025-07-18 02:45:44.924569+00:00,en,rediff.com,rediff.com,2018-11-09,Rahul is working untiringly for Modi,http://www.rediff.com/news/column/rahul-is-working-untiringly-for-modi/20181109.htm
9d14b5e8f38ac4297542a08f055dc9d7dfed4109401b0e4c8b3a92b85c308537,2025-07-17 22:54:27.499378+00:00,en,hindustantimes.com,hindustantimes.com,2018-11-17,HT Analysis: Election 2018 may not reflect 2019 Lok Sabha poll result,https://www.hindustantimes.com/assembly-elections/election-2018-may-not-reflect-2019-result/story-STrI3dmdcdIt0Iu2e5XYcN.html
a40793037cef965b827a15905a8ffbdd7489a989e67332da232173a3625d89a6,2025-07-17 17:55:20.592407+00:00,en,hindustantimes.com,hindustantimes.com,2018-11-28,The Election Commission can only be a neutral umpire,https://www.hindustantimes.com/analysis/the-election-commission-can-only-be-a-neutral-umpire/story-hl50RPTuqTofM1LFfrG2cI.html
5d8f8ca87d3c93f6fb250c8942d8631dc85a04951bfff5d1d14dba7709c53370,2025-07-17 05:22:34.463040+00:00,en,ndtv.com,ndtv.com,2018-12-04,"In Telangana, A 2 Per Cent Swing Could Be Key: Prannoy Roy's Analysis",https://www.ndtv.com/telangana-news/telangana-assembly-elections-2018-prannoy-roys-analysis-a-2-per-cent-swing-could-be-key-1957360
a4c3d3ee37cddcce19768ce3c8f0d449daf07ded1ee1ffa6e7a74df59b8cb826,2025-07-17 05:06:58.021241+00:00,en,indianexpress.com,indianexpress.com,2018-12-04,Nehru’s lesson for Rahul,https://indianexpress.com/article/opinion/columns/congress-party-jawaharlal-nehru-rahul-gandhi-5476984/
1171054984957e0d605d24feb1fe3833e0b1d2d7f6e4e194816baba55c6c0452,2025-07-17 05:06:57.878083+00:00,en,indianexpress.com,indianexpress.com,2018-12-04,"Opinion News, The Indian Express",https://indianexpress.com/article/opinion/columns/transgender-people-hijra-community-transgender-persons-bill-world-aids-day-election-commission-5476963/
d8c61069b58833e8785483bf7bee16c893a6167f8d2ec9d830d35c03d9593c07,2025-07-16 23:54:54.193605+00:00,en,indiatoday.in,indiatoday.in,2018-12-05,Speech Analytica: Analysis of PM Narendra Modi's final election speech of 2018,https://www.indiatoday.in/elections/story/speech-analytica-narendra-modi-election-speech-rajasthan-live-analysis-1402799-2018-12-05?utm_source=rss
2278032cb33b8b5b30a10316039041cd3947343993c26f7e9d5b2a2138c7890a,2025-07-16 21:46:39.569812+00:00,en,thequint.com,thequint.com,2018-12-06,"2019 Opinion Polls: Modi Remains Popular, BJP Flounders in North",https://www.thequint.com/voices/opinion/yogendra-yadav-cvoter-survey-opinion-poll-bjp-congress
22f89febef9d2142bebe13929421edab8955a9c3627b9a638f53b010815b98c3,2025-07-16 21:14:37.363023+00:00,en,dnaindia.com,dnaindia.com,2018-12-06,Onerous art of multi-tasking,https://www.dnaindia.com/analysis/column-onerous-art-of-multi-tasking-2692659
e7bf3510810513de9c1452acee4c1845bc04ea31213e212e5c99b320b4dbdaea,2025-07-16 16:54:04.769826+00:00,en,indianexpress.com,indianexpress.com,2018-12-08,How to read December 11,https://indianexpress.com/article/opinion/columns/madhya-pradesh-telangana-chhattisgarh-mizoram-telangana-assembly-elections-results-december-11-5483783/
37e5ce45e58fc0ba42480b45ed8db70ed44d930757cce81fc3d184bb195a4f90,2025-07-16 15:32:55.580303+00:00,en,hindustantimes.com,hindustantimes.com,2018-12-08,2018 Assembly elections are a loose template for 2019,https://www.hindustantimes.com/columns/2018-assembly-elections-a-loose-template-for-2019/story-N6wNyTsDTVoVVl0SnyTfFI.html
ca34d9e248961199f8b15e462da941d469b5efe6bbf1fcf66433458187e34bd9,2025-07-16 15:16:13.371542+00:00,en,indianexpress.com,indianexpress.com,2018-12-09,Across the Aisle: Will constitutional values survive elections?,https://indianexpress.com/article/opinion/columns/will-constitutional-values-survive-elections-p-chidambaram-congress-bjp-5484799/
4dd16bf2a41bd2d936f721ab62c8751fefd1ef37cab9cdef11ba01517fd052cc,2025-07-16 14:18:24.536226+00:00,en,hindustantimes.com,hindustantimes.com,2018-12-10,"Opinion: Yogi Adityanath, not demonetisation, is PM Modi’s biggest blunder, writes Shekhar Gupta",https://www.hindustantimes.com/india-news/opinion-yogi-adityanath-not-demonetisation-is-pm-modi-s-biggest-blunder-writes-shekhar-gupta/story-QrnLrly2gnOm3bTbprZYpK.html
06dce3d48b92721477565b4be4ced5f3b3ac694af3f5e91c06e99cc06cac6da0,2025-07-16 14:09:53.928038+00:00,en,rediff.com,rediff.com,2018-12-10,"Of all assembly polls since 2014, these are most important",https://www.rediff.com/news/column/of-all-assembly-polls-since-2014-these-are-most-important/20181210.htm
e65e5ea1085cbb60a1f2c1581e78d0cac9c97dae0c76003ea2656a45b10dfb08,2025-07-16 13:44:28.824335+00:00,en,indiatimes.com,indiatimes.com,2018-12-10,Elections and the law of consequences,https://timesofindia.indiatimes.com/blogs/opinion-india/elections-and-the-law-of-consequences/
60448b3c6f509d5888390481a57904149fe505edf1f0a72af0a67a77aaa75bb6,2025-07-16 13:33:25.386366+00:00,en,hindustantimes.com,hindustantimes.com,2018-12-10,Opinion | Onion price slump sharpens PM Narendra Modi’s election stakes | opinion,https://www.hindustantimes.com/opinion/opinion-onion-price-slump-sharpens-pm-narendra-modi-s-election-stakes/story-01r1av6ICXhakLMfBuUbFK.html
2c675c9a19f77b52716529b15fb3be9ec976d9c80c29431a017ce8cf65dc995e,2025-07-16 13:02:04.369991+00:00,en,indianexpress.com,indianexpress.com,2018-12-11,No Proof Required: Revolution of rising expectations,https://indianexpress.com/article/opinion/columns/assembly-elections-result-narendra-modi-rahul-gandhi-congress-bjp-5487240/
0f8ff50abcc16960590b7db7e245104edb2a9bc876045bca798cf88d3af9ed3f,2025-07-16 12:22:58.923301+00:00,en,thehindu.com,thehindu.com,2018-12-12,Unstoppable in Telangana,https://www.thehindu.com/opinion/op-ed/unstoppable-in-telangana/article25720398.ece
0c6189e1316abc530d2b5f48a212a9655c2071f89b4768cf5509d9390d4fc05c,2025-07-16 12:18:38.421039+00:00,en,indianexpress.com,indianexpress.com,2018-12-12,Lessons from a Congress victory,https://indianexpress.com/article/opinion/columns/rajasthan-assembly-elections-2018-results-lessons-from-a-congress-victory-5489073/
098ea73327634fdff9a4512f72ae7e6cba89e45a2f404a28c025381d62fbb65c,2025-07-16 12:18:38.184373+00:00,en,indianexpress.com,indianexpress.com,2018-12-12,"Opinion News, The Indian Express",https://indianexpress.com/article/opinion/columns/hope-and-humility-state-assembly-elections-results-5489047/
e7de74df6234270d9b8f2784ffc79ab8f7430517ada0700f961bc91956fea1ff,2025-07-16 12:13:23.149811+00:00,en,thehindu.com,thehindu.com,2018-12-12,A fiercely contested landscape,https://www.thehindu.com/opinion/lead/a-fiercely-contested-landscape/article25720335.ece
302fb0120038b41df849d262c04b050e95dc59e8d64411edec73b5b27b1fba3e,2025-07-16 12:09:05.488236+00:00,en,thehindu.com,thehindu.com,2018-12-12,"Letters to the editor dated December 12, 2018",https://www.thehindu.com/opinion/letters/letters-to-the-editor-dated-december-12-2018-five-states-and-the-vote/article25720338.ece
c4d29c193f4025d53b37e9cd1b1a4b28922224057e5acac6e7c692c3ed665264,2025-07-16 12:02:02.530050+00:00,en,thequint.com,thequint.com,2018-12-12,"Mizoram Election 2018: MNF Promised Alcohol Ban To Defeat Congress, BJP Shouldn’t Try The Same With Beef",https://www.thequint.com/voices/opinion/mizoram-mnf-bjp-alliance-congress-losss-church-alcohol-policy
2cb28ebbe9b0b0c5539690538a7608cafb8aec873cf34a2c838ad179dc90c948,2025-07-16 11:46:15.502791+00:00,en,thequint.com,thequint.com,2018-12-12,‘Modi’s BJP Trounced’: How the Media Opined on Election Results,https://www.thequint.com/elections/media-editorials-on-assembly-election-results
1bd2f60ee245b4afe5209545a6a5e1b48ee10c371752283f113cd1d6d4697849,2025-07-16 11:45:34.865097+00:00,en,telegraphindia.com,telegraphindia.com,2017-02-18,Freedom with defects,https://www.telegraphindia.com/opinion/freedom-with-defects/cid/1457383
8de8243013d75142a9b7813cc1f7a9aed2793f5ba12887dbf1e41db2463a1552,2025-07-16 11:38:15.496896+00:00,en,ndtv.com,ndtv.com,2018-12-12,6 Lessons For BJP From This Big Defeat,https://www.ndtv.com/opinion/yashwant-sinhas-analysis-of-bjps-defeat-arrogance-to-blame-1960526
c0b65f085f46f0fa99b5cc84f130d95a029627b0a277c47f9ea81f19d55ae223,2025-07-16 11:34:41.610417+00:00,en,dnaindia.com,dnaindia.com,2018-12-12,"ZEE-VMR Analysis: BJP set to win 212 seats in 2019 Lok Sabha elections, NDA to get 293",https://www.dnaindia.com/india/report-zee-vmr-analysis-bjp-set-to-win-212-seats-in-2019-lok-sabha-elections-nda-to-get-293-2695244
6c499abd84b26bde6f4bfdc1fc42a61850ee6c0fc969d14e6f2d4f6d79a43f1a,2025-07-16 10:31:08.339934+00:00,en,thehindu.com,thehindu.com,2018-12-13,"Verdict 2018, a democratic fable",https://www.thehindu.com/opinion/lead/verdict-2018-a-democratic-fable/article25727931.ece
da60d583888cff3d77cfcd389c5966028d514368babe36918d051d10a01613d0,2025-07-16 10:25:34.522944+00:00,en,thehindu.com,thehindu.com,2018-12-13,Elections and results,https://www.thehindu.com/opinion/letters/elections-and-results/article25727944.ece
1a6aea3f07c047ac1eb3bc8cd2b42313ea5e736ed8a7f0bb6450c32d6e643167,2025-07-16 10:15:53.721550+00:00,en,rediff.com,rediff.com,2018-12-13,"For Rahul, the real test has just begun",https://www.rediff.com/news/column/for-rahul-the-real-test-has-just-begun/20181213.htm
59e768f8be7c1f81d09f5df0260862707b104f71d8ab6afce31b805682fec7b4,2025-07-16 08:59:26.254628+00:00,en,hindustantimes.com,hindustantimes.com,2018-12-12,Assembly election results: Voters have fired a warning shot,https://www.hindustantimes.com/editorials/assembly-election-results-voters-have-fired-a-warning-shot/story-wThEaCHaG7VrX9a8TPXC6H.html
ec73bc465f7b63e8bade06bc47e6922183da22e9c7915e6d12c4825dfa035978,2025-07-16 08:59:26.189852+00:00,en,hindustantimes.com,hindustantimes.com,2018-12-12,The 3-0 victory margin heralds the emergence of candidate Rahul,https://www.hindustantimes.com/analysis/the-3-0-victory-margin-heralds-the-emergence-of-candidate-rahul/story-X95sgRLqqxxPg9O0fQfOAJ.html
9282263d277468cdaac6ac8d20b0f172b49d5d2aab0bb5e3d3957b0966bb6f69,2025-07-16 06:39:32.008199+00:00,en,hindustantimes.com,hindustantimes.com,2018-12-16,How the Indian voter has changed in recent years,https://www.hindustantimes.com/analysis/how-the-indian-voter-has-changed-in-recent-years/story-rlCjjGKORlJrH12ZAswv0J.html
7bcec191629e45b13678b6c5f7708f2952040c51e5cd9a2e02b2e3bb23ec445f,2025-07-16 05:49:15.771112+00:00,en,thehindu.com,thehindu.com,2018-12-18,NOTA: Not a decisive factor,https://www.thehindu.com/opinion/op-ed/not-a-decisive-factor/article25766441.ece
1ad53e3eae4f88b879420a02a0d6f9d2638e5f62a99e409ff3df500f3954f3a4,2025-07-15 20:18:24.291826+00:00,en,thequint.com,thequint.com,2018-12-30,"Sunday View: The Best Weekend Opinion Reads, Curated Just For You",https://www.thequint.com/news/india/sunday-view-the-best-weekend-opinion-pieces-8
b62c3c42c1892db19ed8d43829852a68194121fa1b493119fe9ad5abf3f999c1,2025-07-15 19:01:29.470720+00:00,en,thehindu.com,thehindu.com,2019-01-01,Agenda for the fourth term,https://www.thehindu.com/opinion/op-ed/agenda-for-the-fourth-term/article25874438.ece
62c366c87909df2faba970004a75ecad24e73c92f6963718dc5b9ffc6700db2e,2025-07-15 19:01:28.991434+00:00,en,thehindu.com,thehindu.com,2019-01-01,Hasina’s triumph: on Bangladesh election results,https://www.thehindu.com/opinion/editorial/hasinas-triumph/article25874907.ece
27e72a2966ee2e9e5cdf1259f6a2572e8d8236a1490cab9b7f0af7256fd9243d,2025-07-14 02:46:55.458183+00:00,en,indianexpress.com,indianexpress.com,2019-01-13,"Sachin Pilot: No debate, no data, no analysis. They have just chosen the 10 per cent figure. Why not 9 or 11?",https://indianexpress.com/article/india/sachin-pilot-10-per-cent-reservation-upper-caste-rajasthan-ashok-gehlot-narendra-modi-bjp-congress-5535742/
61d1bcb5ce9c1dfda4dbaf533e06d89bc645a4c3407d69c67b480b24709d42fc,2025-07-14 01:57:22.808247+00:00,en,thequint.com,thequint.com,2019-01-13,"Sunday View: The Best Weekend Opinion Reads, Curated Just For You",https://www.thequint.com/news/india/sunday-view-the-best-weekend-opinion-reads-curated-for-you-14
baa98355a2d965987ea255ee9dd84a2cd924360ec7f64ec54a6b948663800e6a,2025-07-13 23:53:04.839959+00:00,en,rediff.com,rediff.com,2019-01-12,Why exit polls go wrong,https://www.rediff.com/news/column/why-exit-polls-go-wrong/20190112.htm
be97f34adfb202d7559e091b8d3f0fba8a3454a6b8c7f1b25a70d0aa70ba616e,2025-07-13 17:49:27.114557+00:00,en,thehindu.com,thehindu.com,2019-01-15,Lok Sabha elections 2019: The contours of contest ahead,https://www.thehindu.com/opinion/lead/the-contours-of-contest-ahead/article25995207.ece
398c3b604291cd64753a9b3a9061f4e2f43f45de6291851d59da3fd4a7570033,2025-07-13 07:07:52.444620+00:00,en,thehindu.com,thehindu.com,2019-01-18,"Yes, No, It's Complicated",https://www.thehindu.com/opinion/op-ed/will-the-bsp-sp-alliance-in-uttar-pradesh-be-successful/article26018450.ece
481d01b568633b309fa6ced1fe5730ca0b7c51ad1aca4358df20bb5086fe4903,2025-07-13 01:13:38.474236+00:00,en,dnaindia.com,dnaindia.com,2019-01-18,Pumping up party organisation,https://www.dnaindia.com/analysis/column-pumping-up-party-organisation-2709176
22cefee04ba6f38dff598574ef803f0907f01a1bf81df35df0e4394a4ccc2f13,2025-07-12 21:41:41.952367+00:00,en,thehindu.com,thehindu.com,2019-01-22,Why EVMs must go,https://www.thehindu.com/opinion/op-ed/why-evms-must-go/article26053761.ece
8aa6825248a32b6ffdd36b710569a69aa5ff18ae9103367a8699d5c25e157a16,2025-07-12 19:40:16.514185+00:00,en,indianexpress.com,indianexpress.com,2019-01-24,Not the EVM again,https://indianexpress.com/article/opinion/columns/not-the-evm-again-hacking-controversy-cyber-experts5552948/
097f323018c07092751645126e8f48f62324f5c52c06c4ec94bee4f41a071236,2025-07-12 18:35:06.755187+00:00,en,indianexpress.com,indianexpress.com,2019-01-25,Let EVM be,https://indianexpress.com/article/opinion/editorials/let-evm-be-hacking-ec-5554239/
4727bdac1839a04b1814fbe361ceca6ccf8faf78f7e4cd3f8b88700b528e77fc,2025-07-12 16:19:03.269144+00:00,en,indianexpress.com,indianexpress.com,2019-01-27,"Across the aisle: Ring out the old, ring in the new",https://indianexpress.com/article/opinion/columns/lok-sabha-elections-electronic-voting-machines-election-commission-citizenship-bill-5556502/
c827758b0c84bd04f96535d73737ed4fc0f384b5f84ee339d9872338fcfd8c12,2025-07-12 15:21:36.288756+00:00,en,thequint.com,thequint.com,2019-01-27,"Sunday View: The Best Weekend Opinion Reads, Curated Just For You",https://www.thequint.com/news/india/sunday-view-the-best-weekend-opinion-reads-curated-just-for-you-45
3f999cc3aa91bd10c885342c97eda44261f09dd16808f0c1bae56c208929c70e,2025-07-12 10:37:33.140017+00:00,en,indianexpress.com,indianexpress.com,2015-01-21,The AAPostate | The Indian Express,https://indianexpress.com/article/opinion/columns/the-aapostate/2/
d5ff4115a2c02df4b2e316b066c19e434bcc04cd880de39a9b54f52a4513c0dd,2025-07-12 10:37:08.909203+00:00,en,firstpost.com,firstpost.com,2014-12-22,Delhi opinion poll: BJP gets majority but AAP has cause for hope,https://www.firstpost.com/politics/delhi-opinion-poll-bjp-gets-majority-but-aap-has-cause-for-hope-1856291.html
111b337b8953b71013b31090b6f17ae26e4c625cee7c99a811d430f942bd1b22,2025-07-12 10:37:00.723318+00:00,en,thehindu.com,thehindu.com,2014-05-13,A sense of relief,https://www.thehindu.com/opinion/editorial/a-sense-of-relief/article6002032.ece?ref=relatedNews
31dcd7b71f5244086436ce372cf9d9a7c721a9b5947a34aa68526383c710cc19,2025-07-12 10:28:53.776565+00:00,en,indianexpress.com,indianexpress.com,2014-05-15,Will states matter on May 16?,https://indianexpress.com/article/opinion/columns/will-states-matter-on-may-16/99/
9cd02b6b3b991557e56e0ae7ea08c68b4145e38f09a79b864a3102b660fde849,2025-07-12 10:28:53.743927+00:00,en,ndtv.com,ndtv.com,2014-05-18,AAP: The Bubble That Has Just Gone Bust,https://www.ndtv.com/opinion/aap-the-bubble-that-has-just-gone-bust-562602
6d46880d8b2c5e9a437ed8050dc18eda3fb475c59badfdd9860948577ccd2659,2025-07-12 10:28:53.457038+00:00,en,rediff.com,rediff.com,2014-04-11,Be wary of tall claims that a decisive leader can provide a quick fix,http://inwww.rediff.com/news/column/ls-election-column-rajni-bakshi-be-wary-of-claims-that-a-decisive-leader-can-provide-a-quick-fix/20140411.htm
d4f0c885b4dd95015449e10fbe49c19839d4460a47f10f60dbb6d74e7fe86f1b,2025-07-12 09:54:31.765419+00:00,en,thequint.com,thequint.com,2019-04-07,"Sunday View: The Best Weekend Opinion Reads, Curated Just For You",https://www.thequint.com/news/india/sunday-view-best-weekend-news-curated-just-for-you-2
404eb0e8643bd0dedd9bf4eb2f850355668144bbb8aba31dbda35433a715718a,2025-07-12 09:00:28.591756+00:00,en,dnaindia.com,dnaindia.com,2019-04-08,Truth of wave-less elections,https://www.dnaindia.com/analysis/column-truth-of-wave-less-elections-2737337
8bef76e72a4680c4a300bd038e78cd687787df5d230b78c44c370d2b796c7e8d,2025-07-12 06:44:20.163130+00:00,en,dnaindia.com,dnaindia.com,2019-04-10,DNA Edit: VVPAT slips,https://www.dnaindia.com/analysis/editorial-dna-edit-vvpat-slips-the-sc-order-should-put-to-rest-any-further-controversy-2738008
f433e08795a681ce932ad4ec3099f76316801356c48eddd912fff2773085acb9,2025-07-12 04:47:13.575759+00:00,en,hindustantimes.com,hindustantimes.com,2019-04-09,Rahul in Wayanad may contribute to the Left’s fall,https://www.hindustantimes.com/analysis/rahul-in-wayanad-may-contribute-to-the-left-s-fall/story-zB9YsErhftWvLOfCjw186H.html
cd5c07cf23c261b0f12b57a9870dbceefbea250d075e86d7c1d534eee14c804f,2025-07-12 04:39:23.499871+00:00,en,rediff.com,rediff.com,2019-04-10,4 key reasons why markets are unaffected by election results,https://www.rediff.com/business/column/four-key-reasons-why-elections-dont-impact-stock-markets/20190410.htm
a29689673119005d553134f6d37968b69dd01ec44ca2cb3aec683fc40a8575f6,2025-07-12 02:53:20.120381+00:00,en,thequint.com,thequint.com,2019-04-12,Why Voter Turnout in Uttar Pradesh Should Cause Grave Worry to Modi and BJP,https://www.thequint.com/voices/opinion/lok-sabha-elections-voter-turnout-in-up-worry-for-bjp
142a79af86bc12bc063b96c7fdb742661ab55a906505a2494e87f51df921f074,2025-07-12 02:34:05.316782+00:00,en,ndtv.com,ndtv.com,2019-04-11,Akhilesh's Problems In Dealing With Tough Ally Mayawati,https://www.ndtv.com/opinion/akhileshs-problems-in-dealing-with-tough-ally-mayawati-2021387
59129b0fe7fa9e258fbbb614edca47bc53b88e2dce103186bf5103b29009a447,2025-07-12 01:11:24.996997+00:00,en,firstpost.com,firstpost.com,2019-04-11,"Lok Sabha Elections 2019: How Facebook, Google and Twitter are dealing with fake news, political ads and election interference",https://www.firstpost.com/tech/news-analysis/lok-sabha-elections-2019-how-facebook-google-and-twitter-are-dealing-with-fake-news-political-ads-and-election-interference-6429721.html
7778343b0098ae26230294dc97a03bd60664203f089f4cc7062493ba707932b1,2025-07-12 01:11:20.928917+00:00,en,firstpost.com,firstpost.com,2019-04-11,"Lok Sabha Elections 2019: Here's everything WhatsApp is doing to avoid fake news, propaganda during election period",https://www.firstpost.com/tech/news-analysis/lok-sabha-elections-2019-heres-everything-whatsapp-is-doing-to-avoid-fake-news-propaganda-during-election-period-6423851.html
1891181bcd506de230bc041550ec92cf21c829aa2a5e02c2ce8a0d5fabb3d873,2025-07-12 01:05:29.901858+00:00,en,thequint.com,thequint.com,2019-04-12,Why the SC’s Electoral Bonds Order Leaves a Lot to be Desired,https://www.thequint.com/voices/opinion/why-supreme-court-electoral-bonds-interim-order-ineffective
8694e97dd3bdcaf1162008bab07f8e80f3c204e83ea07c5ec617962effb7dedc,2025-07-12 00:56:01.297037+00:00,en,firstpost.com,firstpost.com,2019-04-12,"Facebook, Twitter remove 503 posts which violated EC's model code of conduct",https://www.firstpost.com/tech/news-analysis/facebook-twitter-remove-503-posts-which-violated-ecs-model-code-of-conduct-6438401.html
989f4f3239438e662926d03560fa866c5367ba6909e6a9e241d8151d1f766ce3,2025-07-11 21:59:25.406434+00:00,en,ndtv.com,ndtv.com,2019-04-13,Mask Ripped Off Modi's Attempt At Secrecy In 2 Huge Matters,https://www.ndtv.com/opinion/mask-ripped-off-modis-attempt-at-secrecy-in-2-huge-matters-2022669
8c61a57af37ec24c4f49016e508494cb547c3bdb1058ca2f628330021ca3c030,2025-07-11 21:41:16.527966+00:00,en,ndtv.com,ndtv.com,2019-04-14,Big Change In Tamil Nadu's Politics: Prannoy Roy's Analysis,https://www.ndtv.com/india-news/big-change-in-tamil-nadus-politics-prannoy-roys-analysis-2023003
0b20cc8818a0e8e3ce7838075cea673c74a0f8e2bf1c7e932eb9b6521d0c04ca,2025-07-11 16:54:17.300521+00:00,en,indianexpress.com,indianexpress.com,2019-04-15,Poll machine and the people,https://indianexpress.com/article/opinion/columns/election-commission-poll-duty-lok-sabha-elections-5675499/
b563cad4c270881a8783d6470cadcf0150a99d52adb8676be71442b9046ce00a,2025-07-11 15:59:00.040884+00:00,en,rediff.com,rediff.com,2019-04-15,Sai's Take: TN heading for a one-sided verdict,https://www.rediff.com/news/column/sais-take-tn-heading-for-a-one-sided-verdict/20190415.htm
a5e12cb143ea629b2491b6d90134a4992bd580a4565ed82e54ff01e598400c7a,2025-07-11 13:43:34.405153+00:00,en,ndtv.com,ndtv.com,2019-04-16,Arvind Kejriwal Must Accept The Truth. He Has Missed The Bus,https://www.ndtv.com/opinion/arvind-kejriwal-must-accept-the-truth-he-has-missed-the-bus-2023779
314381d421573b045a262ea5e155cd1b19c4e3d4eb4449fb47a9386f59d1dfdb,2025-07-11 10:24:56.447237+00:00,en,thequint.com,thequint.com,2019-04-17,Elections 2019 Phase 2 Voting in Uttar Pradesh: Analysis of How Mahagathbandhan Can Impact BJP?,https://www.thequint.com/elections/uttar-pradesh-phase-2-election-sp-bsp-rld-mahagathbandhan-impact-bjp
ee9552a3b5c8ae47f52faa5407b8b2060b7b9e1ca01fcfa68b4de7abb7d304ff,2025-07-11 09:24:49.731862+00:00,en,dnaindia.com,dnaindia.com,2019-04-19,There is no alternative to Narendra Modi,https://www.dnaindia.com/analysis/column-there-is-no-alternative-to-narendra-modi-2741055
74f9640322a9fe8ba7aa5a8b18603ff32b6a183d145a904f171003168d5817cf,2025-07-11 09:23:43.096996+00:00,en,thequint.com,thequint.com,2019-04-19,What Terror-Accused Pragya Singh Thakur’s Candidature Means for India,https://www.thequint.com/voices/opinion/sadhvi-pragya-singh-thakur-malegaon-blast-terror-accused-elections-2019-bjp
2334720d7f954c1ae1d1ffc1efe87ed13fd24cc0379df656e8c63cc80076ae1f,2025-07-11 09:13:08.107244+00:00,en,ndtv.com,ndtv.com,2019-04-18,Modi-Shah's Desperation Shows With Choice Of Pragya Thakur,https://www.ndtv.com/opinion/modi-shahs-desperation-shows-with-choice-of-pragya-thakur-2024837
b6c08bfb16a79ec0ab8c7ea168c14fa7585a88726c3e69d286e513666f352b5c,2025-07-11 08:52:53.627238+00:00,en,indiatimes.com,indiatimes.com,2019-04-18,Regional alliances that have bet big on vote transfers will be on test today,https://timesofindia.indiatimes.com/blogs/toi-editorials/regional-alliances-that-have-bet-big-on-vote-transfers-will-be-on-test-today/
4b1eb94c203ecc27f264d133a3129be4077a923bdedc36ba8bddfe411ca33213,2025-07-11 08:23:39.938333+00:00,en,thehindu.com,thehindu.com,2019-04-20,Poll notes,https://www.thehindu.com/opinion/letters/poll-notes/article26891754.ece
2ba5f7a24b5078538e1672dffcbe0121dfcdc51309a9c9b139738b9eb60f124b,2025-07-11 08:18:33.203534+00:00,en,indianexpress.com,indianexpress.com,2019-04-20,"Half MPs, half votes",https://indianexpress.com/article/opinion/columns/maneka-gandhi-muslim-votes-half-mps-half-votes-5685082/
b8ea8e18ab27cd59654cf49e8fc1caeab8bcdaa048a15f5a3f0135febe8a1a94,2025-07-11 07:52:06.054350+00:00,en,ndtv.com,ndtv.com,2019-04-19,"Congress' Urmila Matondkar, A Surprise Hit In This Campaign",https://www.ndtv.com/opinion/dear-kejriwal-and-rahul-negotiations-are-best-kept-off-twitter-2025459
3a68c52ba32a89c080f71501c03ea486e7edbe7321e7381885d3047e09919937,2025-07-11 07:20:00.476951+00:00,en,ndtv.com,ndtv.com,2019-04-20,"In Karnataka, Tiny Swing Can Make Huge Difference: Prannoy Roy's Analysis",https://www.ndtv.com/india-news/lok-sabha-elections-2019-in-karnataka-tiny-swing-can-make-huge-difference-prannoy-roys-analysis-2026140
d7deffa65628e9ea51b03a42e8f034de1e1a9fb9df0ccce3687b397775a22404,2025-07-11 06:22:43.890640+00:00,en,thehindu.com,thehindu.com,2019-04-22,Internal resolve trumps external threats,https://www.thehindu.com/opinion/Readers-Editor/internal-resolve-trumps-external-threats/article26905298.ece
3fc0c031b35ef28a4a08c8889364a625c4abf444050b6fd499d6b37220a82174,2025-07-11 06:13:18.449629+00:00,en,hindustantimes.com,hindustantimes.com,2019-04-22,India’s democracy is under stress,https://www.hindustantimes.com/columns/india-s-democracy-is-under-stress/story-eKZ2Uy2g12ARVaFMY4Q4UL.html
1a7696c12b94510bbc4fd2985ff91d572266423117def140c8a50f9add234ae8,2025-07-11 06:09:27.576461+00:00,en,thequint.com,thequint.com,2019-04-21,"Sunday View: The Best Weekend Opinion Reads, Curated Just For You",https://www.thequint.com/news/india/sunday-view-best-weekend-news-elections-2019-modi-rahul-congress-bjp-campaign
72e8bb8aa453c50260ea826e45f8241e7860cf063f481dea4a305cf30bf7dddb,2025-07-11 05:07:00.362709+00:00,en,thehindu.com,thehindu.com,2019-04-22,Being fair and transparent,https://www.thehindu.com/opinion/lead/being-fair-and-transparent/article26905329.ece
c1723d525166f36a2ec1c9a67824241060b7049592f937b01afede2bddd8ec5e,2025-07-11 02:20:21.302298+00:00,en,indiatimes.com,indiatimes.com,2019-04-24,Poll Code Violations: EC must be stricter and impose penal provisions against violators,https://timesofindia.indiatimes.com/blogs/toi-editorials/poll-code-violations-ec-must-be-stricter-and-impose-penal-provisions-against-violators/
5b058cb5f583909c3d10275e1e14dfca06b0815ed87f746ecd4a3c0398341e52,2025-07-11 01:39:33.161969+00:00,en,dnaindia.com,dnaindia.com,2019-04-26,Nothing really model about it,https://www.dnaindia.com/analysis/column-nothing-really-model-about-it-2743200
a1b482f4ee9ead59df6930627b802eb7ca85bd7af265058d5b52b1c070f91f68,2025-07-11 01:38:22.354051+00:00,en,dnaindia.com,dnaindia.com,2019-04-26,Poll code: Nothing really model about it,https://www.dnaindia.com/analysis/column-poll-code-nothing-really-model-about-it-2743200
0a09986a899096a4a45fe6410d254af0d1da182d4c03bc11efc3f9f90279877c,2025-07-10 22:34:10.560830+00:00,en,thehindu.com,thehindu.com,2019-04-29,The government’s anti-corruption scorecard,https://www.thehindu.com/opinion/op-ed/the-governments-anti-corruption-scorecard/article26974033.ece
1ccdf031b788c6f540110a0a9d68749de4e5b29126f41b187559aac0873c3b34,2025-07-10 22:21:40.388243+00:00,en,thehindu.com,thehindu.com,2019-04-29,Letters to the Editor,https://www.thehindu.com/opinion/letters/letters-to-the-editor-april-29-2019/article26974282.ece
4334ff036b24c7623e0719c8c03aec6e20341bcd269eb4cb2622e57881c29162,2025-07-10 21:31:24.809253+00:00,en,indiatimes.com,indiatimes.com,2019-04-30,"Case for EVMs: Polling in the 21st century is in need of more technology, not less",https://timesofindia.indiatimes.com/blogs/toi-editorials/case-for-evms-polling-in-the-21st-century-is-in-need-of-more-technology-not-less/
26ea2762b2a51ae92c2997fa5a0fea0a84530cce10bfca8e3c4909e5898d6a61,2025-07-10 20:23:02.616932+00:00,en,thehindu.com,thehindu.com,2019-05-01,The battle for Sabarimala,https://www.thehindu.com/opinion/op-ed/the-battle-for-sabarimala/article26995173.ece
876fd64c084dde12300e530ce3e1fc235c2122209b108ea9e4cc6db9a26cf6b2,2025-07-10 20:05:57.133978+00:00,en,indianexpress.com,indianexpress.com,2019-05-01,Pushing buttons,https://indianexpress.com/article/opinion/editorials/lok-sabha-elections-evm-election-commission-bjp-congress-5703588/
607abec0f466d84bf9c5c095775ee286d252b0c8f880a40652b18aa2f4c79034,2025-07-10 15:52:34.001698+00:00,en,hindustantimes.com,hindustantimes.com,2019-01-02,"Analysis| Narrative, not Opposition unity, is BJP’s bigger worry ahead of 2019 polls",https://www.hindustantimes.com/india-news/analysis-narrative-not-opposition-unity-is-bjp-s-bigger-worry-ahead-of-2019-polls/story-MHlysBJfuhX3wl2LqszdyI.html
a8d716956b8987ced2dd8c88485f997a4ce0b952d3422a0ad4aabb73753dc8b7,2025-07-10 12:46:01.053112+00:00,en,theprint.in,theprint.in,2018-12-31,Millennial voters will be the face of India & Indonesia in 2019,https://theprint.in/opinion/millennial-voters-will-be-the-face-of-india-indonesia-in-2019/171102/
6e143f065d8e3da11bc44c6a8f0b628c3ab1d1debe6211112efcda27e5191431,2025-07-10 11:13:40.038641+00:00,en,thehindu.com,thehindu.com,2019-01-02,Ram Vilas Paswan: 'We need a long-term strategy to address agricultural distress',https://www.thehindu.com/opinion/interview/we-need-a-long-term-strategy-to-address-agricultural-distress/article25884074.ece
651ca6a097fb0bdd7e7b3a148f2109ba03630ff0f877b21bc1ab25557909890a,2025-07-10 10:24:25.033661+00:00,en,thehindu.com,thehindu.com,2019-01-04,Is the Modi charisma fading?,https://www.thehindu.com/opinion/op-ed/is-the-modi-charisma-fading/article25902617.ece
82c5f7270be310d17c5d5402e5cf5f1a0b33937858192f3b7903493c3b003e0b,2025-07-10 05:54:24.710838+00:00,en,indianexpress.com,indianexpress.com,2019-01-05,"Opinion News, The Indian Express",https://indianexpress.com/article/opinion/editorials/jammu-kashmir-elections-presidents-rule-bjp-mehbooba-mufti-omar-abdullah-pave-way-for-polls-burhan-wani-5523944/
1e9d56f6e568d57f9b510bc9614ac543f20997059a4938299361a3c290e81e2d,2025-07-10 04:10:17.265882+00:00,en,thequint.com,thequint.com,2019-01-07,"2019 Polls: Modi’s Approval Ratings, Swing Voters to Shape Result",https://www.thequint.com/voices/opinion/2019-general-elections-factors-modi-popularity-alliances
b126da3a5a1c15f38b53c1f2188ce806c7e5b50ae4131dca2a1c508aeadadf80,2025-07-10 00:36:08.349604+00:00,en,thehindu.com,thehindu.com,2019-01-10,Assam in flux: why the Citizenship (Amendment) Bill is so contentious,https://www.thehindu.com/opinion/op-ed/assam-in-flux/article25952818.ece
b7ba1cb7dae371851331cc2e57c5af1c91eea8a7a32f9a5dc2675cdbcc47d79a,2025-07-09 19:39:20.695526+00:00,en,thehindu.com,thehindu.com,2019-01-14,"Sharing, and not caring: on the SP, BSP tie up",https://www.thehindu.com/opinion/editorial/sharing-and-not-caring/article25986896.ece
bd15822c15a1943bc02498303d552e7cfd4a5bb7ef07332268a1e0ac4c00b880,2025-07-09 13:19:53.691155+00:00,en,firstpost.com,firstpost.com,2019-01-22,Google promises transparency in political ads ahead of 2019 General Elections,https://www.firstpost.com/tech/news-analysis/google-promises-transparency-in-political-ads-ahead-of-2019-general-elections-5941291.html
eaeb3b1f661b9a5e46a6c9af122431419301e03448c195c69b5710f1467091fc,2025-07-09 11:39:00.035307+00:00,en,hindustantimes.com,hindustantimes.com,2019-01-23,‘I have no doubt our EVMs are tamper-proof’,https://www.hindustantimes.com/analysis/i-have-no-doubt-our-evms-are-tamper-proof/story-jOMeR7VhB4zOtXFFBMEY9K.html
df2e5700c7c3eef820e6645d534b195b9e3765f8393966a3f03dacd1c0a6a613,2025-07-09 11:13:57.642268+00:00,en,thequint.com,thequint.com,2019-01-26,"Modi Sir, Your TV Pals Messed up Priyanka Gandhi’s Ascension",https://www.thequint.com/voices/opinion/pm-modi-your-tv-friends-messed-up-priyanka-gandhi-political-ascension
d0873bd8273f54023a2a0c31a43941d1e9d2bbb99cba81413879786e45f15282,2025-07-09 09:14:23.996269+00:00,en,thehindu.com,thehindu.com,2015-03-21,Managers vs. ideologues in AAP,https://www.thehindu.com/opinion/lead/managers-vs-ideologues-in-aap/article7016170.ece
6aa46e04d4826122055aff2339243e3ca549bfc1208ffe2f0f40dccf1ead123a,2025-07-09 08:24:22.014305+00:00,en,hindustantimes.com,hindustantimes.com,2019-02-01,OPINION | The budget has exposed the NDA government’s nervousness,https://www.hindustantimes.com/columns/the-budget-has-exposed-the-nda-government-s-nervousness/story-05AZ2FqswjUp6Uo1JCemTM.html
eed39af6dc5a8daf38d04e100bf84b55d8a5b9e0d24725a3b3710085304c743e,2025-07-09 07:38:16.704465+00:00,en,rediff.com,rediff.com,2019-02-02,Is Modi more popular in 2019?,https://www.rediff.com/news/column/is-modi-more-popular-in-2019/20190202.htm
bd2a009421a51a0ebd209ff589e73aee9545b915cf8bf78e33df1fcf3b315147,2025-07-09 07:38:16.667759+00:00,en,rediff.com,rediff.com,2019-02-02,Shiv ji ki baraat without a groom,https://www.rediff.com/news/column/shiv-ji-ki-baraat-without-a-groom/20190202.htm
49ef17569c22b43416cf2e3679a58576caf0380617a9af2101f4d5fc0bbf54ef,2025-07-09 04:13:11.774399+00:00,en,thehindu.com,thehindu.com,2019-02-06,The 2019 election is going to be all about alliances: Ruchir Sharma,https://www.thehindu.com/opinion/interview/the-2019-election-is-going-to-be-all-about-alliances/article26186275.ece
698c4c6783c472bd81862d53f75a16ce23eb97018e691610fed394076f716ac9,2025-07-09 02:47:54.978718+00:00,en,thequint.com,thequint.com,2019-02-07,Modi’s Kashmir Visit Is Fine But No Signs Of Assembly Polls Yet,https://www.thequint.com/voices/opinion/modi-kashmir-visit-jammu-kashmir-assembly-polls
d7e3b792694f357521c551ddd80cc99ad0ab45c57050e00ea01d5a683b39e54f,2025-07-08 07:02:51.145609+00:00,en,thequint.com,thequint.com,2019-02-18,Will Modi Pull Off an Indira (1971) or Succumb to a Vajpayee (2004),https://www.thequint.com/voices/opinion/narendra-modi-2019-lok-sabha-elections-indira-gandhi-atal-bihari-vajpayee
8d31a59d25956202c234fc87340d2152728e575d23be09393c9594870025be22,2025-07-08 04:29:49.745006+00:00,en,ndtv.com,ndtv.com,2019-02-18,Amit Shah Finally Won Over Sena. LK Advani Was Tougher,https://www.ndtv.com/opinion/amit-shah-finally-won-over-shiv-sena-lk-advani-was-tougher-1995482
df84efbed8ec9b12f050d31b1cec44346bf3d12d87979c4fc8508901ecd952b8,2025-07-07 18:54:50.976860+00:00,en,hindustantimes.com,hindustantimes.com,2019-02-25,Opinion | BJP needs another Modi wave | lok sabha elections,https://www.hindustantimes.com/lok-sabha-elections/bjp-needs-another-modi-wave/story-MUMjETWXiTep3HVWGYutUK.html
bf3e23c568ab1b3f06ecb1724f9cb5af857d63096e07b16b2244a8fcd7f188e7,2025-07-07 16:18:57.297076+00:00,en,dnaindia.com,dnaindia.com,2019-02-27,55 years versus 55 months,https://www.dnaindia.com/analysis/column-55-years-versus-55-months-2724414
2033f5fd256e8ce8ccc1c1c7f48713cf75fb91aef6f53bda0587e51eae3dcaeb,2025-07-07 15:24:44.352844+00:00,en,thequint.com,thequint.com,2019-02-07,Why PM’s Last LS Speech Won’t Lead to Chants of ‘Modi Dobara’,https://www.thequint.com/voices/opinion/modi-last-ls-speech-wont-lead-modi-dobara
7c82546767bbdddba99703f4dfe03d2cd041e673ea7a675b77654dfaac16dad6,2025-07-07 15:21:54.735804+00:00,en,theprint.in,theprint.in,2018-10-31,The political dynasty nobody is talking about: Sardar Patel’s,https://theprint.in/opinion/the-political-dynasty-nobody-is-talking-about-sardar-patels/142422/
5bc6a520311b61f4953038051740e7974ca7c447a8e43dd4c05612db468d7d79,2025-07-07 15:19:17.936485+00:00,en,theprint.in,theprint.in,2018-12-10,"Elevating Yogi Adityanath is becoming PM Modi’s biggest blunder now, not demonetisation",https://theprint.in/opinion/the-factivist/elevating-yogi-adityanath-is-becoming-pm-modis-biggest-blunder-now-not-demonetisation/161048/
bcb6843780bc7f782dbf4ff62db16a8fe11b4e49b490841f7f9ecd77ba3c25a7,2025-07-07 15:16:55.071413+00:00,en,theprint.in,theprint.in,2018-11-14,State elections are bad news for BJP and not good news for Congress either,https://theprint.in/opinion/state-elections-are-bad-news-for-bjp-and-not-good-news-for-congress-either/149299/
dccf14ae3ecbf90c9f0e56e76b47ddc21fb0e7e31eb0cb87f9cbd11af8d8fe40,2025-07-07 15:16:55.004048+00:00,en,theprint.in,theprint.in,2018-12-15,Why Hindutva polarisation is no longer earning electoral dividends for BJP,https://theprint.in/opinion/why-hindutva-polarisation-is-no-longer-earning-electoral-dividends-for-bjp/164148/
e64c1172133786b5005cce38e316ef4912967ef25203e8e9d78828c3e62a5898,2025-07-07 15:16:48.369018+00:00,en,thehindu.com,thehindu.com,2014-06-16,Mayawati’s broken dream,https://www.thehindu.com/opinion/lead/mayawatis-broken-dream/article6117048.ece
97f19513a08a3c66bc67111783c76994981530f78c4b81c3a6c587fc806ed5b0,2025-07-07 15:16:47.380970+00:00,en,theprint.in,theprint.in,2018-11-19,"Apart from Ram, the Supreme Court is BJP’s best friend in 2019",https://theprint.in/opinion/apart-from-ram-the-supreme-court-is-bjps-best-friend-in-2019/151412/
c36b44507ee94a135e76d5b0862408c31b8b329045d938f4f03682d7e187395b,2025-07-07 15:13:58.233751+00:00,en,ndtv.com,ndtv.com,2018-12-03,Will KCR Hold On To Telangana? Watch Prannoy Roy's Analysis,https://www.ndtv.com/video/shows/the-countdown-the-heat-is-on/will-kcr-hold-on-to-telangana-watch-prannoy-roy-s-analysis-500583
af729ad759759f4e4afdb97b992a086cbecadba0dae4930412d39119d757e9c8,2025-07-07 15:13:16.800252+00:00,en,thequint.com,thequint.com,2019-02-27,AAP May Not Make Impact in 2019 Polls But Needn’t Lose Hope Yet,https://www.thequint.com/voices/opinion/aam-aadmi-party-arvind-kejriwal-lok-sabha-polls-2019
e847df060a596cccb0f9b9bd998226da3856fe1440fabd686159baa8151c6650,2025-07-07 13:24:49.228500+00:00,en,thehindu.com,thehindu.com,2019-03-01,Nigeria’s difficult democratic journey,https://www.thehindu.com/opinion/op-ed/nigerias-difficult-democratic-journey/article26400689.ece
61be7ec80b6989b3d472626d816d226a874631a6d4bb749cce463ad335027a12,2025-07-07 10:54:41.237502+00:00,en,thehindu.com,thehindu.com,2019-03-02,The Akali factor: on BJP-SAD alliance in Punjab,https://www.thehindu.com/opinion/editorial/the-akali-factor/article26412401.ece
a9e6e3dd115b537d799ac442c6877c73a3f498c9f14c5eb603d70710b4da0a08,2025-07-07 09:38:54.704703+00:00,en,hindustantimes.com,hindustantimes.com,2019-03-04,Analysis: Can national security issues impact electoral outcomes?,https://www.hindustantimes.com/analysis/can-national-security-issues-impact-electoral-outcomes/story-QjSs9vLuLqm5aJ2fRBTIqI.html
b0f35a1f749ca1eafc2ca115045fbe5d84c7459d78699eb42e98f0e81a7c48f1,2025-07-07 08:16:24.025633+00:00,en,indianexpress.com,indianexpress.com,2019-03-05,Anatomy of a choice,https://indianexpress.com/article/opinion/columns/akhilesh-yadav-mayawati-lok-sabha-elections-up-bjp-5610974/
e7983cc3c432cff25187bf7ffa4ecd14cb973edc4efc1e5b363aaf0ee86e01e0,2025-07-07 03:42:30.167617+00:00,en,hindustantimes.com,hindustantimes.com,2019-03-08,Is the DMDK worth all the hype?,https://www.hindustantimes.com/analysis/is-the-dmdk-worth-all-the-hype/story-4K3kgYE56iVqjViUmNQm3M.html
9d0669518a16028b2167b353d7c38db1c81e10a428239380ec224eeb149917e0,2025-07-07 02:02:02.983978+00:00,en,dnaindia.com,dnaindia.com,2019-03-10,Social media and elections,https://www.dnaindia.com/analysis/column-social-media-and-elections-2728093
d51760e1ddce65c383a1a990e0c9c498c93c2907d5f5e2aa0ff405cc50a45a53,2025-07-07 00:49:06.467382+00:00,en,firstpost.com,firstpost.com,2019-03-11,EC releases cVIGIL app for recording any violations during 2019 Lok Sabha polls,https://www.firstpost.com/tech/news-analysis/ec-releases-cvigil-app-for-recording-any-violations-during-2019-lok-sabha-polls-6235501.html
694060f63d180f8a50192fc179eb5c52e8104a298b786a1536e4628b5e7042e1,2025-07-07 00:47:00.180673+00:00,en,dnaindia.com,dnaindia.com,2019-03-11,The great circus is finally here,https://www.dnaindia.com/analysis/column-the-great-circus-is-finally-here-2728449
b168a57d35d30fc134172ccf531da06ada64138fa7505dd724f5eeef217a57f9,2025-07-07 00:47:00.115723+00:00,en,dnaindia.com,dnaindia.com,2019-03-11,DNA Edit – Upgrade technology: India cannot afford month-long poll extravaganzas,https://www.dnaindia.com/analysis/editorial-dna-edit-upgrade-technology-india-cannot-afford-month-long-poll-extravaganzas-2728440
f7d1a6e8cfc25d58df8fcfcc08e220e3f24fd29323bf728a1a5c04b086feba3a,2025-07-07 00:43:27.996103+00:00,en,ndtv.com,ndtv.com,2019-03-11,Blog: Opinion Polls Show Modi Ahead But Not Because of Balakot,https://www.ndtv.com/blog/opinion-polls-show-modi-ahead-but-not-because-of-balakot-2005892
176e63ae11cdd612ebd24dc7e49d7c8389dc21292b159d322af2861fd4cdaa4e,2025-07-07 00:36:43.831272+00:00,en,opindia.com,opindia.com,2019-03-11,"Opinion polls show increased prospect of NDA win in Lok Sabha elections, stock markets jump",https://www.opindia.com/2019/03/opinion-polls-show-increased-prospect-of-nda-win-in-lok-sabha-elections-stock-markets-jump/
8e33d31a558af13f0e708eeb841d94becaad2b44c6d210435d53d46a2cbefb2e,2025-07-07 00:28:54.373315+00:00,en,hindustantimes.com,hindustantimes.com,2019-03-11,BJD’s decision to reserve seats for women is great but it’s half the job done,https://www.hindustantimes.com/editorials/bjd-s-decision-to-reserve-seats-for-women-is-great-but-it-s-half-the-job-done/story-N0czsg6QpSXCypNuUR6aaN.html
8dd522ce160589fcf5b7f7d8d2fc6cc38ae5d93d17ced42a088ab54eeb4f07b8,2025-07-06 23:32:06.253364+00:00,en,thequint.com,thequint.com,2019-03-12,2019 General Elections: Doubts About 2019 Polls? Relax! Ex CEC SY Quraishi Has the Answers,https://www.thequint.com/voices/opinion/ex-chief-election-commissioner-answers-queries-2019-lok-sabha-polls
91c86f45cddf7a9ee60a40a1ab5407a9297907ad421f42a4bf071aa17c559cb7,2025-07-06 22:05:18.460560+00:00,en,thequint.com,thequint.com,2019-03-13,"Can BJD, TMC’s Pro-Women Stance Be Taken Seriously Pre-Elections?",https://www.thequint.com/voices/opinion/women-quota-political-parties-tmc-bjd-2019-general-elections
5e8c1b40f74f12f6156d1f5b3695984f50f0fc4afa1479b34ed15bf46fd0e619,2025-07-06 19:55:18.712989+00:00,en,indianexpress.com,indianexpress.com,2019-03-12,A ticket to rise,https://indianexpress.com/article/opinion/editorials/bjd-women-candidates-naveen-patnaik-5621501/
ff74f164f68492058f3d141afa8be00a96717d4cce1d7fa9abebc412dfd8a37e,2025-07-06 19:41:31.290958+00:00,en,thehindu.com,thehindu.com,2011-07-24,Bangladesh salutes Indira Gandhi,https://www.thehindu.com/opinion/op-ed/bangladesh-salutes-indira-gandhi/article2290625.ece
38f8d62edd14fef594419783146590271e48fe05f0d4e50553681c368dc4dcaf,2025-07-06 19:25:35.949733+00:00,en,thequint.com,thequint.com,2019-03-15,Will Rahul Gandhi Be Able to Keep His Pro-Women Promise if Voted In?,https://www.thequint.com/voices/opinion/rahul-gandhi-congress-poll-promises-women-reservation
ee433994e32ddfcdc1b6c25c3efe516be1c8c9668d1c1d3de014e81910d22a16,2025-07-06 16:55:04.408905+00:00,en,dnaindia.com,dnaindia.com,2019-03-18,DNA Edit: EC takes a stand – Democracy is no punching bag for those who lose polls,https://www.dnaindia.com/analysis/editorial-dna-edit-ec-takes-a-stand-democracy-is-no-punching-bag-for-those-who-lose-polls-2730394
118b86bb04ae374acc475c90144192ebdd2f500a74f5f7a8bddc79bd84e7dd38,2025-07-06 16:42:02.098747+00:00,en,indiatoday.in,indiatoday.in,2019-03-18,Why opinion poll predictions are drifting away from reality,https://www.indiatoday.in/india/story/election-opinion-poll-prediction-india-1480833-2019-03-18?utm_source=rss
f6b6799959b99c3bbcb9501ff9b9fe079abea0361d68ad688995588de9c6a55d,2025-07-06 15:50:58.111374+00:00,en,indianexpress.com,indianexpress.com,2019-03-19,Political parties should pay attention to cyber security of their campaigns,https://indianexpress.com/article/opinion/columns/cyber-security-data-theft-india-cyber-laws-hacking-5632779/
6f1309600859680563558e3851e011eef95d5d4e12c6d8700ff48f228018cff2,2025-07-06 15:46:40.815985+00:00,en,dnaindia.com,dnaindia.com,2019-03-19,Setting an unhealthy trend,https://www.dnaindia.com/analysis/column-setting-an-unhealthy-trend-2730783
ef6c9646e946ceaab7f2b0dc92dabd87839905af30b3678c5fa64c30b6da59c1,2025-07-06 14:51:06.619929+00:00,en,hindustantimes.com,hindustantimes.com,2019-03-15,Will Maharashtra come under NCP’s watch?,https://www.hindustantimes.com/analysis/opinion-will-maharashtra-come-under-ncp-s-watch/story-vzjG0BhXLQgGzAhDnNai7J.html
3c77ae3ccbcd63d983011cb3b6620f0e268bb505510774721afff8ae270ffc70,2025-07-06 13:49:56.893106+00:00,en,ndtv.com,ndtv.com,2019-03-20,Muslim Vote May Be X Factor For Opposition In UP: Prannoy Roy's Analysis,https://www.ndtv.com/india-news/muslim-vote-may-be-x-factor-for-opposition-in-up-prannoy-roys-analysis-2010590
5a6f950be26acc385d8890d4cee28bb5fe4d743a8079ed4e397b39e433ca9c96,2025-07-06 11:49:11.567209+00:00,en,thequint.com,thequint.com,2019-03-22,Lok Sabha Polls: Will Alliances and Ground Arithmetic Save BJP in South?,https://www.thequint.com/voices/opinion/south-india-lok-sabha-polls-bjp-prospects-challenges
19ebd8214c5e0f949ac1f372b33dbb2d9594335413098745bfc219ef4b763e77,2025-07-06 10:11:24.147542+00:00,en,indianexpress.com,indianexpress.com,2019-03-23,A new red line,https://indianexpress.com/article/opinion/editorials/lok-sabha-elections-2019-election-campaign-social-media-ec-ethics-a-new-red-line-5638934/
e6a9f730dca7bb77028a3a67e2596e7b7261ef380f3a1d5fce6238fdbb4c4bef,2025-07-06 06:30:41.612718+00:00,en,thequint.com,thequint.com,2019-03-27,Will Mission Shakti Help BJP’s Nationalist Cause in 2019 Lok Sabha Polls?,https://www.thequint.com/voices/opinion/mission-shakti-bjp-2019-lok-sabha-elections
ae2ed076e3fa04247b256fe7b761137c6638ecd3d58cccadbd233d1bd7ba75b6,2025-07-06 06:21:23.025365+00:00,en,firstpost.com,firstpost.com,2019-03-27,Facebook claims to be taking steps to reduce spread of fake news ahead of elections,https://www.firstpost.com/tech/news-analysis/facebook-claims-to-be-taking-steps-to-reduce-spread-of-fake-news-ahead-of-elections-6340381.html
de52ec0d1d59fd0622a7c9c226752b016ae8853833c421a1320e03dbc1539835,2025-07-06 05:27:57.527043+00:00,en,thequint.com,thequint.com,2019-03-28,"NDA gains in opinion polls after Pulwama, Budget",https://www.thequint.com/news/hot-news/nda-gains-in-opinion-polls-after-pulwama-budget
d7ae2414996c2d57f6a443f4101a7f807a2c11ef309824ec98eba1be01bd3424,2025-07-06 05:15:59.523573+00:00,en,hindustantimes.com,hindustantimes.com,2019-03-28,Modi unveils the BJP’s poll planks,https://www.hindustantimes.com/editorials/modi-unveils-the-bjp-s-poll-planks/story-jJtT62TNWmCxEmIzQtYVFK.html
2faf3caf3d3b143559c1cbf3dd249e946573013f66a3c8a04f4057e3c3a44494,2025-07-06 01:59:08.329172+00:00,en,hindustantimes.com,hindustantimes.com,2019-04-01,Bubbles of dissatisfaction are bursting across political parties,https://www.hindustantimes.com/columns/bubbles-of-dissatisfaction-are-bursting-across-political-parties/story-qCnTOnhKAsJfcDRepozCpN.html
10b292590bfcdeeaee1cb499d7ba201bc169c654ffaf1986e6fbc3c5a2c5925e,2025-07-06 01:02:39.191674+00:00,en,thequint.com,thequint.com,2019-04-02,"Uttar Pradesh: BJP Ahead in Chemistry, BSP-SP-RLD Scores in Arithmetic",https://www.thequint.com/voices/opinion/uttar-pradesh-2019-elections-mahagathbandhan-congress-bjp-caste-politics
14a7886f618ef451a1fcfd6ab908315331bf79914c0118deb0fe61b36f712079,2025-07-05 21:52:07.382736+00:00,en,thequint.com,thequint.com,2019-04-05,hamburger-icon,https://www.thequint.com/voices/opinion/rahul-gandhi-wayanad-amethi-pm-modi-varanasi-vadodara-constituency
3ec90d06cf853ca0285ba2c70b44de826e1aaae84580429e1ea33521ac43a81a,2025-07-05 20:25:28.916204+00:00,en,thequint.com,thequint.com,2019-04-06,2019 Polls: Modi’s Plan to Improve Tally In Assam Looks Difficult,https://www.thequint.com/voices/opinion/2019-lok-sabha-assam-bjp-congress-aiudf-nrc
c3b967e8463a076018662613009fdc6422d14aa87253086db961dc8124ea5925,2025-07-05 20:23:58.642274+00:00,en,indianexpress.com,indianexpress.com,2019-04-03,Political parties can’t ignore displaced Kashmiris who can now cast their ballot easily,https://indianexpress.com/article/opinion/columns/voters-of-consequence-5655369/
b5a87f51a0083747890508fe05a1a409b71d44e7f1dd55914da17ec6e01df60f,2025-07-05 18:50:42.969522+00:00,en,indiatimes.com,indiatimes.com,2019-04-08,Open to post-poll pact with SP-BSP: Jyotiraditya Scindia,https://economictimes.indiatimes.com/opinion/interviews/open-to-post-poll-pact-with-sp-bsp-jyotiraditya-scindia/articleshow/68772247.cms
e5f9e4d4040f46a01eb9f130e3ffcab39678ebf7e86db7fe34b7a89926ad2522,2025-07-05 17:32:29.755779+00:00,en,thequint.com,thequint.com,2019-04-09,Pre-election Opinion Poll a Joke; Should We Believe These Numbers?,https://www.thequint.com/elections/pre-election-opinion-poll-a-joke-should-we-believe-these-numbers-lok-sabha-polls
18f9cae2b82c991ce70f4614c98f3f1dbf8eb3150d426b7a19135a581fa0523c,2025-07-05 17:26:12.922740+00:00,en,indianexpress.com,indianexpress.com,2019-04-10,Election Omission,https://indianexpress.com/article/opinion/editorials/election-commission-yogi-model-code-of-conduct-modi-5667595/
e7a8208ebe8592a017d8d0234caed465e71277c83d4051c7b830950fbffdb20e,2025-07-05 17:24:48.507140+00:00,en,thehindu.com,thehindu.com,2019-04-10,Closure on cynicism: SC order on VVPAT verification,https://www.thehindu.com/opinion/editorial/closure-on-cynicism/article26785459.ece
d6fb05303df4a5f9bbf88d77e4e3f375b31d1fedc9b23e032531769834c76e2e,2025-07-05 16:54:06.010191+00:00,en,thehindu.com,thehindu.com,2019-04-11,BJP manifesto,https://www.thehindu.com/opinion/letters/bjp-manifesto/article26799831.ece
c3d4a43fd877e2be8b0bc0ccab309dd0d8c2f7ed523d9ff884f8644bb7b1fe6f,2025-07-05 15:54:29.257518+00:00,en,thehindu.com,thehindu.com,2019-04-13,The first phase,https://www.thehindu.com/opinion/letters/the-first-phase/article26824691.ece
72dda4b3b11cae81651d0a88d9e1fd75ee99d310b89389c16ab3dbdaa795fa15,2025-07-05 15:37:25.279724+00:00,en,hindustantimes.com,hindustantimes.com,2019-04-13,Finessing forecasts of Indian elections,https://www.hindustantimes.com/columns/finessing-forecasts-of-indian-elections/story-qGUE5BOGEKsdJMKjva2FRL.html
33c4060546c2da8c7dea5cd37a9ad279f6f89c0599177d5be4f72f5c2596a729,2025-07-05 15:31:57.985302+00:00,en,indianexpress.com,indianexpress.com,2019-04-14,"History Headline: 1971 and now, a tale of slogans",https://indianexpress.com/article/opinion/columns/history-headline-1971-elections-2019-indira-gandhi-congress-narendra-modi-bjp-lok-sabha-polls-2019-5674388/
3ca3731f2b1eb87311deaa72cddcc695f9e0244b3ea15b5fed5b31ee49a20873,2025-07-05 15:27:09.242136+00:00,en,thehindu.com,thehindu.com,2019-04-13,Not half-done: ensuring free and fair elections,https://www.thehindu.com/opinion/editorial/not-half-done-ensuring-free-and-fair-elections/article26823469.ece
b2a84ca5e83242e156ada2af60802aecb45b8a939b13a8c64d736f48ff3b7342,2025-07-05 13:50:12.807315+00:00,en,indianexpress.com,indianexpress.com,2019-04-17,The twain can’t meet,https://indianexpress.com/article/opinion/columns/lok-sabha-election-campaign-bjp-army-modi-ji-sena-5679240/
cc174c3f2c2a6b173d087d8245d713a83ddb501e58c685af9a8c5fb76c5fb8f9,2025-07-05 12:44:36.147856+00:00,en,thehindu.com,thehindu.com,2019-04-17,Women voters now matter much more than before: Prannoy Roy,https://www.thehindu.com/opinion/interview/women-voters-now-matter-much-more-than-before/article26858398.ece
b15b802968cdaf8538e063a2b4795b9c2be0cc439bb97255737d7a97f741b3d6,2025-07-05 11:35:18.020536+00:00,en,rediff.com,rediff.com,2019-04-20,2019 is more 2004 than 2014,https://www.rediff.com/news/column/2019-is-more-2004-than-2014/20190420.htm
3db1632f41105db7d1d86dd3c5573d90dfe92464b77ca3e4f2acad7963c20cae,2025-07-05 09:53:07.966217+00:00,en,ndtv.com,ndtv.com,2019-04-24,"At Packed Rallies, Raj Thackeray Targets Modi-Shah",https://www.ndtv.com/opinion/at-packed-rallies-raj-thackeray-targets-modi-shah-2028147
222f3a59a84949c9482bb38458cb03a8ff16f2513b349dd71e069a9e09ea4e6f,2025-07-05 09:50:51.218252+00:00,en,hindustantimes.com,hindustantimes.com,2019-04-23,Lok Sabha elections 2019: Free up political space in Bengal,https://www.hindustantimes.com/editorials/lok-sabha-elections-2019-free-up-political-space-in-bengal/story-geJFr8j7ggb2JSDJJh4IOK.html
84ceb036b05db8d02de6193fbdb2bd5c08372963c5e3228282c0d175ba2558e4,2025-07-05 09:36:16.356615+00:00,en,thequint.com,thequint.com,2019-04-25,What Low Voter Turnout in South Kashmir Means for Mehbooba Mufti,https://www.thequint.com/voices/opinion/pdp-mehbooba-mufti-south-kashmir-elections-poor-turnout-2019-general-elections
3f441839d576a8497b1a2ec23ca412ea5fade185991a7e6256cfee65918c7732,2025-07-05 09:21:42.475947+00:00,en,thehindu.com,thehindu.com,2019-04-26,"Democracy, Bihar style",https://www.thehindu.com/opinion/op-ed/democracy-bihar-style/article26946277.ece
a6ac017dc8c6ccb5245e670e61b72c9fa552cada9ac044f23155b4ba0c3fc5ed,2025-07-05 09:08:02.621648+00:00,en,thequint.com,thequint.com,2019-04-26,"Will Citizenship Bill, NRC Help BJP Gain Votes in Assam This Time?",https://www.thequint.com/voices/opinion/assam-elections-2019-bjp-congress-religious-polarization-citizenship-bill
119fc1af20bfb97c7eecab63f18d0d3ea01281bbde4d4adaa056426be550744d,2025-07-05 06:42:12.124032+00:00,en,ndtv.com,ndtv.com,2019-05-01,"Mayawati vs Congress Goes Next-Level, Opposition Unity Hit Anew",https://www.ndtv.com/opinion/mayawati-vs-congress-goes-next-level-opposition-unity-hit-anew-1962659
c66c0dbfa06dfdb6ce37e4523e924930ed9632ccda3ebff1a6731cada09f1b07,2025-07-05 06:39:17.420016+00:00,en,rediff.com,rediff.com,2019-05-01,Yogendra Yadav: Which way will the poll wind blow?,https://www.rediff.com/news/column/yogendra-yadav-which-way-will-the-poll-wind-blow/20190501.htm
7d513ccfa6d17870824e73ac810e0ff3159083c1236f5d2023b13d537c4a872f,2025-07-05 06:39:17.160666+00:00,en,rediff.com,rediff.com,2019-05-01,Did Sonia scuttle Priyanka's Varanasi venture?,https://www.rediff.com/news/column/did-sonia-scuttle-priyankas-varanasi-venture/20190501.htm
747b256649570f506633d5bafbfbaa0bf99f211274b5e3fc3963579a020592b9,2025-07-05 05:01:35.948740+00:00,en,thehindu.com,thehindu.com,2019-05-02,Who is independent candidate?,https://www.thehindu.com/opinion/op-ed/who-is-independent-candidate/article27004541.ece
5e5f672480c6906dda5f1a455b09524ff839f849a30b80a77c1ad207a9d7ded7,2025-07-05 03:30:15.375580+00:00,en,ndtv.com,ndtv.com,2019-04-09,"BJP Will Manage Majority, With Allies, Predicts Poll Of Opinion Polls",https://www.ndtv.com/india-news/lok-sabha-elections-2019-bjp-will-manage-majority-with-allies-predicts-poll-of-opinion-polls-2020250
c9815d34040ce3768d5f258df111d5a19878e2fead5a56e50dc94c6caccdbba6,2025-07-04 23:08:13.220929+00:00,en,indianexpress.com,indianexpress.com,2019-05-08,"1990s were the most violent years in Bihar’s electoral history, that gloomy picture has changed",https://indianexpress.com/article/opinion/columns/bihar-elections-violence-politics-lok-sabha-elections-evm-5715811/
03933e494264bec7801989fd6da52bae3acb5188289767a08857b2c8fa19bd1e,2025-07-04 22:37:48.836568+00:00,en,thehindu.com,thehindu.com,2019-05-09,Alternative dreams: on KCR's bid for an alternative front,https://www.thehindu.com/opinion/editorial/alternative-dreams/article27072804.ece
3699dbc021f195b1dd50efc8a964f1836340888a865fe08315a077d8baa3375e,2025-07-04 21:59:34.163208+00:00,en,indiatoday.in,indiatoday.in,2019-05-09,Speech Analytica: Analysis of PM Narendra Modi's election speech in Azamgarh,https://www.indiatoday.in/elections/lok-sabha-2019/story/speech-analytica-narendra-modi-azamgarh-speech-live-analysis-1520780-2019-05-09?utm_source=rss
bd8625d0b9282062e903f9fd00e6d9e20f878a3493c3ca7388285005d9a484b9,2025-07-04 21:37:51.702116+00:00,en,thehindu.com,thehindu.com,2019-05-08,No review,https://www.thehindu.com/opinion/letters/no-review/article27072393.ece
076a436db5345b43dc48fc0ab2efdef1a649ff3bfd3db33dba0dd428e4744ef1,2025-07-04 20:47:47.399488+00:00,en,dnaindia.com,dnaindia.com,2019-05-09,DNA Edit: Never say die,https://www.dnaindia.com/analysis/editorial-dna-edit-never-say-die-sc-order-saves-potential-poll-result-logjam-on-d-day-2747314
ec97bf84834e418c484e2873edf1cf74e6cf1f61d7a25a8163bc75e82e62f997,2025-07-04 20:00:50.931300+00:00,en,indianexpress.com,indianexpress.com,2019-05-11,Another Black Swan?,https://indianexpress.com/article/opinion/columns/lok-sabha-elections-2019-narendra-modi-bjp-congressanother-black-swan-5722129/
ac291088f3538c25c6c1532efdfe55cd1e56b2722436bc95b98fdb0118928344,2025-07-04 18:18:25.372782+00:00,en,hindustantimes.com,hindustantimes.com,2019-05-13,Little voter enthusiasm this election,https://www.hindustantimes.com/columns/little-voter-enthusiasm-this-election/story-aRVpWDMqN2TS342uPOdxyK.html
991774fcf5f4a9756c4c302fd311150e261c83f5397f3036421f2331d751ef9f,2025-07-04 17:26:53.550809+00:00,en,thehindu.com,thehindu.com,2019-05-14,To the final lap: on Lok Sabha polls,https://www.thehindu.com/opinion/editorial/to-the-final-lap/article27119992.ece
c34d262d51d765a3068543796b7f60b7ca134d176cba60560866c683c2fb4398,2025-07-04 17:19:26.628700+00:00,en,theprint.in,theprint.in,2019-04-10,Research shows it makes sense for Narendra Modi & BJP to focus on national security in 2019,https://theprint.in/opinion/research-shows-it-makes-sense-for-narendra-modi-bjp-to-focus-on-national-security-in-2019/219143/
c19468083a1f8117241a881e823aa0dec439df68aa5eb38fe9e87c2ce6646f65,2025-07-04 17:09:22.547722+00:00,en,dnaindia.com,dnaindia.com,2019-05-14,The Prime Minister as President,https://www.dnaindia.com/analysis/column-the-prime-minister-as-president-2748978
2028d49c01530deaa91c643609fa2b534d0f370746866920d22508ea711815ba,2025-07-04 16:53:37.468924+00:00,en,indianexpress.com,indianexpress.com,2019-05-14,INS Viraat controversy threatens to disturb equipoise in civil-military relations,https://indianexpress.com/article/opinion/columns/ins-virat-rajiv-gandhi-narendra-modi-elections-2019-5725922/
bd9c2a26c6c5df6e7f1fd3c39177e80dd5cc0934a3b5bb425ad2a8a4c85c276b,2025-07-04 14:28:15.071320+00:00,en,dnaindia.com,dnaindia.com,2019-05-16,TMC & the land of holy terror,https://www.dnaindia.com/analysis/column-tmc-the-land-of-holy-terror-2749609
7e7c001092613497bf72d791a6959cfee86146f371811f373059cfd2070c7bba,2025-07-04 14:26:39.060895+00:00,en,firstpost.com,firstpost.com,2019-05-16,Twitter ordered by EC to remove all tweets on 2019 Lok Sabha elections exit polls,http://www.firstpost.com/tech/news-analysis/twitter-ordered-by-ec-to-remove-all-tweets-on-2019-lok-sabha-elections-exit-polls-6640541.html
0398cf2b733a866bb98470588f091f423728ff5d169625c59635b74b7c8fefab,2025-07-04 14:22:15.660090+00:00,en,hindustantimes.com,hindustantimes.com,2019-05-16,Trinamool edgy as internal analysis indicates Left vote may shift to BJP,https://www.hindustantimes.com/lok-sabha-elections/tmc-s-worry-will-left-voters-shift-to-the-bjp/story-s7VBH08sHWd8r4BxzZo16M.html
6b019690404c3540e3055afde52d16b5a5f39dee000676322e12615feced921e,2025-07-04 13:12:47.788513+00:00,en,thehindu.com,thehindu.com,2019-05-17,Is coalition government worse than single-party rule?,https://www.thehindu.com/opinion/op-ed/is-coalition-government-worse-than-single-party-rule/article27153151.ece
f4f4283e3ee8a0151412fdec3714c21dc8bb9fa7a8b962a34923395ea2066f2a,2025-07-04 13:01:15.277060+00:00,en,rediff.com,rediff.com,2019-05-17,Modi2 must focus on the economy!,https://www.rediff.com/business/column/modi2-must-focus-on-the-economy/20190517.htm
9406e5cd406cae8253c8c99851b8cc6594069e23a3e785dc00fe13c213886aaf,2025-07-04 11:59:09.596627+00:00,en,thehindu.com,thehindu.com,2019-05-18,The foot soldiers of Hindutva in West Bengal,https://www.thehindu.com/opinion/op-ed/the-foot-soldiers-of-hindutva-in-west-bengal/article27165274.ece
8e0310b6ea982e0e11480ca205e3b5f57b408555890304c42c423520c91e491f,2025-07-04 11:44:18.234208+00:00,en,thequint.com,thequint.com,2019-05-18,2019 General Elections: Is Sidhu Vs Captain in Punjab Congress A Time Tested Trick of Gandhis?,https://www.thequint.com/voices/opinion/punjab-elections-congress-amarinder-singh-sidhu
525af8a656ecbe0bf8c5e996ceaf0eb992ddfe64cd0659183588f63370a8aae2,2025-07-04 11:18:14.146322+00:00,en,indianexpress.com,indianexpress.com,2019-05-19,"At last, the end, with bitterness",https://indianexpress.com/article/opinion/columns/lok-sabha-elections-narendra-modi-bjp-amit-shah-rahul-gandhi-economy-unemployment-at-last-the-end-with-bitterness-5735379/
9fd3efa6e2187607273f3de897fb4f4ce7b0766ea96727003eb71ae982b45c69,2025-07-04 11:12:23.902575+00:00,en,thequint.com,thequint.com,2019-05-19,Here is a compilation of the best opinion pieces across newspapers.,https://www.thequint.com/news/india/sunday-view-the-best-weekend-opinion-pieces-modi-congress-2019-elections
9b6905bd5105349177bd76aa60dd620a11db644662cfbcd3c78974f46d8a85b3,2025-07-04 10:41:33.180978+00:00,en,ndtv.com,ndtv.com,2019-05-19,"If Exit Polls Are Right, Modi Could Assume He Has Next 10 Years",https://www.ndtv.com/opinion/if-exit-polls-are-right-modi-could-assume-he-has-next-10-years-2039791
ca3fbebabb68eb7d0046846539162cb7820ad7821eb63855970aa94cb1c1305b,2025-07-04 10:36:22.904227+00:00,en,thehindu.com,thehindu.com,2019-05-20,"It’s time for reflection, not prediction",https://www.thehindu.com/opinion/Readers-Editor/its-time-for-reflection-not-prediction/article27179327.ece
4586e5d9ea92f1ec5f8ae3112fdc9d37d9114fb0814784e0d51f0ecf1ce12c52,2025-07-04 10:32:17.845668+00:00,en,thequint.com,thequint.com,2019-05-20,Exit Polls 2019 Analysis: Reading Between the Lines,https://www.thequint.com/videos/news-videos/exit-polls-2019-analysis-reading-between-the-lines
0caa07ff2a21baa0db373e2ff9821c03a89b895909a7ab201a2225305db4a4dd,2025-07-04 10:30:03.755793+00:00,en,hindustantimes.com,hindustantimes.com,2019-05-19,How to read the 2019 exit polls,https://www.hindustantimes.com/analysis/how-to-read-the-2019-exit-polls/story-y2op2g5kmNSmzu5EECvOdP.html
407e2f6376cccbffbb853bb0a488759e9c389d1af9fe2e8a2c3a5ef6b2d99f83,2025-07-04 10:24:21.757593+00:00,en,hindustantimes.com,hindustantimes.com,2019-05-20,Political discourse is at an all-time low,https://www.hindustantimes.com/columns/political-discourse-is-at-an-all-time-low/story-qefZLfZ5rpAaZoBADGLDkI.html
2326786889501fffe32e61f20f26ab61daca8832b6aec90123ead808ba1160b1,2025-07-04 10:16:37.513110+00:00,en,ndtv.com,ndtv.com,2019-05-20,Why This Election May Still See A Twist Or Two On May 23,https://www.ndtv.com/opinion/why-this-election-may-still-see-a-twist-or-two-on-may-23-2039991
2c31050682619e877f3e06aff8925dd91d208390ba04b6c68df1434b2f46fb3b,2025-07-04 10:13:55.354253+00:00,en,ndtv.com,ndtv.com,2019-05-20,"If Exit Polls Are Right, Narendra Modi Will Touch The Zenith",https://www.ndtv.com/opinion/if-exit-polls-are-right-narendra-modi-will-touch-the-zenith-2039796
278c0c38d9c61eb92155c17d3b4eee2d88832090c98bb9448ce38ff26009ba20,2025-07-04 10:07:01.066833+00:00,en,dnaindia.com,dnaindia.com,2019-05-20,Statistical evaporation of Indian Communists since 1951-52,https://www.dnaindia.com/analysis/column-statistical-evaporation-of-indian-communists-since-1951-52-2751004
3fad52a60cbd59c83c8cb64503662f88ed501aa581d9fa769327f84d864799ad,2025-07-04 10:04:17.152140+00:00,en,ndtv.com,ndtv.com,2019-05-20,"I Find Exit Polls Hard To Believe, Will Wait For May 23",https://www.ndtv.com/opinion/i-find-exit-polls-hard-to-believe-will-wait-for-may-23-2040065
3d690b7a2de7e7d44767cb0ec84f45375e03a24b637cf9aacdd97c22f2ab8d24,2025-07-04 09:20:38.645963+00:00,en,indianexpress.com,indianexpress.com,2019-05-21,Beginning of the end,https://indianexpress.com/article/opinion/columns/lok-sabha-election-results-exit-polls-bjp-congress-narendra-modi-rahul-gandhi-5739264/
46b2c01fc98605b88bd428ef716c33877e3a58b6c88534d2f4ae8df10fc04c3a,2025-07-04 08:59:46.539696+00:00,en,thehindu.com,thehindu.com,2019-05-20,Wave or retreat?,https://www.thehindu.com/opinion/letters/wave-or-retreat/article27189778.ece
00cfa5bfcb1a5f775aa93aea9831537aecc9a4545e30c5530cad44690c8c7614,2025-07-04 08:04:32.556135+00:00,en,hindustantimes.com,hindustantimes.com,2019-05-20,Opinion| Is India turning more presidential?,https://www.hindustantimes.com/analysis/opinion-is-india-turning-more-presidential/story-URHIoVUyflnDnrPStPZfQO.html
76e78736974c2196c14c1c353137e9e2b1ae013ba2381edd8af20c4b793b0978,2025-07-04 08:04:32.455447+00:00,en,hindustantimes.com,hindustantimes.com,2019-05-20,‘I am young and I have a dream…’ Rajiv Gandhi on creating a new India,https://www.hindustantimes.com/analysis/i-am-young-and-i-have-a-dream-rajiv-gandhi-on-creating-a-new-india/story-oFMIWqERUWnURxoGkG484J.html
5989dacc015aceb0b47d6b07358eeeb004d9eb9f1094aae808663517350f9902,2025-07-04 07:58:03.488437+00:00,en,hindustantimes.com,hindustantimes.com,2019-05-21,Legislative assemblies should be elected at midterm of Lok Sabha,https://www.hindustantimes.com/analysis/legislative-assemblies-should-be-elected-at-midterm-of-lok-sabha/story-i2m6yBt0hFllz4cVC6Yd3J.html
fb818ea122d4d4b28a8cb7e8e355e1b2d273a7bdf2ca065c7b0912d9a986e94a,2025-07-04 07:53:34.503616+00:00,en,rediff.com,rediff.com,2019-05-22,Sai's Take: Why the EC is outvoted on EVMs,https://www.rediff.com/news/column/sais-take-why-the-ec-is-outvoted-on-evms/20190522.htm
7525241335c76ba862ae377784db825f6c0483bc73e27689caae862032917f63,2025-07-04 07:51:20.897971+00:00,en,rediff.com,rediff.com,2019-05-22,China hails Modi victory. This is why,https://www.rediff.com/news/column/china-hails-modi-victory-this-is-why/20190522.htm
d6f7447f4185ce67b3aace06543b05b38c5269ddb1ecd14e6067b9bbd435cd46,2025-07-04 07:48:32.926650+00:00,en,thehindu.com,thehindu.com,2019-05-22,Time to rebuild India’s secularism,https://www.thehindu.com/opinion/lead/time-to-rebuild-indias-secularism/article27199545.ece
ffc2d7508b6dbaa938c382249441398a3c4be05f1ffaad6c05da44b11931646c,2025-07-04 07:30:31.649134+00:00,en,ndtv.com,ndtv.com,2019-05-22,"Opinion: Sidhu, Yeddyurappa, Madhya Pradesh",https://www.ndtv.com/opinion/exit-polls-trigger-congress-crises-in-karnataka-madhya-pradesh-2041229
0bdc75ba4c96732235d7d849574f8d2b7a9e8efff18f54519293221018359801,2025-07-04 05:39:02.220944+00:00,en,indianexpress.com,indianexpress.com,2019-05-24,A victory foretold,https://indianexpress.com/article/opinion/columns/narendra-modi-vikas-lok-sabha-elections-5745364/
423bef62ca2377f1c8e0ff06919858c8614a7a323cecbaa243787425976e3233,2025-07-04 05:30:09.495861+00:00,en,thequint.com,thequint.com,2019-05-24,"Election Results 2019: BJP-Shiv Sena Turn Maharashtra Saffron, Hand Congress Its Worst Ever Drubbing",https://www.thequint.com/voices/opinion/maharashtra-bjp-shiv-sena-victory-hindutva-saffron-lok-sabha-elections-2019
26d966ef7a977d6a8a81e9299dfb1cc4071c7aa4b7041e14791b5efe0abcfd58,2025-07-04 05:24:22.631451+00:00,en,hindustantimes.com,hindustantimes.com,2019-05-23,Modi owns the win and the aftermath,https://www.hindustantimes.com/analysis/modi-owns-the-win-and-the-aftermath/story-vUQF8BSnT21wSrNm8U7bHM.html
637278a8581c9d82622ece4bf9d7488b042991001e9fd0f92a04a6fbe5a819d8,2025-07-04 05:09:01.242416+00:00,en,ndtv.com,ndtv.com,2019-05-24,What Rahul Gandhi And Opposition Got Wrong In Campaign vs Modi,https://www.ndtv.com/opinion/what-rahul-gandhi-and-opposition-got-wrong-in-campaign-vs-modi-2041126
632d7e9a635e1cbe0a9362eee7d037c8cbd5a2f045d0b97e55b30be383b8a682,2025-07-04 05:05:33.552271+00:00,en,dnaindia.com,dnaindia.com,2019-05-24,DNA Edit: PM’s juggernaut,https://www.dnaindia.com/analysis/column-dna-edit-pm-s-juggernaut-like-jawaharlal-nehru-narendra-modi-has-won-every-election-he-has-contested-2753018
86dd9c954df40c3b5ec44e242e37b23c410a37870893c610aa29e7510e02f4d2,2025-07-04 03:22:12.821521+00:00,en,dnaindia.com,dnaindia.com,2019-05-26,Flagship programme wonders,https://www.dnaindia.com/analysis/column-flagship-programme-wonders-2753695
e07ad35b116dbea446dd2bd7071a86c638038f20c8083e5f585e0e4c6b8196d8,2025-07-04 02:45:07.168503+00:00,en,thehindu.com,thehindu.com,2019-05-27,"One saffron, four outliers",https://www.thehindu.com/opinion/op-ed/one-saffron-four-outliers/article27256057.ece
5193bd6d43b5328141d45a0e9718c934337086d89a10f8c0942d1a8b6e19865c,2025-07-04 02:32:19.854492+00:00,en,hindustantimes.com,hindustantimes.com,2019-05-27,Congress repeated a costly mistake on national security in run-up to 2019 polls,https://www.hindustantimes.com/india-news/congress-repeated-a-costly-mistake-on-national-security-in-run-up-to-2019-polls-opinion/story-cXgAgOKkR5KtB9GuLWB20K.html
f7dea5e06d344b232bb0284181c6848fa2b22095442da7b9a14e17c32f503d9f,2025-07-04 01:55:05.350097+00:00,en,thequint.com,thequint.com,2019-05-27,Narendra Modi Made Naamumkin Mumkin and We Ignored the Writing on the Wall,https://www.thequint.com/voices/opinion/narendra-modi-made-naamumkin-mumkin-election-2019-results
356ded406d872c72957af403e2e6a05d783325985bb83f200f02a5992b323fac,2025-07-04 01:29:19.157150+00:00,en,dnaindia.com,dnaindia.com,2019-05-28,Road ahead for PM Narendra Modi,https://www.dnaindia.com/analysis/column-road-ahead-for-pm-narendra-modi-2754356
8ff16f7ab8d7566ad30d5a3f9c75f162b2232b9be46627283821959c8abd84d2,2025-07-03 23:44:43.429349+00:00,en,indiatoday.in,indiatoday.in,2019-05-29,"Unemployment on rise, GDP slips. And you voted for vikas?",https://www.indiatoday.in/news-analysis/story/unemployment-on-rise-gdp-slips-and-you-voted-for-vikas-1537342-2019-05-29?utm_source=rss
e92f62dbf251aa5509334734ca41ef45db7b1542bdd61dafee1a9cc04001bbac,2025-07-03 23:17:50.431414+00:00,en,theprint.in,theprint.in,2019-04-23,"Why 2019 is such a dull, boring election",https://theprint.in/opinion/why-2019-is-such-a-dull-boring-election/225011/
0fb83233f1600114b6e32b6e1ebc66d22330d1254c03b956a62e638c52afc48d,2025-07-03 23:17:49.490935+00:00,en,theprint.in,theprint.in,2019-05-18,Akhilesh Yadav & Mayawati’s biggest challenge in UP – transfer of votes,https://theprint.in/opinion/akhilesh-yadav-mayawatis-biggest-challenge-in-up-transfer-of-votes/237051/
d72cafcda6ef89fb8b81c79b711ed5308bb0a45434cf56f690cd6218e92dff18,2025-07-03 23:17:48.756740+00:00,en,firstpost.com,firstpost.com,2019-05-29,"Lok Sabha Election Exit Polls 2019 India State Wise Party Wise Full Results: Opinion Poll Survey, Prediction and Latest News",https://www.firstpost.com/lok-sabha-elections-2019/exit-poll-results-live
6b9354fac0c132c6c6078baa50af20b5e0303685fc8809c5b226155ac1d1a328,2025-07-03 23:17:46.487436+00:00,en,theprint.in,theprint.in,2019-02-13,"Pollsters hate to be wrong, but they will be about BJP in 2019",https://theprint.in/opinion/pollsters-hate-to-be-wrong-but-they-will-be-for-bjp-in-2019/191884/
bbefbb0f454c79fa42d319cc8b070a9543b8afff19b2629520164d00f2aad5d4,2025-07-03 23:15:46.709107+00:00,en,theprint.in,theprint.in,2019-05-24,This is what changed for voters from 2014 to 2019 Lok Sabha elections: Nothing,https://theprint.in/opinion/this-is-what-changed-for-voters-from-2014-to-2019-lok-sabha-elections-nothing/240149/
10d1cad40c8bef3cc96399b0227eada3dd98816ed3f2f08f22e1483bd9063a83,2025-07-03 23:15:46.069650+00:00,en,thehindu.com,thehindu.com,2015-11-06,How will Bihar shake out?,https://www.thehindu.com/opinion/op-ed/bihar-assembly-elections-2015-how-will-bihar-shake-out/article7850683.ece
e6f71902e2a06564655e3e3d022a46fb24ab8ab51417445eb2e0d5827e6b14e5,2025-07-03 23:15:46.063372+00:00,en,thehindu.com,thehindu.com,2015-10-28,"It’s not about caste or beef, but vikas",https://www.thehindu.com/opinion/op-ed/bihar-assembly-elections-2015-its-not-about-caste-or-beef-but-vikas/article7810637.ece
0c7ddaac4b5d06098349ef5f148c73a26e79274089b937f5980238a97c73cbf3,2025-07-03 23:15:45.322357+00:00,en,thehindu.com,thehindu.com,2015-12-04,"After Bihar, politics seeks a new normal",https://www.thehindu.com/opinion/op-ed/after-bihar-politics-seeks-a-new-normal/article7945683.ece?homepage=true
9d0129d1a8866f87ff6e3c3c0f4a67a62b6e12e7dd2cf721e3cc6fe99e2d9bdd,2025-07-03 23:15:44.898036+00:00,en,thehindu.com,thehindu.com,2019-03-01,Nigeria’s difficult democratic journey,https://www.thehindu.com/opinion/op-ed/nigerias-difficult-democratic-journey/article26400689.ece?homepage=true
9f6907f86b97b0eed9f410451b6ca28d90d4ecf8d112bd80abdb2b8158b3059c,2025-07-03 23:15:44.584902+00:00,en,theprint.in,theprint.in,2019-03-29,"Why Kanhaiya Kumar is a symbol of status quo in Begusarai, the Leningrad of Bihar",https://theprint.in/opinion/why-kanhaiya-kumar-is-a-symbol-of-status-quo-in-begusarai-the-leningrad-of-bihar/213644/
0bcde89203b3d4108f9a47272415ebfe803b70eef0f2bb2f21f129320b6054a9,2025-07-03 23:15:44.531033+00:00,en,thehindu.com,thehindu.com,2016-05-18,"Assam elections 2016: A vote for development, change",https://www.thehindu.com/opinion/op-ed/A-vote-for-development-change/article14324696.ece
d8b7dc64598898a3a6783873708ccb5e970c71258f9fdb6e207a2a5ae9c0a495,2025-07-03 23:15:44.498472+00:00,en,thehindu.com,thehindu.com,2018-03-07,"It is time to have a debate on proportional representation, says ex-CEC S.Y. Quraishi",https://www.thehindu.com/opinion/interview/it-is-time-to-have-a-debate-on-proportional-representation/article22951889.ece
62ee8ff7234153066bee17b155118180b5da593b44d40b3ee1dc8f4fc6ab3e10,2025-07-03 23:15:44.220946+00:00,en,theprint.in,theprint.in,2019-03-12,Why voters don’t turn up in larger numbers in Lok Sabha elections – all politics is local,https://theprint.in/opinion/why-voters-dont-turn-up-in-large-numbers-in-lok-sabha-elections-all-politics-is-local/204344/
039d874c267c9f0468f5fd8beb52b0cb84a153ea45a764443b8160da50a9b2af,2025-07-03 23:15:44.172621+00:00,en,theprint.in,theprint.in,2019-05-23,Lesson for Rahul Gandhi in 2019: Mocking ‘Hinduness’ won’t work because India is Bharat,https://theprint.in/opinion/lesson-for-rahul-gandhi-in-2019-mocking-hinduness-wont-work-because-india-is-bharat/239685/
309e96c901eecc7d2f9a7d61c7f19e24607f7556cdb271f5fece18f27831117f,2025-07-03 23:15:39.762824+00:00,en,theprint.in,theprint.in,2019-05-19,4 reasons why Modi remains in the hunt for a second term,https://theprint.in/opinion/4-reasons-why-modi-remains-in-the-hunt-for-a-second-term/237190/
b7c70a8af920c66e71b263a879693d23cb7c49aa451480405fbb829ac4112f24,2025-07-03 23:15:37.391947+00:00,en,theprint.in,theprint.in,2019-05-16,BJP or Congress? Regional players look all set to decide India’s next ruling party,https://theprint.in/opinion/bjp-or-congress-regional-players-look-all-set-to-decide-indias-next-ruling-party/236102/
e7b3d343bf9d8cbac825b67dee01eb012ce4eaf843d410316bf4ec088e47b918,2025-07-03 23:15:34.251555+00:00,en,theprint.in,theprint.in,2019-05-08,"Why media ground reports, opinion & exit polls don't agree with each other on elections",https://theprint.in/opinion/why-media-ground-reports-opinion-exit-polls-dont-agree-with-each-other-on-elections/232544/
fd0e48d0eb4bfef5751e961065c01c4743b45f61c3c6b3b7a3da9a0c4078736f,2025-07-03 23:15:33.090332+00:00,en,theprint.in,theprint.in,2019-05-09,Tamasha TV for a tamasha PM: How Indian media covered Narendra Modi this election,https://theprint.in/opinion/tamasha-tv-for-a-tamasha-pm-how-indian-media-covered-narendra-modi-this-election/233023/
50e34fbb34ee23d5ac660d2beb20896c6d853c85aa417bc301b1a1e961fbb93b,2025-07-03 23:15:33.079005+00:00,en,theprint.in,theprint.in,2019-05-19,Exit polls make it clear SP-BSP alliance has failed to smash BJP: Yogendra Yadav,https://theprint.in/opinion/this-is-the-most-likely-outcome-of-2019-lok-sabha-elections-yogendra-yadav/237174/
f71e95fad1a8457072fb7d55cd80eec5a42ed4bd591c6ecfb9cd72851b9edb34,2025-07-03 23:15:31.704646+00:00,en,republicworld.com,republicworld.com,2019-05-22,"2019 Lok Sabha Election Results LIVE Updates: Vote-counting for 2019 Indian General Elections, trends for all 542 constituencies and non-stop analysis from Republic TV and Arnab Goswami here as India elects a new government",https://www.republicworld.com/election-news/indian-general-elections/2019-lok-sabha-election-results-live-updates-vote-counting-for-2019-indian-general-elections-trends-for-all-542-constituencies-and-non-stop-analysis-from-republic-tv-and-arnab-goswami-here-as-india-elects-a-new-government
3328ab9383299dbdb48139d71612680e8e946df3fef81a76c2e24b12e20ecd08,2025-07-03 22:29:42.181929+00:00,en,thequint.com,thequint.com,2019-05-30,2019 Election Myths Busted – What Congress Must Remember: Shashi Tharoor,https://www.thequint.com/voices/opinion/shashi-tharoor-on-six-myths-indian-lok-sabha-elections-2019-congress-bjp
8eab5d210ee1025e482e6acfb628d9088dd61a49aa3c236d957dd858864a2531,2025-07-03 21:33:17.476890+00:00,en,indianexpress.com,indianexpress.com,2019-05-31,"BJP’s victory was thanks to Moditva, not Hindutva",https://indianexpress.com/article/opinion/narendra-modi-bjp-victory-moditva-hindutva-5757579/
21a5b56af18f8794530f525516d76a33493361e227400138932494cf236140d8,2025-07-03 21:32:22.780004+00:00,en,theprint.in,theprint.in,2019-03-05,"Before Balakot, the BJP’s electoral prospects didn’t look too bad either",https://theprint.in/opinion/before-balakot-the-bjps-electoral-prospects-didnt-look-too-bad-either/198968/
b5ce461e55b9a625e964d77e77e230bf364851105b6252840a454ad11decf594,2025-07-03 21:29:38.482547+00:00,en,theprint.in,theprint.in,2019-01-16,Numbers don’t lie: Why SP-BSP alliance can defeat BJP’s legendary poll arithmetic,https://theprint.in/opinion/numbers-dont-lie-why-sp-bsp-alliance-can-defeat-bjps-legendary-poll-arithmetic/178442/
6ccf198fa7f11bacb8197b600d6bf449ff3d27d24f47816c095f555b703221e4,2025-07-03 21:29:13.979635+00:00,en,theprint.in,theprint.in,2018-11-09,Why BJP is staring at a loss of nearly 100 seats from 2014 tally,https://theprint.in/opinion/hindi-heartland-holds-key-to-bjp-2019-electoral-fortunes-once-again/147096/
2b5b7bb24ad9b1f8b58cf13dec473a52f48b46446ea8fba095afab191d2f432a,2025-07-03 21:27:59.791396+00:00,en,timesnownews.com,timesnownews.com,2019-01-31,2019 Lok Sabha Elections Times Now-VMR Opinion Poll: NDA may fall 20 seats short of magic mark of 272,https://www.timesnownews.com/india/article/narendra-modi-rahul-gandhi-2019-lok-sabha-elections-times-now-opinion-poll-live-updates-bjp-congress-mahagathbandhan-india-parliament-mayawati/356829
398f1b7b208703fa195eceb67d77e337987638db18a25839ae9d9715a5f5bb84,2025-07-03 21:26:27.191339+00:00,en,theprint.in,theprint.in,2019-03-13,Unemployment is a silent political killer and can catch the BJP off guard in polls,https://theprint.in/opinion/unemployment-is-a-silent-political-killer-and-can-catch-the-bjp-off-guard-in-polls/205140/
6f5827aac9ebc1dbc0581ca5512d7d61bf3b36836735b088c0d701a051ade0e6,2025-07-03 21:24:55.804727+00:00,en,theprint.in,theprint.in,2019-03-07,Pulwama changed election game for Modi so much it needn’t worry about EVM tampering charges,https://theprint.in/opinion/pulwama-changed-election-game-for-modi-so-much-it-neednt-worry-about-evm-tampering-charges/202328/
1e4e051164a7bd9d267156d8f23a44b343fad96bb4b422aa2c3b67692cf405b4,2025-07-03 21:24:50.308054+00:00,en,theprint.in,theprint.in,2019-04-05,"Modi, alcohol & caste: Why BJP-led NDA has a clear advantage in Bihar",https://theprint.in/opinion/modi-alcohol-caste-why-bjp-led-nda-has-a-clear-advantage-in-bihar/217127/
cb2719d45c6a056c2962dd837c84546ac8a3e26c19f72df37db9ae2dff55459c,2025-07-03 21:24:48.372708+00:00,en,theprint.in,theprint.in,2019-03-04,"Pulwama-Balakot helps Modi in polls — issues of farmers, jobs, Rafale don’t exist anymore",https://theprint.in/opinion/pulwama-balakot-helps-modi-in-polls-issues-of-farmers-jobs-rafale-dont-exist-anymore/199143/
68c6e91552c4d8d5b78f42148cdf50db9de512a6ee8b207ad0ed7738a581d01d,2025-07-03 20:37:59.987884+00:00,en,indianexpress.com,indianexpress.com,2019-06-01,Slow and steady loses the race,https://indianexpress.com/article/opinion/columns/slow-and-steady-loses-the-race-rahul-gandhi-congress-5759378/
67764ceda0fce50a6f27a9ef174aed1813159efe6c214437668f4c7a79529793,2025-07-03 20:32:29.608109+00:00,en,hindustantimes.com,hindustantimes.com,2019-05-30,How the BJP managed to do well in Karnataka,https://www.hindustantimes.com/analysis/why-the-bjp-managed-to-do-well-in-karnataka/story-ide8mcLSeB51ZZfmwsOo3I.html
7b0f4056543ef08164125546bffb7ce3ed1ad10d26614f64a17bd71d9ae2f0bb,2025-07-03 20:23:41.741275+00:00,en,dnaindia.com,dnaindia.com,2019-06-01,"The great transformation: BJP 303, Narendra Modi 2.0",https://www.dnaindia.com/analysis/column-the-great-transformation-bjp-303-narendra-modi-20-2755901
ca68161b548b26ca521ec92a1003f8049b14242fe48a9ea0ea93a1d56471ef2f,2025-07-03 19:25:36.236830+00:00,en,indianexpress.com,indianexpress.com,2019-06-02,Why Left lost,https://indianexpress.com/article/opinion/columns/why-left-lost-cpm-udf-kerala-lok-sabha-election-results-5760592/
156dfd52698f4a3be113803184b8fe1e9e707ebd320d5af357970dab18490571,2025-07-03 17:02:59.392161+00:00,en,theprint.in,theprint.in,2019-05-19,4 health warnings you need to know before watching exit poll results 2019,https://theprint.in/opinion/4-health-warnings-you-need-to-know-before-watching-exit-poll-results-2019/237238/
7ae86cac39dd08230473f7d4ae74bce19f1a739ae434398498eead49ec31b651,2025-07-03 17:01:27.559075+00:00,en,hindustantimes.com,hindustantimes.com,2015-12-21,Smriti Kak Ramachandran,https://www.hindustantimes.com/columns/smriti-kak-ramachandran
dad444d3dcb40dbfa983ff0c432f8a1587996bdb08abe2ac3ac372872ccd68cc,2025-07-03 16:57:24.479398+00:00,en,indiatoday.in,indiatoday.in,2019-05-31,Amit Shah joins Modi govt: What changes and what may now worry Team Modi-Shah,https://www.indiatoday.in/news-analysis/story/amit-shah-in-narendra-modi-govt-home-minister-1537628-2019-05-31
614549b09cecc131a535a213c56e9be126281d949d154568e1e5d6e58ed50815,2025-07-03 14:03:06.167968+00:00,en,indiatoday.in,indiatoday.in,2019-06-06,Narendra Modi 2.0 leaves Opposition camp in disarray,https://www.indiatoday.in/news-analysis/story/narendra-modi-2-0-leaves-opposition-camp-in-disarray-1543794-2019-06-06?utm_source=rss
93abe72beccab1d2dd30c627ac95e7b282e81be286027c17b92614ca30842a8b,2025-07-03 06:22:07.398982+00:00,en,indianexpress.com,indianexpress.com,2019-06-10,India Versus Bharat,https://indianexpress.com/article/opinion/columns/india-versus-idea-of-bharat-narendra-modi-bjp-rss-hindutva-lok-sabha-elections-results-5772404/
e904536d8fce4d68b08aee2e75a833d605dd278a308d13d3ec3ceac008dc4c82,2025-07-03 02:09:35.512966+00:00,en,dnaindia.com,dnaindia.com,2019-06-13,"Nitish, caught between a strong Modi and weak Lalu",https://www.dnaindia.com/analysis/column-nitish-caught-between-a-strong-modi-and-weak-lalu-2760063
511f4561eee4ebcabcf2ee76e75a2108c449a6fdaa44d484bffce6371933faf5,2025-07-03 01:20:07.161604+00:00,en,theprint.in,theprint.in,2019-06-13,Forget about Dalit voters. Tell us why upper caste Hindus voted for BJP like never before,https://theprint.in/opinion/forget-about-dalit-voters-tell-us-why-upper-caste-hindus-voted-for-bjp-like-never-before/249420/
ce75fa46b2c2cee0e75b68e4068b221932954a45e42cb237af26f759c3b1b609,2025-07-02 23:30:26.000257+00:00,en,indianexpress.com,indianexpress.com,2019-06-15,Preening nationalism,https://indianexpress.com/article/opinion/columns/preening-nationalism-5781485/
863a9765e022dfcbcc19158cd2f9ab6fa4e60b0df036a111d1925ae09e16285d,2025-07-02 23:27:50.845116+00:00,en,hindustantimes.com,hindustantimes.com,2019-06-15,"Analysis | 27 years after Mulayam floated SP, his son has to rebuild it",https://www.hindustantimes.com/india-news/analysis-27-years-after-mulayam-floated-sp-his-son-has-to-rebuild-it/story-tJByCcgiaPRXdmdToIBFXL.html
657a788edefca6da8d6abd8e67717aaa28aada020cf98ce06abcdde9e5757375,2025-07-02 20:31:14.689350+00:00,en,dnaindia.com,dnaindia.com,2019-06-18,DNA Edit: Chasing a mirage,https://www.dnaindia.com/analysis/editorial-dna-edit-chasing-a-mirage-pm-modi-s-simultaneous-polls-idea-may-not-find-takers-2762060
8ed1c2a9fa5d17d949f1acc0715d66347b8d71e4568def1e5ff966ec270cba18,2025-07-02 18:37:45.677960+00:00,en,indiatoday.in,indiatoday.in,2019-06-19,"One nation, one election: An RSS-BJP agenda lingering for two decades",https://www.indiatoday.in/news-analysis/story/one-nation-one-election-an-rss-bjp-agenda-lingering-for-two-decades-1551812-2019-06-19?utm_source=rss
abdb7339df6762041506fe588e4be509f44e402f89101235db7a30878df04535,2025-07-02 18:21:37.380293+00:00,en,thehindu.com,thehindu.com,2014-06-01,"It is Modi, not BJP that won this election",https://www.thehindu.com/opinion/op-ed/It-is-Modi-not-BJP-that-won-this-election/article11640727.ece
040f2d7778040bedacec572f66446e31c51e5cc6ab2fb3e775e5848ece9f30e0,2025-07-02 15:51:38.113666+00:00,en,indianexpress.com,indianexpress.com,2019-06-21,One man show,https://indianexpress.com/article/opinion/columns/narendra-modi-amit-shah-bjp-federalism-elections-2019-one-man-show-5791424/
8c9b2e13a6d8804482a4834e25af9b51c60218e06920d7f6edc4d4f67ce36258,2025-07-02 15:35:31.872823+00:00,en,dnaindia.com,dnaindia.com,2019-06-21,BJP’s audacious target,https://www.dnaindia.com/analysis/column-bjp-s-audacious-target-2763265
3ef9d8469c5dc41b1b0ae8875c065132315a5b0c4a4ffec165d30cfee0b916e1,2025-07-02 10:24:58.756950+00:00,en,indiatimes.com,indiatimes.com,2019-06-25,"Yesterday, once more: Mayawati faces tough challenges but resorting to a discredited playbook won’t help",https://timesofindia.indiatimes.com/blogs/toi-editorials/yesterday-once-more-mayawati-faces-tough-challenges-but-resorting-to-a-discredited-playbook-wont-help/
dcd2a88950e4f78a478eaf612e83fd71e8015e2c2ab43d5258b551428605c343,2025-07-02 07:08:09.645774+00:00,en,indiatoday.in,indiatoday.in,2019-06-27,"With Narendra Modi taking lead, how BJP is appropriating Congress's issues, leaders",https://www.indiatoday.in/news-analysis/story/with-narendra-modi-taking-lead-how-bjp-is-appropriating-congress-s-issues-leaders-1556913-2019-06-27?utm_source=rss
208f5885d54138a55c2671fed309e2e038c343148851709a8cf013102aaed862,2025-07-02 05:56:16.345701+00:00,en,thehindu.com,thehindu.com,2019-06-28,"Will the idea of ‘one nation, one poll’ work in India",https://www.thehindu.com/opinion/op-ed/will-the-idea-of-one-nation-one-poll-work-in-india/article28191477.ece
1a199be64216083914a90501675e25dbf75685973daa1e8fe471fe4ae29729a6,2025-07-01 17:20:38.052398+00:00,en,thequint.com,thequint.com,2019-07-07,"Sunday View: The best opinion pieces from across newspapers this Sunday, curated just for you.",https://www.thequint.com/news/india/sunday-view-the-best-weekend-opinion-pieces-modi-budget-congress-election
6cf503c7ceeda977a0fd0834e26b43d0ce24d85517b293ac7698d58a7b3675a6,2025-07-01 12:30:05.331022+00:00,en,ndtv.com,ndtv.com,2019-07-10,DK Shivakumar's Lonely Fight For Congress On Visible Display,https://www.ndtv.com/opinion/karnataka-to-mumbai-congress-shows-its-party-without-a-plan-2067290
36010f81a36b3b5adc3f9d16b2c139e3616ed3fd6ea50866fc8a5b8cae194602,2025-07-01 12:11:17.935326+00:00,en,indiatoday.in,indiatoday.in,2019-07-10,Why DK Shivakumar is the Congress's last resort,https://www.indiatoday.in/news-analysis/story/why-dk-shivakumar-is-the-congress-s-last-resort-1566193-2019-07-10?utm_source=rss
eaa59f120aaa2237e8c8617b3940ae402587f432dc3dd5e76d781220b2eaf25e,2025-07-01 11:59:34.535606+00:00,en,thequint.com,thequint.com,2019-07-10,"BJP’s One Nation, One Poll Plan: Nafisa Ali Sodhi Criticises A Plan That May Crush Democracy",https://www.thequint.com/voices/opinion/nafisa-ali-sodhi-on-one-nation-one-election-electoral-spending-bonds-democracy
f6776c0cfaa6c2736f83e39f73ada6e7dbca253cf00adb85be6fd4c6a99f15dc,2025-07-01 10:14:15.417283+00:00,en,thequint.com,thequint.com,2019-07-11,Congress Must Rediscover Will To Fight If It Wants To Prevent Total Dissolution,https://www.thequint.com/voices/opinion/congress-disintegration-rahul-gandhi-leaders-defect-to-bjp-maharashtra-karnataka
cbe43c2c6041d8013bd9216e3c3b35f166f706cce50a8b843839c5dcc4100652,2025-07-01 09:59:48.112993+00:00,en,thehindu.com,thehindu.com,2019-07-12,A welcome debate on electoral reforms,https://www.thehindu.com/opinion/lead/a-welcome-debate-on-electoral-reforms/article28391880.ece
920cdf5c72220ef571e91dc303ed8dcee8b16e0d2df3015ca37b73b0f52409e2,2025-07-01 09:58:19.597083+00:00,en,hindustantimes.com,hindustantimes.com,2018-04-16,India-Nordic Summit: Rethink the priorities we accord the five Scandinavian countries,https://www.hindustantimes.com/opinion/india-nordic-summit-rethink-the-priorities-we-accord-the-five-scandinavian-countries/story-BIxwKcTshgB5SEDY7t680H.html
a274bbae35df5088e591d4b55bdda8469feb37908c3ec79c4a08f0edae66ddb1,2025-07-01 09:19:24.107900+00:00,en,indiatoday.in,indiatoday.in,2019-07-12,Why is Karnataka government always in jeopardy?,https://www.indiatoday.in/news-analysis/story/why-is-karnataka-government-always-in-jeopardy-1567351-2019-07-12?utm_source=rss
07651eef4568b093d5a0685774f7c7f85e02b20fa4c93e86332839011d53ca5f,2025-07-01 05:45:21.907507+00:00,en,indiatoday.in,indiatoday.in,2019-07-15,BL Santhosh replaces Ram Lal: Why does RSS want greater control over BJP?,https://www.indiatoday.in/news-analysis/story/bl-santhosh-replaces-ram-lal-why-does-rss-want-greater-control-over-bjp-1569387-2019-07-15?utm_source=rss
ac1ae050c3224203a81dbe94346167f2cdf861ba08eae6f5b8adce2fe4db0c9d,2025-07-01 04:58:52.980603+00:00,en,hindustantimes.com,hindustantimes.com,2019-07-14,Rahul Gandhi’s letter highlights incorrect diagnosis of ’19 results,https://www.hindustantimes.com/editorials/rahul-gandhi-s-letter-highlights-incorrect-diagnosis-of-19-results/story-c59yQiy26NygFiiSVQDPeK.html
f129840f6dfbce5b56ea1312b439f684ee350ac56bfa1f39b36fcd2bf8685ca6,2025-07-01 02:15:29.873795+00:00,en,theprint.in,theprint.in,2019-05-23,"On TV, Arnab Goswami, Rajdeep Sardesai & Navika Kumar looked like they had won 2019 polls",https://theprint.in/opinion/telescope/on-tv-arnab-goswami-rajdeep-sardesai-navika-kumar-looked-like-they-had-won-2019-polls/239710/
92761bbf8d399ac92f6565cff94b25bff44c66f916588c89a0064a513c6ec854,2025-07-01 00:11:38.990713+00:00,en,indianexpress.com,indianexpress.com,2019-07-19,Dishonouring the mandate,https://indianexpress.com/article/opinion/columns/anti-defection-law-cogress-mlas-join-bjp-karnataka-goa-dishonouring-the-mandate-5836789/
00e5908f5e549f33a295467376814ec8fc71fbe97ae8c57ccf51c5c0d38701c4,2025-06-30 18:10:25.108533+00:00,en,hindustantimes.com,hindustantimes.com,2019-07-23,Ten reasons why the Congress–JD(S) government finally collapsed in Karnataka,https://www.hindustantimes.com/india-news/10-reasons-why-the-kumaraswamy-government-has-finally-collapsed-analysis/story-NFCsPYiOovWTwVvCLhzjzN.html
61e2db7105353730d21a9da60803b3e4f67b479e80d8fad7e0995510c83cef0b,2025-06-30 14:11:50.362833+00:00,en,dnaindia.com,dnaindia.com,2019-07-23,DNA Edit: EVM scapegoat,https://www.dnaindia.com/analysis/editorial-dna-edit-evm-scapegoat-opposition-parties-frustrated-over-losing-election-2774749
ee4b5fc04e523df149d6f9850c5b534d89ffd55b336a42c99f05f9a77e27f5eb,2025-06-30 14:11:50.328579+00:00,en,dnaindia.com,dnaindia.com,2019-07-25,Another opportunistic alliance in Karnataka comes to an end,https://www.dnaindia.com/analysis/column-another-opportunistic-alliance-in-karnataka-comes-to-an-end-2775444
a3514cc605d4c1b3fe3d729ac8f0b9ca4f656d39fac61007b4db796fcde41bbf,2025-06-30 11:56:07.424763+00:00,en,hindustantimes.com,hindustantimes.com,2019-07-28,"Locating class, or lack of it, in India’s politics",https://www.hindustantimes.com/editorials/locating-class-or-lack-of-it-in-india-s-politics/story-DImS03yZXBZ2atTxE8Na8J.html
614bb6b57b836f3af1b66cbc16fbc445797832d83e313bed3473b9461f153e2b,2025-06-30 11:00:13.387497+00:00,en,indiatoday.in,indiatoday.in,2019-07-29,Karnataka: Yediyurappa gains from disqualification but there is a catch,https://www.indiatoday.in/news-analysis/story/karnataka-yediyurappa-gains-from-disqualification-but-there-is-a-catch-1574699-2019-07-29?utm_source=rss
aa09d76b49cf9adb6667da484f55d5ca4dc724457df5ccef42f77c5d4d7c99b4,2025-06-30 07:49:17.942249+00:00,en,rediff.com,rediff.com,2019-07-31,"Will NIA, instant talaq laws impact Vellore poll outcome?",https://www.rediff.com/news/column/will-nia-talaq-laws-impact-vellore-poll-outcome/20190731.htm
06ed7df1f997e72cdd9126358a80e7a9b37984c3117e4d4e1d23d42f9652be84,2025-06-30 02:31:38.514651+00:00,en,theprint.in,theprint.in,2019-07-20,"For the Alexandria Ocasio-Cortezs & Shehla Rashids, Trump and Modi have the same playbook",https://theprint.in/opinion/for-the-alexandria-ocasio-cortezs-shehla-rashids-trump-and-modi-have-the-same-playbook/265282/
19a673ec9c5e1eb30bf1df052701a0e563352a5c2b9bfc761d70dd42b05eb38e,2025-06-30 01:32:27.713471+00:00,en,indiatimes.com,indiatimes.com,2019-08-05,"Amit Shah sends Articles 370, 35A and statehood to the history bin without asking J&K its opinion",https://timesofindia.indiatimes.com/blogs/jibber-jabber/amit-shah-sends-articles-370-35a-and-statehood-to-the-history-bin-without-asking-jk-its-opinion/
61528e58c4b18aaca9ecd65d0a055d0e56413a0fa3b8e78c22fd3f210eeb519e,2025-06-29 17:23:35.706120+00:00,en,indianexpress.com,indianexpress.com,2025-06-29,Vandita Mishra writes: Not just about the Emergency,https://indianexpress.com/article/opinion/columns/vandita-mishra-emergency-congress-bjp-secularism-socialism-10096332/
d9269796e3443f72203b7555f343ce457689e8eb3df494a7d27f71114009a06c,2025-06-29 16:44:26.882182+00:00,en,theprint.in,theprint.in,2019-05-08,How Indian politics and society ensure a Dalit MP sits quietly in Parliament,https://theprint.in/opinion/17th-lok-sabha-looks-set-to-confirm-ambedkars-fears-no-vocal-dalits-in-parliament/232383/
12f498cbafc5520a1cad554c266ebcedcd7acd2aba772c97ce907f8207c33e57,2025-06-29 16:43:16.687405+00:00,en,theprint.in,theprint.in,2018-10-30,"It makes good politics for Amit Shah to defy Supreme Court on Sabarimala, Ayodhya and NRC",https://theprint.in/opinion/it-makes-good-politics-for-amit-shah-to-defy-supreme-court-on-sabarimala-ayodhya-and-nrc/142044/
c584e14e6bb1ddd032cafd669b3fc837258fbead24c7e6c16663e2a0c11ddd0b,2025-06-29 16:42:57.687931+00:00,en,theprint.in,theprint.in,2018-11-09,3 things BJP must do to wrest power from Mamata Banerjee in Bengal,https://theprint.in/opinion/3-things-bjp-must-do-to-wrest-power-from-mamata-banerjee-in-bengal/145593/
0ac4d145253c89508045070d3e9ac80d137dcb19bbab5d6d2fc3c512be133a95,2025-06-29 09:25:02.859921+00:00,en,hindustantimes.com,hindustantimes.com,2019-08-19,"Mayawati loses political glamour, but the game is far from over",https://www.hindustantimes.com/opinion/mayawati-loses-political-glamour-but-the-game-is-far-from-over/story-f39DyqUxrwtfWmRttzn2aN.html
18a82897aef409fe798de51ddecf38d2d2a2aa2289f8bdbdd0e56cdacca70e88,2025-06-28 17:29:06.771713+00:00,en,thequint.com,thequint.com,2019-09-01,"Sunday View: The Best Weekend Opinion Reads, Curated Just For You",https://www.thequint.com/news/india/sunday-view-weekend-best-opinion-reads
33373068572034eba34d33d20bbd396a25d1ba8a03bdb56ff32f2889718e1142,2025-06-27 16:36:24.931194+00:00,en,indianexpress.com,indianexpress.com,2025-06-27,From Chirag Paswan to Prashant Kishor: Why smaller parties could be a game changer in Bihar,https://indianexpress.com/article/opinion/columns/bihar-election-caste-prashant-kishor-chirag-paswan-smaller-parties-nda-mahagathbandhan-10092332/
e34ecab82ad7e60fd58b62ccefdf4fa4defd871935c15e73ba609a859b427840,2025-06-27 11:29:48.679154+00:00,en,hindustantimes.com,hindustantimes.com,2019-09-23,The political cost of Rajeev Kumar’s disappearance,https://www.hindustantimes.com/india-news/the-political-cost-of-rajeev-kumar-s-disappearance-opinion/story-LlJWC1Qee6LZwlkYKAjgNN.html
9f39c995a7e77cab5a7f944ee818d67d34681fe15527711584c4183134e884c2,2025-06-27 11:26:14.748096+00:00,en,hindustantimes.com,hindustantimes.com,2019-09-22,"Two parties, two stories",https://www.hindustantimes.com/editorials/two-parties-two-stories/story-dB1vLIQPyLzTNWdqT0FHaK.html
83f09639cfec8b5e8725c284bc1d43bfe1e6c6849c489cfe4a0680009d76ce29,2025-06-27 09:09:56.270026+00:00,en,indianexpress.com,indianexpress.com,2019-09-25,Banking on politics,https://indianexpress.com/article/opinion/columns/banking-on-politics-india-economic-slowdown-unemployment-6025609/
9b863f0efd10546a93be79d4f0e5df0e55d3e50e63844d1edf6183dba05350da,2025-06-27 07:02:05.420215+00:00,en,thehindu.com,thehindu.com,2019-09-26,Analysis: Kerala byelections to be political turning point for UDF,https://www.thehindu.com/news/national/kerala/analysis-kerala-byelections-to-be-political-turning-point-for-udf/article29517747.ece
983a51f3e8f2da15bb1d5b51c47c5469bff3d223cb463eba8bdbeabe54ae920b,2025-06-27 05:53:15.463652+00:00,en,thehindu.com,thehindu.com,2019-09-27,Subject to people’s will: On Karnataka bypolls,https://www.thehindu.com/opinion/editorial/subject-to-peoples-will-on-karnataka-bypolls/article29522829.ece
d1b675e055e035a5652ad78c990a5d4306801f7b9e7c9de516780a3e9b66ab04,2025-06-27 05:35:17.781787+00:00,en,indiatoday.in,indiatoday.in,2019-09-27,Once PM Modi said Sharad Pawar handheld him and taught how to walk in politics,https://www.indiatoday.in/news-analysis/story/once-pm-modi-said-sharad-pawar-handheld-him-and-taught-how-to-walk-in-politics-1603845-2019-09-27?utm_source=rss
a76316f486969444184d4f30cabc9315399be3783068d0b39bb6672828499433,2025-06-27 02:21:56.672697+00:00,en,dnaindia.com,dnaindia.com,2019-09-30,"Pawar, NCP face an existential crisis like never before",https://www.dnaindia.com/analysis/column-pawar-ncp-face-an-existential-crisis-like-never-before-2793357
15ef5498f3b33cc07a2fe498ed44a0a93d95a8ca5419fcf25485911850f1fc47,2025-06-27 01:47:47.542886+00:00,en,indiatoday.in,indiatoday.in,2019-09-30,Onion bomb and Modi government's dilemma,https://www.indiatoday.in/news-analysis/story/onion-bomb-and-modi-government-s-dilemma-1604851-2019-09-30?utm_source=rss
329e087d3984743c6b9ba3cce2c2cb94265bbb6ced3b90238e2faf211935d5c3,2025-06-26 20:34:38.720235+00:00,en,thehindu.com,thehindu.com,2025-06-27,Is voter registration being subject to fraud?,https://www.thehindu.com/opinion/op-ed/is-voter-registration-being-subject-to-fraud/article69741793.ece
e8058bfa26bb671fd87031b9ad6f115ce1a7bf2e6109c134bcecd5a48b261dc7,2025-06-26 20:13:44.503393+00:00,en,indiatoday.in,indiatoday.in,2019-10-04,Is Haryana Congress ensuring a BJP victory and return of Khattar?,https://www.indiatoday.in/news-analysis/story/is-haryana-congress-ensuring-a-bjp-victory-and-return-of-khattar-1606092-2019-10-04?utm_source=rss
8d693c9166316696ba6bc3042f7b710654aeec9bdad9be96c2d9c29ecf4dd5f7,2025-06-26 15:05:54.153616+00:00,en,hindustantimes.com,hindustantimes.com,2019-10-07,India’s opposition faces a tough test,https://www.hindustantimes.com/columns/india-s-opposition-faces-a-tough-test-analysis/story-FnkPscdx6afTqUOCc3I3TJ.html
fe11c00110ff68c31056deced8aeb2a6358f33fc752e4b31fed97edf99c61df7,2025-06-26 13:00:32.063735+00:00,en,thehindu.com,thehindu.com,2019-10-09,"Analysis: BJP sticks to tested tack, Congress goes local in Haryana",https://www.thehindu.com/elections/haryana-assembly/analysis-bjp-sticks-to-tested-tack-congress-goes-local-in-haryana/article29628015.ece
28242732e358ab7c3f85c168178531b0630b4677beabbb57866ee716afd2a257,2025-06-26 10:36:12.114500+00:00,en,indiatoday.in,indiatoday.in,2019-10-11,What will decide Maharashtra and Haryana assembly elections: Issues or narrative?,https://www.indiatoday.in/news-analysis/story/what-will-decide-maharashtra-and-haryana-elections-issues-or-narrative-1608129-2019-10-11?utm_source=rss
3940aaa3d1cd4799b2ab26a91a9105fd2208a73266a8ccc9d2d9bceae0577d2c,2025-06-26 04:45:58.525342+00:00,en,indianexpress.com,indianexpress.com,2019-10-16,"October 16, 1979, Forty Years Ago",https://indianexpress.com/article/opinion/editorials/october-16-1979-forty-years-ago-6070676/
f1737ac63f081569e410f86225979932381098c4351df4a63586bff1b2129038,2025-06-26 03:40:00.016081+00:00,en,thehindu.com,thehindu.com,2019-10-16,"Analysis: The Left seeks to connect with the faithful, minorities in Kerala",https://www.thehindu.com/news/national/analysis-the-left-seeks-to-connect-with-the-faithful-minorities-in-kerala/article29715590.ece
fb0773c6270443c419d562bd7290a89f578b63dcfd9779dc41f53a65bd414dbd,2025-06-26 03:36:02.515036+00:00,en,thehindu.com,thehindu.com,2019-10-17,"In Haryana, it’s BJP versus the rest",https://www.thehindu.com/opinion/op-ed/in-haryana-its-bjp-versus-the-rest/article29717135.ece
674aa36b563af5a5b40f75e0c905039fe97bd1e1744af6a4879b2ac6d169324b,2025-06-25 21:36:04.775974+00:00,en,thehindu.com,thehindu.com,2025-06-26,Enabling voting rights for migrants,https://www.thehindu.com/opinion/op-ed/enabling-voting-rights-for-migrants/article69736254.ece
9729808d3b788a8124443d40cd541ffb44ae303809fe7de9586ef61a2dfba40f,2025-06-25 20:09:28.698840+00:00,en,indiatimes.com,indiatimes.com,2019-10-23,Politics in command: Most exit polls predict a BJP victory. Opposition is in all sorts of trouble,https://timesofindia.indiatimes.com/blogs/toi-editorials/politics-in-command-most-exit-polls-predict-a-bjp-victory-opposition-is-in-all-sorts-of-trouble/
ffd3d2b191f7f82cd550cae9781ab5d61055ad5305b78b4e5589f7b9cd0e32ef,2025-06-25 19:41:13.318649+00:00,en,thehindu.com,thehindu.com,2019-10-22,"No surprise in store: On Maharashtra, Haryana Assembly elections",https://www.thehindu.com/opinion/editorial/no-surprise-in-store/article29760740.ece
74d4bcc57488644680caadd1e9395557ca11a8f2b77b718ca5cbf9d43fe87221,2025-06-25 19:33:01.125380+00:00,en,indiatoday.in,indiatoday.in,2019-10-23,Is two-child policy a realistic goal in India?,https://www.indiatoday.in/news-analysis/story/is-two-child-policy-a-realistic-goal-in-india-1612148-2019-10-23?utm_source=rss
fcac122748839be996a5fdf76697153ba74188e820a84482498aaa4847758be8,2025-06-25 17:27:06.748290+00:00,en,thequint.com,thequint.com,2019-10-24,Haryana Assembly Election Results 2019: Is BJP Bearing the Brunt of Jat Anger Unemployment?,https://www.thequint.com/voices/opinion/haryana-assembly-election-results-2019-bjp-congress-caste-politics-jat-dalit-rural-distress
05c56de4fc568613729d86dcc0dcc952c3e87b84a8b032e424f3c072d471f8cc,2025-06-25 17:13:40.507867+00:00,en,hindustantimes.com,hindustantimes.com,2019-10-24,"To the BJP, voters send a reminder, writes Rajdeep Sardesai",https://www.hindustantimes.com/columns/to-the-bjp-voters-send-a-reminder/story-GEHKmaTi8uL5Pb2TuehBaK.html
303ccedbf9041d71eb275486a8460004787d2a8524cc381bef019a46f1f2b6d4,2025-06-25 15:59:41.380278+00:00,en,indiatoday.in,indiatoday.in,2019-10-25,Were Dalit votes key to Congress's comeback in Haryana assembly elections?,https://www.indiatoday.in/news-analysis/story/haryana-assembly-election-results-congress-comeback-dalit-votes-sc-seats-1612914-2019-10-25?utm_source=rss
893a98ac8257f8299d76a9524140ad9f74aef69f878a3b0dbc1ba4a1b5a41fbd,2025-06-25 15:19:13.365903+00:00,en,thehindu.com,thehindu.com,2019-10-25,The poll wind direction may have changed,https://www.thehindu.com/opinion/op-ed/the-poll-wind-direction-may-have-changed/article29789995.ece
5ac023df384746d0f4d609335829cc023cc00265ee90b97c064d0a9e26f95633,2025-06-25 14:46:00.688867+00:00,en,thequint.com,thequint.com,2019-10-26,Maharashtra and Haryana Assembly Elections Results 2019: What BJP Got Wrong in Maharashtra Haryana Assembly Polls 2019: Six Takeaways,https://www.thequint.com/voices/opinion/maharashtra-haryana-assembly-election-results-2019-modi-bjp-congress-opposition
3aff96679abd5ddfb1bd641152c0c4d26b676fcd83a43aae75725155bebcbb5d,2025-06-25 14:05:37.746178+00:00,en,hindustantimes.com,hindustantimes.com,2019-10-24,There is no doubt that the vote was against the ruling establishment,https://www.hindustantimes.com/analysis/there-is-no-doubt-that-the-vote-was-against-the-ruling-establishment/story-bHg9S0aQKptgOLZJAWIOjM.html
ec3c27d75bf8beed0f6d5dfe692f1155c42869d9b219bb97e4ddc28a740b9549,2025-06-25 14:00:00.675807+00:00,en,indianexpress.com,indianexpress.com,2019-10-27,Recent elections show that Indian democracy is alive and well and kicking,https://indianexpress.com/article/opinion/columns/out-of-mind-voter-narendra-modi-bjp-maharashtra-assembly-elections-6089727/
b46887996a3e052ba4d6a23d82ffce90f88104080b081d18d15f4bfd798e42ae,2025-06-25 11:15:09.336086+00:00,en,thehindu.com,thehindu.com,2019-10-29,Election takeaways for the Congress,https://www.thehindu.com/opinion/op-ed/election-takeaways-for-the-congress/article29816268.ece
6ad2ee692c054c1208527d5adaa07294487d31be13c27f1296b2f82c58baec7f,2025-06-25 05:35:51.811160+00:00,en,hindustantimes.com,hindustantimes.com,2019-11-02,The Congress must bid farewell to the Gandhis,https://www.hindustantimes.com/columns/the-congress-must-bid-farewell-to-the-gandhis/story-dveOKgwUbDaWq6vXBkFBWN.html
78ad3df7f581e95e84374dd14b49be7ca1dd7ac313523f66cae77ab245354492,2025-06-25 04:24:57.044855+00:00,en,indiatoday.in,indiatoday.in,2019-11-04,BJP-Shiv Sena tussle in Maharashtra: Until election did oldest allies part,https://www.indiatoday.in/news-analysis/story/bjp-shiv-sena-tussle-in-maharashtra-until-election-did-oldest-allies-part-1615606-2019-11-04?utm_source=rss
a17127f71fee9100799c080733188e658fbcb3861f50b37e1fbc9518ca9c8976,2025-06-25 00:54:59.808578+00:00,en,rediff.com,rediff.com,2019-11-06,Why Modi needs to worry,https://www.rediff.com/news/column/why-modi-needs-to-worry/20191106.htm
593b110f12f823f57a51a8323b8192c0d0863ba5127223a7ea367a6a0bd024fc,2025-06-24 19:17:02.809528+00:00,en,thequint.com,thequint.com,2019-11-10,Why BJP’s Biggest Strength Is Also Its Biggest Weakness,https://www.thequint.com/voices/opinion/modi-factor-bjp-government-election-victories-opposition-allies-congress
ef364a14fe8c394c865d4250c84600af15339f0ac85ece7f3b5ae1a070bb8ce8,2025-06-24 09:11:29.178592+00:00,en,thehindu.com,thehindu.com,2019-11-18,Analysis: Maharashtra signposts era of anti-BJP coalitions,https://www.thehindu.com/news/national/analysis-maharashtra-signposts-era-of-anti-bjp-coalitions/article30008335.ece
d42c4fc36910b209de78b6f3d2c1073e427f222f23f7a02e4ee57f0d2abedd9a,2025-06-24 03:56:38.983437+00:00,en,indiatoday.in,indiatoday.in,2019-11-22,"Jharkhand election: Women, tribal voters to decide who will be chief minister",https://www.indiatoday.in/news-analysis/story/jharkhand-election-women-tribal-voters-to-decide-who-will-be-chief-minister-1621625-2019-11-22?utm_source=rss
92c2bc96ea9cdcfe9b2f87bc915d8b6f7d91edc8b8c326ad7dee66d5a2954197,2025-06-23 09:17:30.384512+00:00,en,indianexpress.com,indianexpress.com,2025-06-23,"Before next election, EC must address questions raised about Maharashtra polls",https://indianexpress.com/article/opinion/columns/before-next-election-ec-must-address-questions-raised-about-maharashtra-polls-10082161/
518398bcf436fcbc8c4b4519647bbf027c318c608dd0138f828faa05df01798e,2025-06-23 08:15:27.400208+00:00,en,thequint.com,thequint.com,2019-12-08,"Sunday View: The Best Weekend Opinion Reads, Curated Just For You",https://www.thequint.com/news/india/sunday-view-best-weekend-opinion-pieces-curated-just-for-you-2
b3a47b0bedec60a579c8b6573758523da07047d3ac84d4d1a0136c5af640c881,2025-06-23 07:29:26.258404+00:00,en,hindustantimes.com,hindustantimes.com,2019-12-06,Do government’s welfare schemes influence the patterns of voting?,https://www.hindustantimes.com/analysis/do-government-s-welfare-schemes-influence-the-patterns-of-voting/story-MG7M07QT6AL6zwJziUI91N.html
975469234efeef5fe59a6dc32a7ef58287278329483262e2d83a51d2b5a9e801,2025-06-23 06:35:19.787316+00:00,en,ndtv.com,ndtv.com,2019-12-09,"Just Anti-BJPism Cannot Sustain A Coalition. Example, Karnataka",https://www.ndtv.com/opinion/just-anti-bjpism-cannot-sustain-a-coalition-example-karnataka-2145962
b1cfd1d62abe4f36f8167f14a96e83468d6c6a3a5e778a1a434e99ef6590936d,2025-06-23 02:50:23.506558+00:00,en,rediff.com,rediff.com,2019-12-12,"So, what are Modi's critics celebrating?",https://www.rediff.com/news/column/so-what-are-modis-critics-celebrating/20191212.htm
2e13be7b75b9d38cbc1891452a229e5973dcc937a76cdbfbf029db68c3e514ef,2025-06-22 14:02:11.389331+00:00,en,indianexpress.com,indianexpress.com,2019-12-21,"At stake, in Ranchi",https://indianexpress.com/article/opinion/editorials/jharkhand-elections-results-bjp-citizenship-law-protests-6177504/
5dcd88c6d50ee0de55eeeb16d29d4ea98a1391ddc3ff28548f2f2afece32f7d2,2025-06-22 13:04:33.926906+00:00,en,hindustantimes.com,hindustantimes.com,2019-12-22,The electoral implications of the CAA-NRC issue,https://www.hindustantimes.com/columns/the-electoral-implications-of-the-caa-nrc-issue-opinion/story-Y6VtojxZdInckICkMGFNlI.html
2216a5337164d0e95f3a6d568e02e36a6b9dfdc4f10f17b2bfa339c7800ef55a,2025-06-22 12:54:20.235411+00:00,en,theprint.in,theprint.in,2019-12-16,"Pushed to the edge, young Indian Muslims are asked to not react",https://theprint.in/opinion/pushed-to-edge-young-indian-muslims-asked-to-not-react/335998/
9ca5152f4b626bdc60965b49b135ad7da1f175ea57fe9f7615096dcf57a8f162,2025-06-22 12:29:01.599848+00:00,en,theprint.in,theprint.in,2019-09-23,Three reasons why Mamata Banerjee is losing the plot in West Bengal,https://theprint.in/opinion/politically-correct/three-reasons-why-mamata-banerjee-is-losing-the-plot-in-west-bengal/295296/
c4e07071fc7c27e619cf98e65adda8364b5d728ad282cc3e4dfb5c7ebee439ff,2025-06-22 11:38:46.234689+00:00,en,indiatoday.in,indiatoday.in,2019-12-23,Why BJP lost Jharkhand Assembly election,https://www.indiatoday.in/news-analysis/story/why-bjp-lost-jharkhand-assembly-election-1630820-2019-12-23?utm_source=rss
77434774fc1f8bee4a0bd3fd5b4a1d1794436b18e181145215975873d0a33f37,2025-06-22 10:48:05.372129+00:00,en,hindustantimes.com,hindustantimes.com,2019-12-23,"By rejecting Raghubar Das, Jharkhand sends a message to the BJP",https://www.hindustantimes.com/analysis/by-rejecting-raghubar-das-jharkhand-sends-a-message-to-the-bjp/story-u2Xjma3844Df9rvOMsOqaN.html
dbe8adc9a0bc59936d66ca0d246e80b1d8f5459bd2d89d044b7e10ca61669467,2025-06-22 10:48:05.330660+00:00,en,hindustantimes.com,hindustantimes.com,2019-12-23,"Jharkhand is a mandate of the poor, for their rights",https://www.hindustantimes.com/analysis/jharkhand-is-a-mandate-of-the-poor-for-their-rights/story-Wun2wiOSP6wE8BYim8twcL.html
0e63b21e815638e7f5959a0b6ebec29e753cd38b77128e585b288b25d0daca58,2025-06-22 10:04:03.118512+00:00,en,indianexpress.com,indianexpress.com,2019-12-24,Way from Ranchi,https://indianexpress.com/article/opinion/editorials/ranchi-jharkhand-poll-results-bjp-caa-nrc-6181732/
2b9aa45c708286adaf49b5d2a65bc573d5d044aca0a262454550430d7f23da40,2025-06-22 03:51:51.747593+00:00,en,thehindu.com,thehindu.com,2019-12-30,State results no indicator of decline in BJP’s popularity,https://www.thehindu.com/opinion/op-ed/state-results-no-indicator-of-decline-in-bjps-popularity/article30426848.ece
64317d6888f2bdb5db2df8ff691e4c56bc4997561ed66f148996234ee8f34200,2025-06-18 22:31:18.352807+00:00,en,rediff.com,rediff.com,2025-06-18,Why DMK Gave Kamal Haasan A Rajya Sabha Seat,https://www.rediff.com/news/column/why-dmk-gave-kamal-haasan-a-rajya-sabha-seat/20250618.htm
55ecda6f3160c73a4f5800ac71df3f8a8d13a49e8d9be87eeb4de283b15a74c0,2025-06-09 20:36:04.143562+00:00,en,thehindu.com,thehindu.com,2025-06-10,"​Tighten the process: On the Election Commission of India, election processes",https://www.thehindu.com/opinion/editorial/tighten-the-process-on-the-election-commission-of-india-election-processes/article69675674.ece
5eef6edb6f86d92ddc0535012573c4604b1013e6f0d1405884806a8a0b717739,2025-06-07 19:30:14.423533+00:00,en,indianexpress.com,indianexpress.com,2025-06-07,"Devendra Fadnavis replies to Rahul Gandhi: Rejected by people, now he rejects people’s mandate",https://indianexpress.com/article/opinion/columns/rahul-gandhi-maharashtra-elecition-commission-10053941/
dd2a874dfd5a98e9a34290433ddb0b598ddd49321397a45e8ea3fb7f43506cba,2025-06-07 06:26:55.198082+00:00,en,indianexpress.com,indianexpress.com,2025-06-07,Rahul Gandhi writes: Match-fixing Maharashtra,https://indianexpress.com/article/opinion/columns/rahul-gandhi-writes-match-fixing-maharashtra-10052638/
15ec3bc009bc5d281ae9a65128da0d95cb0202b5a5b4d2b7f01ded883e512bad,2025-06-06 22:27:42.436221+00:00,en,rediff.com,rediff.com,2025-06-06,"How EPS, Stalin Keep Allies In Check",https://www.rediff.com/news/column/n-sathiya-moorthy-how-eps-stalin-keep-allies-in-check/20250606.htm
60cd5a0b7c3a1b6e36cd1b11cef1bec6ff139d5cb4337ecbc2e55389cec2f202,2025-06-04 15:38:54.368572+00:00,en,indianexpress.com,indianexpress.com,2025-06-04,How Operation Sindoor is shaping the political narrative of West Bengal,https://indianexpress.com/article/opinion/columns/how-operation-sindoor-is-shaping-the-political-narrative-of-west-bengal-10047466/
54da4e29510c3665094e097af79a1c80cabab888f67d97bb5b767d389c2aca75,2025-05-30 13:20:19.801637+00:00,en,thequint.com,thequint.com,2025-05-30,Not Just Legacy: Stalin’s Political Formula That Keeps DMK on Top |OPINION,https://www.thequint.com/opinion/why-stalin-dmk-still-has-political-edge-in-tamil-nadu
44943c96f3a2929e129e9c1102e1ed71d6138a2fecf5482b7db886ae28320f9d,2025-05-28 11:41:31.235072+00:00,en,indianexpress.com,indianexpress.com,2025-05-28,"A dissenting daughter, a leaked letter and a divided house in BRS",https://indianexpress.com/article/opinion/columns/k-kavithas-letter-to-kcr-brs-in-crisis-ktr-and-kcr-10033824/
fc1674e2d7fcad42519be24d4a181686e7e727d56a16dd984597c14bd62ab54f,2025-05-26 20:21:19.672032+00:00,en,thehindu.com,thehindu.com,2025-05-26,Why Uncontested Elections in India Violate Voter Rights and Challenge Democracy,https://frontline.thehindu.com/politics/analysisuncontested-elections-voter-rights-india-2025/article69620973.ece
707c4725eeae3d7f1ac8e061349b0c2c067764df1ae52e88f8f21aa1ae30c1df,2025-05-23 22:27:23.269216+00:00,en,ndtv.com,ndtv.com,2025-05-21,"A Month After Pahalgam, Have We Lost Sight Of Kashmir And Kashmiris",https://www.ndtv.com/opinion/a-month-after-pahalgam-have-we-lost-sight-of-kashmir-and-kashmiris-8470337#publisher=newsstand
1d7e63ec935f78526f644f19c589881d5c24721dac7c665ef053f06d86e4f3ac,2025-05-22 10:23:25.860884+00:00,en,thequint.com,thequint.com,2025-05-22,Mayawati Takes Nephew Akash Anand on a Roller Coaster Ride Over BSP Leadership,https://www.thequint.com/opinion/mayawati-akash-anand-bsp-roller-coaster-dynasty-politics
0b31930eb847bee3f1a42e70c809a10f4000fd5eccd6b638b4b80838f1283fa8,2025-05-06 17:33:05.361345+00:00,en,indiatimes.com,indiatimes.com,2025-05-06,Cover fire for terrorists': Indian envoy blasts Irish Times over Pahalgam terror attack editorial,https://timesofindia.indiatimes.com/india/cover-fire-for-terrorists-indian-envoy-blasts-irish-times-over-pahalgam-terror-attack-editorial/articleshow/120938544.cms
b2798acf5b039d3be2069a4e480067cfdbd29492d840dabbe6a831f326aafcdf,2025-05-04 19:27:29.298731+00:00,en,thehindu.com,thehindu.com,2025-05-05,"Sober verdicts: election results from Australia, Singapore",https://www.thehindu.com/opinion/editorial/sober-verdicts-election-results-from-australia-singapore/article69538120.ece
da96fe906cc537cbbd699c9fc6206ba3aa6a545f225926b4d972128fcf5cbb65,2025-05-01 20:22:04.652881+00:00,en,indiatoday.in,indiatoday.in,2025-05-01,BJP's caste census strike: Why did Modi government make a U-turn?,https://www.indiatoday.in/opinion/story/bjp-caste-census-strike-why-did-modi-government-make-a-u-turn-2718168-2025-05-01?utm_source=rss
9b7559a0e7a8aadd9a396cfc35f13f3cac0ac97b139ea8f37e9e74a02cab82b8,2025-04-30 18:26:28.655240+00:00,en,thequint.com,thequint.com,2025-04-30,"With Eye on Bihar, Modi Walks Caste Line in Times of Resurgent Identity Politics",https://www.thequint.com/opinion/with-eye-on-bihar-modi-walks-caste-line-in-times-of-resurgent-identity-politics
dd5173e966b1975e08d7531621a8c38f2a1f4dabe82593e799f84a57cb734d8e,2025-04-25 09:30:22.944319+00:00,en,thequint.com,thequint.com,2025-04-25,Pahalgam Is the Price of New Kashmir,https://www.thequint.com/opinion/pahalgam-bloodbath-centre-cannot-evade-security-failure-blame
3f880d2fc35bacad084ba9a647f7df1c238020d499961bf8ba058bc4170b6248,2025-04-23 21:23:15.753637+00:00,en,thehindu.com,thehindu.com,2025-04-24,Cherry-picking from history,https://www.thehindu.com/opinion/op-ed/cherry-picking-from-history/article69482990.ece
7bb6c0aff0416c6025db1ee7818103ca0e4b0dab7a5bc678fb5b2f4ae5ab5d23,2025-04-23 19:26:46.855552+00:00,en,indiatimes.com,indiatimes.com,2025-04-23,Has Modi govt’s strategy in Kashmir backfired in the face of new global alliances?,https://economictimes.indiatimes.com/opinion/et-commentary/has-the-modi-governments-strategy-in-kashmir-backfired-in-the-face-of-new-global-alliances/articleshow/120559849.cms
29638f2cc9a5a038465bc414be8c3d32d94fcc3b0171a2d0ea70ec9f4ee19e28,2025-04-16 12:31:44.354527+00:00,en,indianexpress.com,indianexpress.com,2025-04-16,"The key argument against delimitation shouldn’t be population policy but the ‘one person, one vote’ principle",https://indianexpress.com/article/opinion/columns/delimitation-population-policy-one-person-one-vote-principle-9947344/
435aa13a7372fa459bf598dc12f9c8a762d371e204d3ecc8351c80054643acd1,2025-04-09 12:32:36.346548+00:00,en,thequint.com,thequint.com,2025-04-09,"Fresh Faces, New Guard: The Left Party's Bid to Reverse Its Decline",https://www.thequint.com/opinion/cpim-madurai-party-congress-new-guard-ma-baby-eyes-on-west-bengal-kerala-elections
7092d88e1ec50adb0e76fb66957487778d7af81cf71f068b6584e7f130e17c18,2025-04-08 10:40:41.252893+00:00,en,indianexpress.com,indianexpress.com,2025-04-08,"In Myanmar and beyond, the complex role of elections in post-conflict states",https://indianexpress.com/article/opinion/columns/myanmar-beyond-complex-role-elections-post-conflict-states-9931531/
ddea0f725395821a766eb51304ece852fdb552014fa1037683269d9a7a189429,2025-04-08 10:33:23.566727+00:00,en,thequint.com,thequint.com,2025-04-08,Rahul Gandhi in Bihar: Can Congress Take Pole Position in Bihar Opposition after Waqf Churn in JD(U)?,https://www.thequint.com/opinion/bihar-election-can-congress-benefit-from-waqf-controversy-jdu-churn-tejashwi-yadav
275355726d6e59c7d2af8000c4d87468a4623fd4720c6b7cacc1df77387d7e46,2025-04-01 12:27:40.872614+00:00,en,ndtv.com,ndtv.com,2025-04-01,Analysis: Why Nitish Kumar Is In Control Despite Health Concerns,https://www.ndtv.com/india-news/analysis-why-nitish-kumar-is-in-control-despite-health-concerns-8061455
a9ccf7f7a1bf4bf57ee0945e34d5a88902e113321326d3189df5baf63ccc5260,2025-03-20 20:27:02.485349+00:00,en,thehindu.com,thehindu.com,2025-03-21,"​Free and fair: On the Election Commission, calls for transparency",https://www.thehindu.com/opinion/editorial/free-and-fair-on-the-election-commission-calls-for-transparency/article69353957.ece
088a38c5ae4951bb63de5f00be0ffb89a049af6b1503e36aa43287ffc57bfb89,2025-03-12 18:21:06.967849+00:00,en,thequint.com,thequint.com,2025-03-12,Dharmendra Pradhan’s Own Goal Amid NEP Row Bends BJP Backward in Tamil Nadu,https://www.thequint.com/opinion/dharmendra-pradhan-nep-row-tamil-nadu-bjp-stalin-delimitation
c3562f275cd0ce1de7f47a2d9b7e40492a0fe0f088e2e502b0b2fb823867ffd9,2025-03-11 15:24:29.113749+00:00,en,ndtv.com,ndtv.com,2025-03-11,Analysis: What Ails Congress In Gujarat?,https://www.ndtv.com/india-news/analysis-what-ails-congress-in-gujarat-7900906
03c637b7d9e33e875170f0b89c9b8aaac9f2de49c73c321c3d366d88373803e1,2025-03-07 19:44:14.266976+00:00,en,thehindu.com,thehindu.com,2025-03-07,The BJP’s Double Engine Strategy is Impacting India’s Federalism,https://frontline.thehindu.com/columns/bjp-double-engine-strategy-federalism-opposition-states/article69289961.ece
b648ad67599abd3d88cab02fe4ac54c6d697a1b6b69a1357f8102260b0bc44e6,2025-03-07 05:29:16.272753+00:00,en,indianexpress.com,indianexpress.com,2025-03-07,"March 7, 1985, Forty Years Ago: Poll Results",https://indianexpress.com/article/opinion/40-years-ago/march-7-1985-forty-years-ago-poll-results-9872870/
9e19d02952c5cbd801464cce9637233c1ffaabfa531385650ce248d55ac01609,2025-03-06 16:17:30.215963+00:00,en,thequint.com,thequint.com,2025-03-06,Beyond Delimitation: Why India Needs a ‘State Break-Up Commission’,https://www.thequint.com/opinion/delimitation-stalin-leads-southern-states-controversy-against-bjp
521443f443b40f0c05f9d8c3bbf79999fbe00881869c70ed56db9cfb8d010221,2025-03-06 09:21:56.828736+00:00,en,ndtv.com,ndtv.com,2025-03-06,Has Mayawati Given Up Completely,https://www.ndtv.com/opinion/has-mayawati-given-up-completely-7860717
78a767771151de33941693619ca740817ae7555307cd39051ec9e7ae9cb88376,2025-03-04 20:53:34.097655+00:00,en,thehindu.com,thehindu.com,2025-03-05,"​Double trouble: On elections, the EPIC number and the voter",https://www.thehindu.com/opinion/editorial/double-trouble-on-elections-the-epic-number-and-the-voter/article69290344.ece
234f4f5fe47f31c0c69d43df7e74d12198280fee411f287d020d381259a4b6bf,2025-03-03 13:26:40.362302+00:00,en,thequint.com,thequint.com,2025-03-03,Mayawati’s Nephew Akash Anand Axed (Again) — The Latest Twist in BSP’s Decline,https://www.thequint.com/opinion/mayawati-sacks-nephew-akash-anand-again-bsp-dalit-politics
7cee49aebfe13c8521385800494a535096e9b494a0c6eac6b390b437da17fbe9,2025-03-03 06:31:30.778078+00:00,en,indianexpress.com,indianexpress.com,2025-03-03,"March 3, 1985, Forty Years Ago: Bihar Poll Violence",https://indianexpress.com/article/opinion/40-years-ago/march-3-1985-forty-years-ago-bihar-poll-violence-9864949/
904c099f1e829bc32bdf6d9fc61bc904916355d1b8ad0fb13f56b8360bbd38eb,2025-02-28 10:26:15.825084+00:00,en,ndtv.com,ndtv.com,2025-02-28,Nitish And BJP: Will Bihar See A Maharashtra 'Rerun,https://www.ndtv.com/opinion/nitish-and-bjp-will-bihar-see-a-maharashtra-rerun-7814915
bdf61fb19f450394479ac7a939f4aaba704ef820371e4322a59f3b632ec7c89a,2025-02-18 23:24:27.360996+00:00,en,thequint.com,thequint.com,2025-02-18,CEC Rajiv Kumar: A Tenure of Glaring Questions & Missed Opportunities,https://www.thequint.com/opinion/chief-election-commissioner-rajiv-kumar-tenure-gyanesh-new-cec-maharashtra-elections-voter-list
c33037864cc6023d2dd7395cf28ac2062efa70165947c3a506db2c3391144f96,2025-02-16 01:21:10.022672+00:00,en,indiatoday.in,indiatoday.in,2025-02-15,"Opinion – BJP juggernaut rolls on: Brand Modi stays strong, NDA leads I.N.D.I. Bloc",https://www.indiatoday.in/opinion/story/bjp-juggernaut-rolls-on-brand-modi-stays-strong-nda-leads-indi-bloc-opinion-2680547-2025-02-15?utm_source=rss
acd9679bce7b16e507ad9712c8165aa6e6f369fd73acb91b2c9e206a69ad250d,2025-02-14 07:33:37.646903+00:00,en,indianexpress.com,indianexpress.com,2025-02-14,Neerja Chowdhury writes: Congress failed to build on its 99,https://indianexpress.com/article/opinion/columns/best-of-both-sides-neerja-chowdhury-writes-congress-failed-to-build-on-its-99-9835052/
8b37d20170a663d33c81aa1cd4f7ebd8a0858be7dca28fbe8f07d6d7818b579d,2025-02-14 07:23:55.804389+00:00,en,indianexpress.com,indianexpress.com,2025-02-14,Anshul Avijit writes: Congress is the only party that flags real issues,https://indianexpress.com/article/opinion/columns/best-of-both-sides-anshul-avijit-writes-congress-is-the-only-party-that-flags-real-issues-9835050/
7d7ab60a30cb901b8e3c0c518bf0cfb286ee9cc626aa95700e4f78edd75a2099,2025-02-12 16:20:50.301155+00:00,en,thequint.com,thequint.com,2025-02-12,Delhi Elections 2025 Result | Why Congress Lost in Delhi: An Existential Crisis in The Heart of Grand Old Party,https://www.thequint.com/opinion/delhi-elections-2025-congress-loss-zero-rahul-gandhi-existential-crisis
55ab1b9be1eb9b349fe526fae579b533851001de8fe28ee62ec4735d63b9e167,2025-02-11 16:33:35.188013+00:00,en,thequint.com,thequint.com,2025-02-11,"PM Modi, Kejriwal, Rahul Gandhi: Delhi Has Given You a Sharp, Unsparing Verdict",https://www.thequint.com/opinion/delhi-election-results-2025-pm-modi-arvind-kejriwal-rahul-gandhi-delhi-has-given-you-a-sharp-unsparing-verdict-opinion
1c213c77bd0c9e90da671247a43a7e0041cdecbaaa4353b1f93aee58cbc5e514,2025-02-10 17:20:32.894712+00:00,en,indiatoday.in,indiatoday.in,2025-02-10,Opinion: Delhi’s Middle Class ‘Wave’ Election,https://www.indiatoday.in/opinion/story/delhi-middle-class-wave-election-can-arvind-kejriwal-script-a-comeback-opinion-2677516-2025-02-10?utm_source=rss
7c9adbb86bf2208a656ea0612abbdd7b6b2f9959aae75164844a057a8dc55bc5,2025-02-10 11:19:16.490714+00:00,en,thequint.com,thequint.com,2025-02-09,"Sunday View: The Best Weekend Opinion Reads, Curated Just for You",https://www.thequint.com/opinion/sunday-view-the-best-weekend-opinion-reads-curated-just-for-you-178
36a33efec52967583c4eb11b2278003b597753cdc4fe852925560c2e85cc4da1,2025-02-10 08:23:20.167675+00:00,en,indianexpress.com,indianexpress.com,2025-02-10,BJP’s returns to Ram’s home: UP by-poll result shows the limits of Opposition’s caste census politics,https://indianexpress.com/article/opinion/columns/bjp-ram-home-uttar-pradesh-by-poll-result-limits-opposition-caste-census-politics-9827824/
c75db57bf01df3389d1a1179b35942ddeb0fd07b4c2bd0d592f43f4ca909e41c,2025-02-08 23:29:45.332800+00:00,en,rediff.com,rediff.com,2025-02-08,It Won't Be An Easy Term For The BJP,https://www.rediff.com/news/column/ramesh-menon-it-wont-be-an-easy-term-for-the-bjp/20250208.htm
a2fdbbc6cd641c381bd06186a7c80fbc1bf6ac3cdf467188485df7d2255ba057,2025-02-06 05:26:24.141837+00:00,en,indiatoday.in,indiatoday.in,2025-02-06,Opinion: What voter turnout in 2025 Delhi polls could mean,https://www.indiatoday.in/opinion/story/opinion-what-voter-turnout-in-2025-delhi-polls-could-mean-2675452-2025-02-06?utm_source=rss
6bfe594ade4cd75a11eeaf810b147bcaa01d96624005305b057fe6e7bf114f63,2025-02-03 14:28:08.280909+00:00,en,indiatoday.in,indiatoday.in,2025-02-03,Opinion: Can BJP repeat its Haryana-Maharashtra performance in Delhi?,https://www.indiatoday.in/opinion/story/can-bjp-repeat-its-haryana-maharashtra-performance-in-delhi-opinion-2673936-2025-02-03?utm_source=rss
fe37d572cb82870ca872cf6ea67fd61dad5931ec98e3bdb421fdec18e2e6c480,2025-02-03 04:24:16.914314+00:00,en,thequint.com,thequint.com,2025-02-03,"Delhi Elections 2025: AAP Banking on Dalit, Muslim, Women Voters for Third Capital Win Against Growing Imprint of BJP And Middle Class Disillusionment",https://www.thequint.com/opinion/delhi-elections-aap-three-saviours-arvind-kejriwal-votebank
d6306e9f2783c04afc032bbd0beddf2e69069fd1db02780630b32b038b42c59a,2025-02-02 17:35:51.073021+00:00,en,hindustantimes.com,hindustantimes.com,2025-02-02,Middle class holds the key to Delhi elections,https://www.hindustantimes.com/opinion/middle-class-holds-the-key-to-delhi-elections-101738511247318.html
5a26b3a0c85b5bc64d6db79440048500c728d16fdc1ac781ff631f06e73f5352,2025-01-30 22:24:26.096545+00:00,en,thehindu.com,thehindu.com,2025-01-31,Has the INDIA bloc lost its vitality after the Lok Sabha polls?,https://www.thehindu.com/opinion/op-ed/has-the-india-bloc-lost-its-vitality-after-the-lok-sabha-polls/article69160384.ece
ea52474909104b6a95d8f6a8934cc2748b9848bfeab78b3fc6024eaa859341b9,2025-01-29 05:19:55.065365+00:00,en,thequint.com,thequint.com,2025-01-29,Delhi Assembly Elections 2025: BJP Mounts ‘Extraordinary’ Effort to Wrest Capital for ‘Brand Modi’,https://www.thequint.com/opinion/delhi-elections-2025-bjp-amps-up-effort-to-win-delhi-for-brand-modi
2405fb44004d0c4fb068ab5cded6c09b57f9f2b3b1982440b0650edc03722d6d,2025-01-28 21:25:13.096969+00:00,en,rediff.com,rediff.com,2025-01-28,Is Trump A Lot Like Modi?,https://www.rediff.com/news/column/is-trump-a-lot-like-modi/20250128.htm
2799e2e0103ce19005f2a335927722e7ab04f3e1d3780c968185cf5d3de3db17,2025-01-28 15:19:12.432994+00:00,en,ndtv.com,ndtv.com,2025-01-28,Rahul Gandhi Has Been Reduced To An Emperor Without An Empire,https://www.ndtv.com/opinion/rahul-gandhi-the-emperor-without-an-empire-7579929
3d7063484dac0bea94b452a1793cbb1078588f1aabeb2ab5b210cd66ec507935,2025-01-24 08:19:48.653350+00:00,en,ndtv.com,ndtv.com,2025-01-24,"Are Actor Vijay, AIADMK And BJP Teaming Up To Take On Stalin",https://www.ndtv.com/opinion/are-actor-vijay-aiadmk-and-bjp-teaming-up-to-take-on-stalin-7546998
41eadb1e46564b9e00e171c00197886e63000b64a6ce074f910ad73dc5aaf0f5,2025-01-23 19:31:18.797216+00:00,en,thequint.com,thequint.com,2025-01-23,Delhi Elections: AAP vs BJP,https://www.thequint.com/opinion/aap-vs-bjp-delhi-elections-what-may-help-swing-in-favor-of-aap-healthcare-education-religion
04c0d9ad2ad8cc8fb628dbd8da08e8f773afc16578b1b3a290207b551e0f00b1,2025-01-23 11:26:22.935457+00:00,en,ndtv.com,ndtv.com,2025-01-23,AAP vs BJP: Who Will Charm Delhi's Middle Class,https://www.ndtv.com/opinion/aap-vs-bjp-who-will-charm-delhis-middle-class-7540350
d000d1373e20332f669f04582f100f04bfee95b177392729ccd534b7881f955c,2025-01-23 03:29:46.696268+00:00,en,indiatoday.in,indiatoday.in,2025-01-22,Opinion: How can BJP neutralise the edge AAP enjoys in Delhi polls?,https://www.indiatoday.in/opinion/story/how-can-bjp-neutralise-the-edge-aap-enjoys-in-delhi-polls-2668597-2025-01-22?utm_source=rss
0a9ec0236619a172d7cdbdc19dfa50c4f30eaa912757292f5f44b9dba894bf72,2025-01-20 18:35:10.772698+00:00,en,ndtv.com,ndtv.com,2025-01-17,Does The BJP Need Congress's Help In Delhi,https://www.ndtv.com/opinion/why-does-the-bjp-need-congresss-help-in-delhi-7496046#publisher=newsstand
ff7eaa7035f3a5718461017694b8d874754b8ce01339401d403a1bf80c020174,2025-01-14 00:18:24.486739+00:00,en,thehindu.com,thehindu.com,2025-01-14,"Resisting transparency, eroding public trust",https://www.thehindu.com/opinion/op-ed/resisting-transparency-eroding-public-trust/article69095459.ece
42c8a1dc462b7818c6e9861d553194a90cb540f6c4a23976bf09f48a96af1f10,2025-01-11 06:25:58.255505+00:00,en,indianexpress.com,indianexpress.com,2025-01-11,Express view on INDIA bloc: A crumbling foretold,https://indianexpress.com/article/opinion/editorials/express-view-on-india-bloc-a-crumbling-foretold-9772313/
a8ec4a72b73f704c1ce8b846a1ba5e9be64d7c8b270c1610b79874d8dc366fd2,2025-01-10 18:33:19.137822+00:00,en,ndtv.com,ndtv.com,2025-01-06,"After 2024, Indian Pollsters Must Learn Something About Voters This Year",https://www.ndtv.com/opinion/will-indian-poll-pundits-respect-voters-this-year-7413043#publisher=newsstand
002a165e2e5eb15b507825af4a76e7900fab745036040a84fe852a1b7da8e007,2025-01-10 13:23:26.807064+00:00,en,ndtv.com,ndtv.com,2025-01-10,The Congress Is Fast Losing Friends,https://www.ndtv.com/opinion/congress-is-fast-losing-the-support-of-allies-7443277
4fa2277527da46024091dddd63b0c738ca097d23c361e0759b89037e04c0600d,2025-01-09 16:35:49.527099+00:00,en,indianexpress.com,indianexpress.com,2025-01-09,"Lonely at the bottom, INDIA parties with AAP, Congress says ready to step up its Delhi game",https://indianexpress.com/article/opinion/columns/india-parties-aap-congress-delhi-elections-9770121/
332a590e216286d607719f7aefcd2ca0db9dcfcea554c51d7702112a6857a297,2025-01-02 04:26:19.727284+00:00,en,indianexpress.com,indianexpress.com,2025-01-02,"January 2, 1985, Forty Years Ago: Karnataka Poll",https://indianexpress.com/article/opinion/40-years-ago/january-2-1985-forty-years-ago-karnataka-poll-9755328/
ba6111d8c293204420273ef2a7468655a714a11da6bd22d7bf0b0a38fc4e133f,2025-01-01 08:21:58.815421+00:00,en,ndtv.com,ndtv.com,2025-01-01,Congress Needs To Go Back To The Drawing Board In 2025,https://www.ndtv.com/opinion/congress-needs-to-go-back-to-the-drawing-board-in-2025-7375895
9e1a25eddac98b84d8ae91cf7328f6ba9505b0d07b8f5760f286a14ec153503c,2024-12-31 15:39:27.654055+00:00,en,rediff.com,rediff.com,2022-01-01,Rahul Cannot Revive The Congress,https://www.rediff.com/news/column/virendra-kapoor-rahul-cannot-revive-the-congress/20220101.htm
743851db69365df8648bffc93c654fb6244cd8fa721fb23339ac4ca9b9c9d4bb,2024-12-31 09:00:56.422215+00:00,en,indiatimes.com,indiatimes.com,2022-01-12,It’s okay to seek out the political market,https://economictimes.indiatimes.com/opinion/et-editorial/its-okay-to-seek-out-the-political-market/articleshow/88862255.cms
7cb14d4ac3ec507fcbfcbd73ea2455c3407cbd54807353e69b0e644309cbd75c,2024-12-31 09:00:54.264427+00:00,en,indiatimes.com,indiatimes.com,2022-01-09,"Watch and wait, proceed and vote",https://economictimes.indiatimes.com/opinion/et-editorial/watch-and-wait-proceed-and-vote/articleshow/88795970.cms
838f8dfd1e7c38a7a2f141546f555717a7618262b0cbe66e4d92de7b8225ddea,2024-12-30 11:56:58.116183+00:00,en,indianexpress.com,indianexpress.com,2022-01-04,Inside track: Defining Moments of 2021,https://indianexpress.com/article/opinion/columns/inside-track-defining-moments-of-2021-7701709/
118b05a366a73dcde075824428435be3a6a9dab37d65c0f0ce5de9875a263cca,2024-12-30 11:43:23.624382+00:00,en,thehindu.com,thehindu.com,2022-02-03,Turmeric woes in Telangana,https://www.thehindu.com/opinion/op-ed/turmeric-woes-in-telangana/article38365994.ece
8d56953f020bf56ba2b9f7bf561dd2ae41e57f4b536211223816a2a467dad1f6,2024-12-30 11:05:48.532201+00:00,en,thequint.com,thequint.com,2022-02-04,"UP Pitch Aside, Mamata Will Need Big Names to Win PM Race in 2024",https://www.thequint.com/voices/opinion/up-pitch-aside-mamata-will-need-big-names-to-win-pm-race-in-2024
02730f0de806eadbace60f999d22f3d55d6df697cfc5aac7675c9b76ef86b53f,2024-12-30 06:01:44.515973+00:00,en,indiatoday.in,indiatoday.in,2022-02-05,"Akhilesh-Jayant’s bonhomie campaign: Pull young crowd, take Yogi head-on",https://www.indiatoday.in/news-analysis/story/akhilesh-jayant-bonhomie-campaign-pull-young-crowd-take-yogi-head-on-1909244-2022-02-05
3ed8f8b7a0f107e64c03604f52320913bb62e3463dd1f33d2aa4b889621353af,2024-12-30 00:29:03.985801+00:00,en,dnaindia.com,dnaindia.com,2022-02-07,"Violation of Election Model Code of Conduct a common practice, stringent punishment need of the hour",https://www.dnaindia.com/analysis/column-violation-of-election-model-code-of-conduct-a-common-practice-stringent-punishment-need-of-the-hour-2932758
b309bc134d5e63c4b4d15a310f3e73b3b273e309320ee7c744b5c1ae90e05f64,2024-12-29 23:24:05.480849+00:00,en,indiatoday.in,indiatoday.in,2022-02-07,Increased participation to political exclusion: The women factor in UP polls,https://www.indiatoday.in/news-analysis/story/increased-participation-to-political-exclusion-the-women-factor-in-up-polls-1910045-2022-02-07
0fbe50f48843710a1655215e50c712562cbe5f5d6f1654c275d97f1c6eaccb18,2024-12-29 18:03:41.757188+00:00,en,ndtv.com,ndtv.com,2022-02-08,Opinion: PM's Speech Reveals Rahul Gandhi Got Under His Skin,https://www.ndtv.com/opinion/pms-speech-reveals-rahul-gandhi-got-under-his-skin-2755902
b8f7ac7a1954043a8c0a5d3d0a696e357e52de9ddb547d278aaf274b15f48dc4,2024-12-29 13:58:31.403937+00:00,en,indiatimes.com,indiatimes.com,2022-02-09,Taste a tukda of democracy: Evolution of voter turnout trends in India,https://economictimes.indiatimes.com/opinion/et-commentary/taste-a-tukda-of-democracy-evolution-of-voter-turnout-trends-in-india/articleshow/89461717.cms
a42a7446c59083f7ecfd723132bc9ee8cf1eebfd94d621f079a32355288f2377,2024-12-29 03:07:12.762756+00:00,en,indiatoday.in,indiatoday.in,2022-02-14,The Owaisi factor in UP election,https://www.indiatoday.in/opinion-columns/story/owaisi-factor-in-up-election-1912762-2022-02-14
ed94c37a34437c5c8b17e11c79b1c0b14e8a0d6df3b393567ab60dc555a81f1c,2024-12-29 01:57:58.855310+00:00,en,thehindu.com,thehindu.com,2022-02-14,A loophole in democracy,https://www.thehindu.com/opinion/op-ed/oped-by-shaikh-mujibur-on-uttar-pradesh-elections-and-a-loophole-in-democracy/article65049450.ece
d9b053ae46e138b1294fe2907c79636bc835cb4211c92a5900163324d6242f37,2024-12-28 19:14:11.651416+00:00,en,rediff.com,rediff.com,2022-02-16,Lesson For Rahul and Priyanka...,https://www.rediff.com/news/column/virendra-kapoor-lesson-for-rahul-and-priyanka/20220216.htm
827c366e4c32e5f59d79995dd81606409c45ae5de90e592d83e25248bf423802,2024-12-28 15:45:27.939494+00:00,en,indianexpress.com,indianexpress.com,2022-02-15,What will decide UP polls outcome: Economic distress or communal rhetoric?,https://indianexpress.com/article/opinion/columns/what-will-decide-up-polls-outcome-economic-distress-or-communal-rhetoric-7774061/
be58cfc195e1727773e8a518d9b5c4b421f74c787739d3e1ce96e5a62fb584b0,2024-12-28 14:36:24.255757+00:00,en,rediff.com,rediff.com,2022-02-18,Why KCR has Launched War On The BJP,https://www.rediff.com/news/column/aditi-phadnis-why-kcr-has-launched-war-on-the-bjp/20220218.htm
00912a8dc1cb068fa5436a4450afd0e47bfacf8223c18a8b6e8deb8b366d5fff,2024-12-28 06:53:31.467745+00:00,en,indiatimes.com,indiatimes.com,2022-02-21,2024 is far away: State poll results are important. But recently they have been poor predictors for national polls,https://timesofindia.indiatimes.com/blogs/toi-editorials/2024-is-far-away-state-poll-results-are-important-but-recently-they-have-been-poor-predictors-for-national-polls/
e1ad8ab5bfee841ad11771aa57f498afa76923f041dae68980d41033f5c5ab46,2024-12-27 04:28:41.823871+00:00,en,indianexpress.com,indianexpress.com,2024-12-27,"December 27, 1984, Forty Years Ago: Polling second round",https://indianexpress.com/article/opinion/40-years-ago/december-27-1984-forty-years-ago-polling-second-round-9746042/
82ff855f67dcf9faad4f87ea9b6c18ac487625d626625f46a962569174a1c602,2024-12-27 00:18:37.706813+00:00,en,thehindu.com,thehindu.com,2024-12-27,How the Right overtook the Left in India,https://www.thehindu.com/opinion/lead/how-the-right-overtook-the-left-in-india/article69030079.ece
416635db2344d5dd60b50eaa3f6880c5b55477d5140b3c01aca9bbc2f186c47f,2024-12-26 21:18:14.307587+00:00,en,thehindu.com,thehindu.com,2022-03-02,Lessons from the urban local body polls in Tamil Nadu,https://www.thehindu.com/opinion/op-ed/lessons-from-the-urban-local-body-polls-in-tamil-nadu/article65144661.ece
e9852ed5c500d67ae6e29d0901127b4a4cf08e990f67c00f7debe8c6b3100dd0,2024-12-26 14:35:24.917638+00:00,en,indianexpress.com,indianexpress.com,2024-12-26,"In a year of non-stop elections in Punjab, AAP stumbles, Congress gains and SAD faces its biggest crisis",https://indianexpress.com/article/opinion/columns/year-non-stop-elections-punjab-aap-stumbles-congress-gains-sad-faces-biggest-crisis-9745302/
bd00aa14e7f8013d7281bc66a23fd87394c7096a46b54fb0dcf349243cab6074,2024-12-25 23:08:53.965449+00:00,en,opindia.com,opindia.com,2022-03-09,Yogendra Yadav is upset UP voters may have voted for BJP for having fulfilled promises,https://www.opindia.com/2022/03/yogendra-yadav-upset-over-up-voters-supporting-bjp-in-his-column-for-the-print/
ea193ff858567ba327a1a88f692c4109c6743150f060f07b6f38e47817e1e40d,2024-12-25 19:57:52.130974+00:00,en,indiatoday.in,indiatoday.in,2022-03-10,Exit poll predicts BJP winning more than it expected,https://www.indiatoday.in/opinion-columns/story/exit-poll-predicts-bjp-winning-more-than-it-expected-1923574-2022-03-10
6d4cd0abc9e82af2e6c2e05460ef16980950fe222d07649ca7f0893a64f2476e,2024-12-25 16:49:53.933579+00:00,en,ndtv.com,ndtv.com,2022-03-10,It Could Be Kejriwal vs Adityanath In 2029,https://www.ndtv.com/opinion/it-could-be-kejriwal-vs-adityanath-in-2029-by-sagarika-ghose-2814030
abd2e501e26c1faf37e73e196d2c9d3afdd40ab3dace3b63f9412820726d7487,2024-12-25 16:41:29.610467+00:00,en,rediff.com,rediff.com,2022-03-11,Will Modi breach Rajiv Gandhi's 404?,https://www.rediff.com/news/column/saisuresh-sivaswamy-will-modi-breach-rajiv-gandhis-404/20220311.htm
6c3b29aee9de5c995d45b038a68179daf773fff9f0358134ec9f0cb3bd29d7dd,2024-12-25 16:26:08.970914+00:00,en,indiatimes.com,indiatimes.com,2022-03-11,Analysis: Assembly polls put PM Modi in a position of strength,https://economictimes.indiatimes.com/news/politics-and-nation/analysis-assembly-polls-put-pm-modi-in-a-position-of-strength/articleshow/90138507.cms
41b5c6fb9e86fdef83c197fc63619ab5daa059e4bc6256b1d2d804a366284837,2024-12-25 15:22:53.912722+00:00,en,thequint.com,thequint.com,2022-03-11,2022 Goa Elections: 5 Big Takeaways From India's Smallest State,https://www.thequint.com/elections/2022-goa-election-results-analysis-bjp-congress-tmc-aap-arvind-kejriwal
5b8816a84846e8baae9febc396640f37074707d51b4c1c2e8846cb0fa849a05e,2024-12-25 12:08:14.710843+00:00,en,thehindu.com,thehindu.com,2022-03-12,What the poll results say about Indian politics,https://www.thehindu.com/newsletter/newsletter-analysis/what-the-poll-results-say-about-indian-politics/article65216896.ece
ae50b490c81ac15abe8e607c92ec699cad4b825db4418f2122df0478c485757a,2024-12-25 11:46:24.611154+00:00,en,ndtv.com,ndtv.com,2022-03-12,"Opinion: PM Starts Gujarat Campaign, Amit Shah's Strategy In Place",https://www.ndtv.com/opinion/pm-starts-gujarat-campaign-amit-shahs-strategy-in-place-2818755
7dbb2733539385361a88b44bd24a6a3ece280c42a6897dd0e135ef00b348f724,2024-12-25 10:13:14.314683+00:00,en,indiatimes.com,indiatimes.com,2022-03-11,Making sense of the pre-election freebie distribution culture,https://economictimes.indiatimes.com/opinion/et-commentary/making-sense-of-the-pre-election-freebie-distribution-culture/articleshow/90158911.cms
c83f3cfdd6d3a8334d1dcd542ed31fd08cd74f92080bdc9e5d625c3c7db46de8,2024-12-25 09:00:57.708875+00:00,en,thequint.com,thequint.com,2022-03-13,2022 Elections: Cong's Fall Is Unique in the Global Crisis of Social Democracy,https://www.thequint.com/voices/opinion/2022-elections-congs-fall-is-unique-in-the-global-crisis-of-social-democracy
0b44d8ceae1c3f3dbb9c9257bb84cbed9548b3e63bd9055bffb304f9ec96ecd8,2024-12-25 08:23:07.624172+00:00,en,indiatoday.in,indiatoday.in,2022-03-13,Why more women voted for the BJP in 2022 elections,https://www.indiatoday.in/elections/story/why-more-women-voted-bjp-2022-elections-analysis-1924821-2022-03-13
d3a638e40d8f5bff63f443e541d92bf7a85a75353013a991f261ebbfe77afae9,2024-12-25 08:16:59.045424+00:00,en,indiatoday.in,indiatoday.in,2022-03-13,"With AAP surge, here’s why BJP may not want a literally Congress-mukt Bharat",https://www.indiatoday.in/opinion-columns/story/with-aap-surge-why-bjp-may-not-want-congress-mukt-bharat-opinion-1924844-2022-03-13
725844dc8b22e8267336cd8ccbe147d6a9a1ad08a648dd96801d89626d83f4dd,2024-12-25 07:03:47.458814+00:00,en,thehindu.com,thehindu.com,2022-03-14,"The mandates, voter messages, political takeaways",https://www.thehindu.com/opinion/op-ed/the-mandates-voter-messages-political-takeaways/article65221984.ece
7c9544451075e97a5501e43870cef223440bfeaf2ac345064c28a27a1a24d9d3,2024-12-25 01:26:18.334436+00:00,en,indianexpress.com,indianexpress.com,2022-03-15,A David versus Goliath battle is set for 2024,https://indianexpress.com/article/opinion/columns/a-david-versus-goliath-battle-is-set-for-2024-bjp-narendra-modi-lok-sabha-polls-7819927/
0f8cc6c682fa58386ad873775acca0dfdeccb8edce384bf4d8a7b778190b4dd9,2024-12-24 18:53:06.751798+00:00,en,indiatoday.in,indiatoday.in,2022-03-16,"Curious case of Harish Rawat, a popular leader who fails to win election in Uttarakhand",https://www.indiatoday.in/news-analysis/story/harish-rawat-popular-leader-fails-uttarakhand-election-1925928-2022-03-16
b899db3d4c26a4486c04f2bd91821c1e450493dfe8b1a4c7ecf9f3c9c28592a3,2024-12-24 11:27:08.081142+00:00,en,ndtv.com,ndtv.com,2024-12-24,"One Nation, One Election, Many Suspicions",https://www.ndtv.com/opinion/one-nation-one-election-many-suspicions-7321785
cb12f303e3a0d36899cd806604203234f0f0473e688747484efed15fa992deb4,2024-12-23 15:33:37.174951+00:00,en,rediff.com,rediff.com,2022-03-22,How Modi-Shah Can Be Beaten,https://www.rediff.com/news/column/shekhar-gupta-how-modi-shah-duo-can-be-beaten/20220322.htm
33f04ddfdddf2dec73f0ec74395c434386c761828a9030d08b69addce2a6ef39,2024-12-23 10:09:59.543610+00:00,en,thehindu.com,thehindu.com,2022-03-23,"In Kerala, still a beleaguered Congress",https://www.thehindu.com/opinion/op-ed/in-kerala-still-a-beleaguered-congress/article65249521.ece
741cbefcca342a5d45972d418e47ba9db5b270aab5a4408626c8b71dbea3cd52,2024-12-23 08:48:27.890698+00:00,en,indianexpress.com,indianexpress.com,2022-03-23,Why voters support the Modi model of governance,https://indianexpress.com/article/opinion/columns/why-voters-support-the-modi-model-of-governance-7831793/
79a289ab81ca4042705e0e066642417ebed77e1b1d1e37369038038e1f51c59f,2024-12-23 02:22:15.014216+00:00,en,indiatoday.in,indiatoday.in,2022-03-24,Sonia takes the wheel as Congress plumbs new lows but road ahead is tough,https://www.indiatoday.in/news-analysis/story/sonia-wheel-congress-road-ahead-tough-party-president-1929098-2022-03-24
e92b723ca45784c88aa6a8b5477e4cea7dcb234220a3e167c94a179b966061ae,2024-12-22 22:51:31.695410+00:00,en,thehindu.com,thehindu.com,2022-03-25,Can a party grow nationally on a populist plank?,https://www.thehindu.com/opinion/op-ed/can-a-party-grow-nationally-on-a-populist-plank/article65255350.ece
1c21d0a2408ec5a28921d12126b0459b4f85f712e3e22f829aa2a6478d82334a,2024-12-22 21:19:36.850516+00:00,en,thehindu.com,thehindu.com,2024-12-23,​Pie in the sky: On the idea of simultaneous elections,https://www.thehindu.com/opinion/editorial/%E2%80%8Bpie-in-the-sky-on-the-idea-of-simultaneous-elections/article69016280.ece
3b415a94b4cdcb1d52cef187731f3e5b1bae2b7fde8c8bf99a05401b8b61e3a6,2024-12-21 17:53:17.469516+00:00,en,dnaindia.com,dnaindia.com,2024-12-21,"What’s all this ruckus over India’s 'One Nation, One Election’ LS bills?",https://www.dnaindia.com/analysis/report-what-all-this-ruckus-over-india-one-nation-one-election-ls-bills-3123557
74d2dbd1072933c5370812d40776f6115b89ed669fc275755d7501ac9fb0481b,2024-12-20 18:25:41.516503+00:00,en,thequint.com,thequint.com,2022-03-30,Can Dissatisfaction With BJP TMC Help the Congress in Tripura?,https://www.thequint.com/voices/opinion/can-dissatisfaction-with-bjp-tmc-help-the-congress-in-tripura
371f8cf50a52e395734e4da1caf8aa838df281d359cdc2662b9c0406e16cfecc,2024-12-20 17:35:37.906414+00:00,en,rediff.com,rediff.com,2022-03-30,Gadkari's Congress Googly To Modi,https://www.rediff.com/news/column/n-sathiya-moorthy-gadkaris-googly-to-modi/20220330.htm
4821c59eb460b347955bd5fdcc23b54054646c02a6756499b2c84d201871d935,2024-12-19 19:22:29.462482+00:00,en,ndtv.com,ndtv.com,2024-12-19,Bihar And The Yatra To Power,https://www.ndtv.com/opinion/bihar-and-the-yatra-to-power-7288809
c75eaae584aceb8e0e14f0bd77b5b1b66928a7147aaf345de78fadb982a8e522,2024-12-19 03:17:45.226674+00:00,en,indianexpress.com,indianexpress.com,2024-12-19,"December 19, 1984, Forty Years Ago: Indian government lodges complaint against Pakistan",https://indianexpress.com/article/opinion/40-years-ago/december-19-1984-forty-years-ago-indian-government-lodges-complaint-against-pakistan-9733097/
c52ec759fc1eccef396773cedbb27bdeb3a7d53c76b35d44497ae939a938ebc7,2024-12-18 20:25:34.311953+00:00,en,thehindu.com,thehindu.com,2024-12-19,​Electronic distraction: On politics and the ‘EVM issue’,https://www.thehindu.com/opinion/editorial/%E2%80%8Belectronic-distraction-on-politics-and-the-evm-issue/article69000915.ece
931a03b5b0b25048a68e56e95edd28ea8311dce55eb11b8982641efdbdd3d161,2024-12-18 20:18:15.631826+00:00,en,indiatimes.com,indiatimes.com,2024-12-18,"Prioritising quality over quantity: The true test of One Nation, One Election",https://economictimes.indiatimes.com/opinion/et-commentary/prioritising-quality-over-quantity-the-true-test-of-one-nation-one-election/articleshow/116447074.cms
c82493547aaa4eebd1b46e3d68b8dff0cd99d918123d0b9b594db326c62e8b2d,2024-12-18 17:19:30.529494+00:00,en,indiatoday.in,indiatoday.in,2022-04-06,"Congress's young problem, and how Ahmed Patel's son has just added to it",https://www.indiatoday.in/news-analysis/story/congress-s-young-problem-ahmed-patel-son-faisal-patel-1934198-2022-04-06
c8a14141a5a4611308784c7dbcd112d28ea6f937446f88158dcc9aa32338e8bc,2024-12-17 19:29:02.820928+00:00,en,dnaindia.com,dnaindia.com,2024-12-17,"DNA TV Show: One Nation, One Election introduced in parliament",https://www.dnaindia.com/analysis/report-dna-tv-show-one-nation-one-election-introduced-in-parliament-lok-sabha-winter-session-3122948
c45bfc4a55a99af0ab8b99b1fc840f31d77391d2773b3834518ed12510b2660d,2024-12-16 19:31:30.772879+00:00,en,indiatimes.com,indiatimes.com,2024-12-16,"Maharashtra Assembly Polls: Move along now, EVMs don't bite",https://economictimes.indiatimes.com/opinion/et-commentary/maharashtra-assembly-polls-move-along-now-evms-dont-bite/articleshow/116377322.cms
94e65a9c4bcac223418140a7d5cb93f4081fe87ff5be0a53e2053c2b0a346be7,2024-12-16 16:23:33.940284+00:00,en,hindustantimes.com,hindustantimes.com,2024-12-16,The gains of going it alone,https://www.hindustantimes.com/editorials/the-gains-of-going-it-alone-101734360412938.html
85ff3ee0ff5c576d4c6590c9aa47cd3b37decd656143744ec029d04863e12397,2024-12-16 12:22:48.474112+00:00,en,ndtv.com,ndtv.com,2024-12-16,"Who Really Benefits From One Nation, One Election",https://www.ndtv.com/opinion/who-will-benefit-from-one-nation-one-election-7260914#publisher=newsstand
89a441469962646b0ef198a77a0d153c3ffeb7796c6a3d8d06194270aa9162ff,2024-12-16 05:53:56.063495+00:00,en,indiatimes.com,indiatimes.com,2022-01-24,"BJP Up News: Analysis: With backward caste votes in flux, BJP falls back on Hindutva nationalism in UP",https://economictimes.indiatimes.com/news/elections/assembly-elections/uttar-pradesh/analysis-with-backward-caste-votes-in-flux-bjp-falls-back-on-hindutva-nationalism-in-up/articleshow/89092594.cms
5d392f5d556c9ee31ed93446826148236e5a971c45921151f87acfb75a02d64b,2024-12-15 20:17:22.369991+00:00,en,thehindu.com,thehindu.com,2024-12-16,"Let’s talk about ‘one candidate, multiple constituencies’",https://www.thehindu.com/opinion/lead/lets-talk-about-one-candidate-multiple-constituencies/article68989069.ece
e48f0687c2f3d1e6855b9806d64da48282707f409b2386ef60b7024a3429f087,2024-12-15 14:16:23.514841+00:00,en,thequint.com,thequint.com,2022-01-21,UP Elections: Is Challenging Yogi a Mistake for Chandrashekhar Azad?,https://www.thequint.com/voices/opinion/up-elections-is-challenging-yogi-a-mistake-for-chandrashekhar-azad
e63658c8cb44104e490fbaa1a7c81f2a0c24c84af63e054bf67f7a73738ef8a2,2024-12-14 18:07:07.161744+00:00,en,thehindu.com,thehindu.com,2022-04-25,What Prashant Kishor’s rise says about the state of electoral politics today,https://www.thehindu.com/opinion/op-ed/what-prashant-kishors-rise-says-about-the-state-of-electoral-politics-today/article65353086.ece
82f6dd9a64975546a91bc0ca0437ae0aa5e1ff577aa7744dc6593fcdf329091a,2024-12-13 23:21:32.635649+00:00,en,indianexpress.com,indianexpress.com,2024-12-14,S Y Quraishi writes: One Nation One Election proposal isn’t representative — it’s insincere,https://indianexpress.com/article/opinion/columns/s-y-quraishi-writes-one-nation-one-election-proposal-isnt-representative-its-insincere-9723883/
de9556459ee5ee0d5faaab91f236927e75f418bdafb02c8d1e6fa368b6c1829e,2024-12-13 20:35:35.089191+00:00,en,rediff.com,rediff.com,2024-12-13,"Is One Nation, One Election A Ploy?",https://www.rediff.com/news/column/ramesh-menon-is-one-nation-one-election-a-ploy/20241213.htm
11a8bfac83eb39e4b0f4fb01ba651ed0b7f827cb930161106fb7773a34a48029,2024-12-11 20:35:25.756583+00:00,en,dnaindia.com,dnaindia.com,2024-12-11,DNA TV Show: Why AAP ruled out alliance with Congress for Delhi Assembly elections,https://www.dnaindia.com/analysis/report-dna-tv-show-why-aap-ruled-out-alliance-with-congress-for-delhi-assembly-elections-3121994
739873fa30a1eed34a3e568f00763625273796a584bdb5ae064d9587e9723712,2024-12-11 00:18:30.349470+00:00,en,indiatoday.in,indiatoday.in,2024-12-10,"SM Krishna: A lawyer, scholar, politician and CEO Chief Minister who built Brand Bangalore",https://www.indiatoday.in/opinion/story/sm-krishna-a-lawyer-scholar-politician-and-ceo-chief-minister-who-built-brand-bangalore-opinion-2647780-2024-12-10?utm_source=rss
494763b56469d79d19ab2d88a2d5dbc28bbc6214e9deee9a087dba08446aefc5,2024-12-06 11:42:10.833195+00:00,en,hindustantimes.com,hindustantimes.com,2024-12-06,Guest Column| Electoral reforms can contain commercial assault on democracy,https://www.hindustantimes.com/cities/chandigarh-news/guest-column-electoral-reforms-can-contain-commercial-assault-on-democracy-101733479847041.html
e92ae2e5b37c8528650d54963c7d16ea3a2162e79f35aa9e78208174404c7e94,2024-12-06 10:26:38.784939+00:00,en,ndtv.com,ndtv.com,2024-12-06,Delhi Elections: It's The Season Of Swing Voters,https://www.ndtv.com/opinion/delhi-elections-will-bjps-double-engine-pitch-work-7185496
53645df03c8ef71cb5fb5d9938c1dd2f5696bcd08cc5f1d2fbe8cf94574d643d,2024-12-05 12:21:10.908376+00:00,en,ndtv.com,ndtv.com,2024-12-05,Don't Take Voters For Granted: What Parties Must Learn From Year 2024,https://www.ndtv.com/opinion/everything-political-parties-must-learn-from-year-2024-7176632#publisher=newsstand
a2dd82bf623ad1a38b098ebb75e30b1904711b4d6e1c39e7a200063c117073be,2024-12-04 11:43:52.666241+00:00,en,thequint.com,thequint.com,2024-12-04,Fadnavis Returns: His Patience Has Paid Off and How,https://www.thequint.com/opinion/devendra-fadnavis-returns-maharashtra-cm-bjp-shiv-sena-eknath-shinde
803559f9bbe1cad948dca909ff0656ed9635720a290fe860783a1d12f969df2f,2024-12-03 12:29:44.879714+00:00,en,ndtv.com,ndtv.com,2024-12-03,Elections In 2024: A Reflection Of India's Diversity Dividend,https://www.ndtv.com/opinion/elections-in-2024-a-reflection-of-indias-diversity-dividend-7162590
60b29e5faf3eb8562726c6b438108d21cea3c28c402b205cb7d8bb7d1c2cb77b,2024-12-03 07:46:16.485508+00:00,en,theprint.in,theprint.in,2019-05-21,Modi fans won’t believe this but his decisions hurt India’s global standing,https://theprint.in/opinion/modi-fans-wont-believe-this-but-his-decisions-hurt-indias-global-standing/238014/
9703900d54f5ce0cf58892c789ca7585933867da26f5f9be43b3b3b99a451a9c,2024-12-02 18:26:50.002002+00:00,en,indiatimes.com,indiatimes.com,2024-12-02,Quick recovery from 2024: BJP has again acquired more political space for manoeuvrability comfort,https://economictimes.indiatimes.com/opinion/et-commentary/quick-recovery-from-2024-bjp-has-again-acquired-more-political-space-for-manoeuvrability-comfort/articleshow/115908187.cms
6b2965e7041f8d9728fcff6abc34e1667ed62315c4a9dd0e56b911ad96073a34,2024-12-02 16:07:28.617273+00:00,en,theprint.in,theprint.in,2019-12-10,"Without a pan-India NRC, Modi-Shah know Citizenship Bill is nothing but symbolism",https://theprint.in/opinion/without-a-pan-india-nrc-modi-shah-know-citizenship-bill-is-nothing-but-symbolism/332793/
ce6a693f3cd426b72e4829ae036d3ece29e9f83b63bc264470e536e1d46405ba,2024-12-02 12:55:27.888117+00:00,en,thequint.com,thequint.com,2020-01-07,Is Delhi BJP Helping Arvind Kejriwal Win His Second Term as CM?,https://www.thequint.com/voices/opinion/delhi-polls-february-bjp-arvind-kejriwal-chief-minister
c46aa4b8dd97e5a2bb184493d3522244b966cf298141f8b0bf2d32e6ec4e17a6,2024-12-02 11:40:05.792205+00:00,en,theprint.in,theprint.in,2019-12-20,Pulping the Modi script on Muslims,https://theprint.in/opinion/pulping-the-modi-script-on-muslims/338709/
e2b6e5581013981e3202b3f66fa7996455373c8461fe665f840e55022da0d719,2024-12-02 10:48:38.111638+00:00,en,thehindu.com,thehindu.com,2020-01-08,A battle over welfare: On Delhi Assembly polls,https://www.thehindu.com/opinion/editorial/a-battle-over-welfare/article30506739.ece
30d87e1524449502179267fc19d871fa60454a09b7fd7b70d3783d3b8258444a,2024-12-02 07:06:51.693607+00:00,en,indiatoday.in,indiatoday.in,2020-01-09,5 factors that will determine who wins Delhi Assembly election,https://www.indiatoday.in/news-analysis/story/5-factors-that-will-determine-who-wins-delhi-assembly-election-1635173-2020-01-09?utm_source=rss
888510cc589edaa074ffb8d8c987eb64d3461a7c84a42b29420c2f7345cd78d3,2024-12-01 15:52:59.375672+00:00,en,thequint.com,thequint.com,2020-01-15,"Will Nitish Kumar Retain Bihar, With Reassertion of Dominant Caste Groups?",https://www.thequint.com/voices/opinion/bihar-assembly-elections-dominant-caste-groups-nitish-kumar-winnability-anti-bjp-sentiment
270d068dc4e46d5280995503ee0e5fee6c7b9bd5443dce6ebbe8a280d868cfaa,2024-12-01 10:09:56.388622+00:00,en,thehindu.com,thehindu.com,2017-02-28,NOTA and the Indian voter,https://www.thehindu.com/opinion/op-ed/nota-and-the-indian-voter/article17378495.ece
3fe400b7718ce7e8cdc404a02b61bc62bc788da4c2aafe471efc22d2e4eace67,2024-11-30 23:54:20.057051+00:00,en,indiatoday.in,indiatoday.in,2020-01-21,Nadda on top: 5 challenges for BJP's new boss,https://www.indiatoday.in/news-analysis/story/nadda-on-top-5-challenges-for-bjp-s-new-boss-1638787-2020-01-21?utm_source=rss
50910bb9145f826bd2786e27f969c6576494dd21d068268736cd79fc2175daa2,2024-11-30 19:54:52.809504+00:00,en,theprint.in,theprint.in,2019-10-21,Now is the time for the Congress to campaign on NYAY,https://theprint.in/opinion/now-is-the-time-for-the-congress-to-campaign-on-nyay/308910/?amp
cf481f860a41de4fd814205f9eb1f6d758380f88bbba8695280b5348e1347ecb,2024-11-30 08:31:21.147510+00:00,en,indiatoday.in,indiatoday.in,2020-01-27,"Narendra Modi vs Opposition in states over CAA-NPR, NIA",https://www.indiatoday.in/news-analysis/story/narendra-modi-vs-opposition-in-states-over-caa-npr-nia-1640523-2020-01-27?utm_source=rss
1d285f9ca8d80694c740a14aca43a2dbc214b08ca93825c202a4fc83ea953f72,2024-11-30 06:43:34.759326+00:00,en,indiatimes.com,indiatimes.com,2018-11-27,Telangana elections: TOI does SWOT analysis of parties in fray,http://timesofindia.indiatimes.com/india/telangana-assembly-election-toi-does-swot-analysis-of-parties-in-fray/articleshow/66821015.cms
080ed1b669e0ad9bcb8fa8554112f2d4f1de6175ac39a4472b4a42ad3ce97e15,2024-11-30 05:52:49.675493+00:00,en,firstpost.com,firstpost.com,2018-12-14,Religion column in citizenship application form allows Centre to dodge NRC; ordinance route open for making Hindu foreigners Indian,https://www.firstpost.com/india/religion-column-in-citizenship-application-form-allows-centre-to-dodge-nrc-ordinance-route-open-for-making-hindu-foreigners-indian-5730881.html
3155223a0bb0bb3f8960a7df416f6570a203c6092f47b1261ea706ea12348b54,2024-11-30 05:43:37.599273+00:00,en,thehindu.com,thehindu.com,2019-05-08,Now there are two: on last two phases of Lok Sabha polls,https://www.thehindu.com/opinion/editorial/now-there-are-two/article27061421.ece
17ab96113a66000a903d448902a4a363a9e5ed608ec95ff3e4e7d52b940c1ec5,2024-11-30 05:33:00.492570+00:00,en,firstpost.com,firstpost.com,2019-03-22,ECI embraces social media as it seeks to encourage a new generation of voters,http://www.firstpost.com/tech/news-analysis/eci-embraces-social-media-as-it-seeks-to-encourage-a-new-generation-of-voters-6310201.html
5fea2360928de9e4c51dda91ab1234570ea58bdd769b12176bc9e404e7292a9e,2024-11-30 05:29:27.408752+00:00,en,firstpost.com,firstpost.com,2018-12-20,India's general election 2019 will be the biggest test of social media influence on results,http://www.firstpost.com/tech/news-analysis/indias-general-election-2019-will-be-the-biggest-test-of-social-media-influence-on-results-5764031.html
8a7e6702a0dd51d962d7dffa5646b9ff42cedee5f6cb43fc2394de80ebd64c9b,2024-11-30 05:10:44.412052+00:00,en,thehindu.com,thehindu.com,2019-01-02,The bilateral transformation,https://www.thehindu.com/opinion/lead/the-bilateral-transformation/article25884055.ece
c9a26bf96af867327b2a26e085270d5594595f8a6f82fbae8b356eb91abd0bba,2024-11-30 05:02:09.184476+00:00,en,thehindu.com,thehindu.com,2019-01-24,An electoral intervention that has clicked,https://www.thehindu.com/opinion/lead/an-electoral-intervention-that-has-clicked/article26072610.ece
bb371ac4cfe0c45afc82fd58af493585314c65d242a362f81682f2361c1c59c4,2024-11-30 05:01:30.121128+00:00,en,thehindu.com,thehindu.com,2019-06-12,Back to Kashmir with an open heart,https://www.thehindu.com/opinion/op-ed/back-to-kashmir-with-an-open-heart/article27891147.ece
bdebe4d1cd703425046852881a70141f031e6e6b926fe971294b790c075d8693,2024-11-30 05:01:06.789301+00:00,en,thehindu.com,thehindu.com,2018-12-11,The Congress’s experiments,https://www.thehindu.com/opinion/op-ed/the-congresss-experiments/article25711936.ece
54a88c5653f748bd05c11d25ac6bfcadf0bd6d648028a8b1c0a62e677b61532e,2024-11-30 04:12:20.891658+00:00,en,thehindu.com,thehindu.com,2018-07-11,Poll position: The Hindu's Editorial on electoral reforms beyond simultaneous elections,https://www.thehindu.com/opinion/editorial/poll-position/article24382534.ece
cf1f92173ff610baea88ccabc10cc7f46fe99dd016dcd916d817ced40845693b,2024-11-29 21:24:21.220429+00:00,en,hindustantimes.com,hindustantimes.com,2020-01-28,The BJP and Indian democracy,https://www.hindustantimes.com/analysis/the-bjp-and-indian-democracy/story-uF9pkx80RQdQqeY3COhCHM.html
59ca5d3b78189c741b19f05705c8eb5f541c9a7511c524af7b3abc04190f5f7c,2024-11-29 15:10:29.425271+00:00,en,thequint.com,thequint.com,2020-01-31,"Delhi Elections 2020: This is What Our Urdu Poets Wrote About Democracy, Voting Process and Government",https://www.thequint.com/voices/opinion/urdu-poets-gulzar-kaifi-azmi-delhi-elections-writings-on-democracy-voting-government
e36c23a091cfe1028ee4c9ca03e7f50aa3b9952997f408ac556e4538ae79f02b,2024-11-29 11:37:05.207332+00:00,en,thequint.com,thequint.com,2024-11-29,"Riding on Victories in Haryana and Maharashtra, Can BJP Win Delhi 2025?",https://www.thequint.com/opinion/riding-on-victories-in-haryana-and-maharashtra-can-bjp-win-delhi-2025-aap-kejriwal
ab13967b05b8535563311b664a65089e297e6ef827ea91c9dfa02fc9fea38499,2024-11-29 06:25:17.609800+00:00,en,opindia.com,opindia.com,2020-02-04,"Delhi elections: Despite polls predicting win, here is how AAP can still lose",https://www.opindia.com/2020/02/delhi-elections-2020-times-now-opinion-poll-aap-might-still-lose-here-is-how/
afb9110332c3c3c1bdfc2d7293e2e56ca02d4883ceca8cba3c3f1c6743d01279,2024-11-29 03:54:53.817007+00:00,en,indiatoday.in,indiatoday.in,2020-02-04,Is Shaheen Bagh a success? How Modi govt has climbed down on CAA-NRC,https://www.indiatoday.in/news-analysis/story/shaheen-bagh-nrc-caa-amit-shah-narendra-modi-1643162-2020-02-04?utm_source=rss
5eaaabebc65063983c7d5ba1ddfd22db2be179469f7aaaefb174d73a1ecbdc5f,2024-11-28 21:09:39.140343+00:00,en,hindustantimes.com,hindustantimes.com,2020-02-07,The interplay between politics and the military,https://www.hindustantimes.com/analysis/the-interplay-between-politics-and-the-military/story-WyFOXQ5vvJnj4tIrec0zrM.html
76dded83aecdbb051e6bbeb5123e01f175ff5b8502104386bfdea8ec2442d68d,2024-11-28 19:43:16.579212+00:00,en,indiatoday.in,indiatoday.in,2020-02-08,"Delhi election 2020: Exit poll results to start coming in at 6 pm on India Today, Aaj Tak",https://www.indiatoday.in/elections/delhi-assembly-polls-2020/story/delhi-election-2020-delhi-exit-poll-opinion-survey-poll-result-on-aaj-tak-india-today-tv-starts-at-6-pm-1644458-2020-02-08?utm_source=rss
fc4d30c0524472c6f3a3066297a33289530ae6fa140fa4cf99f35575a036233b,2024-11-28 17:42:22.062494+00:00,en,thequint.com,thequint.com,2020-02-09,Delhi Exit Polls Prove That BJP Desperately Needs a New Strategy,https://www.thequint.com/voices/opinion/delhi-exit-polls-prove-that-bjp-desperately-needs-a-new-strategy-election-2020
5e745ba45be6118ee66dd06456624389e2fde125853f5f1dd3dd07cefe716fd3,2024-11-28 15:28:57.004205+00:00,en,thequint.com,thequint.com,2024-11-28,"Taking Stock: How Deep Did Disinformation Cut in Maharashtra, Jharkhand Polls?",https://www.thequint.com/news/webqoof/disinformation-on-social-media-platforms-maharashtra-jharkhand-assembly-elections-fact-check-analysis
13c3172975d9b44bfb40a11c35090bd4f5ede8c389a4f8cace99c1cd8d159d81,2024-11-28 15:22:55.469454+00:00,en,ndtv.com,ndtv.com,2024-11-28,Tribal Votes Helped Hemant Soren Win Jharkhand,https://www.ndtv.com/opinion/tribal-votes-helped-hemant-soren-win-jharkhand-7126860
affe33641e7c524016c50153773cf7c82f1bdf71be0ed85f951ab8eacfda8f8f,2024-11-28 14:34:43.433653+00:00,en,hindustantimes.com,hindustantimes.com,2020-02-10,Why the Delhi election matters,https://www.hindustantimes.com/columns/why-the-delhi-election-matters/story-L2qiPP8XWcfKoWkPBPaV3J.html
e7d4668291ce829d5c5328d053ee39c1a1f80323e5d99a798659e5116d2d6f8b,2024-11-28 12:14:09.974082+00:00,en,ndtv.com,ndtv.com,2020-02-11,10 Reasons For Kejriwal Pounding BJP Today,https://www.ndtv.com/opinion/10-reasons-for-kejriwal-pounding-bjp-today-2177815
401eb2db96a21e431db062036a5817da5944f5e163c2f376588738f1a74a195e,2024-11-28 12:06:54.750273+00:00,en,thehindu.com,thehindu.com,2020-02-11,Arvind Kejriwal’s campaign does the trick for AAP,https://www.thehindu.com/elections/delhi-assembly/analysis-arvind-kejriwals-campaign-does-the-trick-for-aap/article30791174.ece
44a16e0cee06e2ae3e10eb57667c396890513f8ca8d3131fbcbdaa1ff6edab79,2024-11-28 11:16:35.699285+00:00,en,thequint.com,thequint.com,2020-02-11,OPINION| After Delhi Elections 2020 Is BJP Ready for Hard Times Ahead? Shaheen Bagh Model May Get Replicated At Other Places,https://www.thequint.com/voices/opinion/delhi-election-2020-shaheen-bagh-model-bjp
9321fb1cf9d794eaa5fa7c0bd321fbdd33a5c110fe8417ce1f71a328708b8310,2024-11-28 11:12:48.624264+00:00,en,ndtv.com,ndtv.com,2020-02-11,Prashant Kishor's Role In Kejriwal's Giant Feat,https://www.ndtv.com/opinion/prashant-kishors-role-in-kejriwals-giant-feat-2177809
b78427450ae5dec09a253622ff9a5608aca1746bec5fbfbf791e511fa49fce7a,2024-11-28 08:24:17.892538+00:00,en,indiatoday.in,indiatoday.in,2020-02-12,Message from Delhi election results: Public hai sab jaanti hai,https://www.indiatoday.in/news-analysis/story/message-from-delhi-election-results-public-hai-sab-jaanti-hai-1645770-2020-02-12?utm_source=rss
d8ae46ee9d1418b7f7c1b256de0d10c5e69fbf40bdd724a843994490e880187f,2024-11-28 08:23:31.876400+00:00,en,thehindu.com,thehindu.com,2020-02-12,The other Delhi is distant yet,https://www.thehindu.com/opinion/lead/the-other-delhi-is-distant-yet/article30795276.ece
f3b75fc864b8a147106998ece7bd0c8ea1b4f45f68973e947d27d032b3e3cfae,2024-11-28 06:42:25.574559+00:00,en,indianexpress.com,indianexpress.com,2020-02-12,"By ignoring ideological questions, AAP remains within BJP’s framework",https://indianexpress.com/article/opinion/columns/delhi-election-results-aap-arvind-kejriwal-bjp-6263301/
e3868709011e1200f64d75583b7f001de93976b26cd196531eb818db9e2f926e,2024-11-28 05:39:04.793490+00:00,en,hindustantimes.com,hindustantimes.com,2020-02-11,Politics is shifting to the centre-right. Delhi proves it,https://www.hindustantimes.com/analysis/politics-is-shifting-to-the-centre-right-delhi-proves-it/story-aAWN4LeCjHkft60rrBWfzM.html
e2fdedc7d9e8052e3f2d22895f6fbc777237ab8dfb838058079e4daf47ca1e0a,2024-11-28 04:54:49.758591+00:00,en,thequint.com,thequint.com,2020-02-13,Delhi Election 2020 Result: Why Has BJP Leader Amit Shah Suddenly Gone Silent After AAP leader Arvind Kejriwal wins Delhi Polls?,https://www.thequint.com/voices/opinion/why-has-bjp-leader-amit-shah-suddenly-gone-silent-after-delhi-polls
a8b33ecf047cd4ee39f7d15240f73efd3010a8f78ec1950c1dc9a74f2a63d1cf,2024-11-28 02:33:12.030345+00:00,en,theprint.in,theprint.in,2019-05-24,Verdict 2019: Modi Ji is now India’s Modi Xi,https://theprint.in/opinion/verdict-2019-modi-ji-is-now-indias-modi-xi/240418/
67a1da5b64641a32cbdde071e6abba8fa8d513f3a5057e3b0e26f1a3ba9064a7,2024-11-28 01:03:46.243990+00:00,en,thehindu.com,thehindu.com,2020-02-14,AAP 3.0,https://www.thehindu.com/opinion/letters/aap-30/article30813604.ece
ed92a4860c77885de74a6a132ac44492e66b26ffc539e8cd6bac7e788fc11d5f,2024-11-27 21:49:35.183251+00:00,en,indianexpress.com,indianexpress.com,2020-02-16,Meghnad Desai writes: Why Kejriwal win is a game changer,https://indianexpress.com/article/opinion/columns/arvind-kejriwal-delhi-election-results-aap-6270160/
bbfca0228fe1277cba4da8e893045dbef891f377104426fe8a85c9114ae5add5,2024-11-27 19:54:26.851996+00:00,en,indianexpress.com,indianexpress.com,2020-02-17,How she votes,https://indianexpress.com/article/opinion/editorials/delhi-assembly-elections-results-women-voters-6271428/
fcf941590b8d13f5598afea65aa76fea07c7ea223e40ed534c5f14762582193f,2024-11-27 19:22:03.224401+00:00,en,rediff.com,rediff.com,2020-02-17,Is the Modi regime looking like UPA II?,https://www.rediff.com/news/column/is-the-modi-regime-looking-like-upa-ii/20200217.htm
5a344594ccd8bbf748790cebb5e31bcef7c37c20867a58c08598704286f9e857,2024-11-27 18:58:45.243597+00:00,en,indiatoday.in,indiatoday.in,2020-02-17,Priyanka after Sonia: Can Congress look beyond Rahul Gandhi?,https://www.indiatoday.in/news-analysis/story/priyanka-after-sonia-can-congress-look-beyond-rahul-gandhi-1647322-2020-02-17?utm_source=rss
9aa5153808e4ffde656c9cb65c2a88186505c36b2abd6fc56eb75e3405039190,2024-11-27 11:28:01.248890+00:00,en,theprint.in,theprint.in,2018-12-12,Chart-wise breakdown of why voting in 2019 would be very different from the state polls,https://theprint.in/opinion/chart-wise-breakdown-of-why-voting-in-2019-would-be-very-different-from-the-state-polls/162621/
3640c0ce124d1a9dd8056e35b6ac0a86bc2878f9826978871ca1f3d32caf4849,2024-11-27 11:19:08.760347+00:00,en,thehindu.com,thehindu.com,2020-02-20,A mandate from the youthful multitudes,https://www.thehindu.com/opinion/op-ed/a-mandate-from-the-youthful-multitudes/article30863657.ece
0606384fa13390e052a9fe660d5d3c9bb17b130d2271d231ad43a7d51d44452c,2024-11-27 11:18:26.441274+00:00,en,theprint.in,theprint.in,2019-07-31,"With Jai Sri Ram, Bengal CM Mamata Banerjee is trapped",https://theprint.in/opinion/being-indian/with-jai-sri-ram-bengal-cm-mamata-banerjee-is-trapped/270010/
cb295011fcb058a6b40dda55e1fec102063b9d494c48f09bec4831bd59e7fbe6,2024-11-27 11:11:54.530677+00:00,en,theprint.in,theprint.in,2018-07-26,Four years of Narendra Modi have not just failed India’s middle class but also the RSS,https://theprint.in/opinion/four-years-of-narendra-modi-have-not-just-failed-indias-middle-class-but-also-the-rss/88630/
3c0f6f16452cebc35fa0914c68b864cac532ab58bb92413e8d2405930aa37760,2024-11-27 11:09:05.404697+00:00,en,theprint.in,theprint.in,2018-11-09,What did OBC Narendra Modi do for the OBCs?,https://theprint.in/opinion/what-did-obc-narendra-modi-do-for-the-obcs/147090/
495eb009ca878fb5b8d72e2423a09414a8de46d82183477544759b1373d82432,2024-11-27 11:08:33.991296+00:00,en,theprint.in,theprint.in,2019-06-19,Mamata Banerjee's only Bangla in Bengal won’t get her votes. Left did same & failed,https://theprint.in/opinion/mamata-banerjees-only-bangla-in-bengal-wont-get-her-votes-left-did-same-failed/251809/
a2d86cc103032986cfd9431774ddb9b172366e27ab0c7769a973af4bf46aa564,2024-11-27 07:26:14.810831+00:00,en,india.com,india.com,2024-11-27,"After SC Verdict, Time For Congress And Allies To Move Beyond EVM Elegy",https://zeenews.india.com/india/after-sc-verdict-time-for-congress-and-allies-to-move-beyond-evm-elegy-opinion-2825089.html
629bdcb27165934dbbfce59e7959e0f04715717d9b2507b8be228368a3b30ec7,2024-11-26 20:17:14.347082+00:00,en,thequint.com,thequint.com,2024-11-26,Elections Round-up: BJP Dominant but Opposition Must Not Roll Over and Die,https://www.thequint.com/opinion/elections-bypolls-round-up-bjp-dominant-but-opposition-must-not-roll-over-and-die
7f8ad3dc95311e7a3547e2c842da0e20b04dceac6d5a3694e0b82c20ecf97253,2024-11-26 16:34:01.295675+00:00,en,thehindu.com,thehindu.com,2020-02-26,More psychological than an empowering voter option,https://www.thehindu.com/opinion/op-ed/more-psychological-than-an-empowering-voter-option/article30915956.ece
343dfdf781a06c3ed4f95ece42a128a179840670f1e3600735f0e6ba16014507,2024-11-26 15:40:37.534952+00:00,en,indiatoday.in,indiatoday.in,2020-02-26,What Balakot air strike achieved in one year,https://www.indiatoday.in/news-analysis/story/what-balakot-air-strike-achieved-in-one-year-1650307-2020-02-26?utm_source=rss
61fa618b8020082307859b1bbc87329716bace1c42f6fcdf6b1b526bb68225cb,2024-11-26 10:27:33.612707+00:00,en,thehindu.com,thehindu.com,2024-11-25,Maharashtra election: Seven reasons for Mahayuti’s unprecedented victory,https://frontline.thehindu.com/politics/maharashtra-assembly-election-2024-bjp-mahayuti-historic-victory-analysis/article68908131.ece
5724055a0602a785dd419a93f5595cf006159e91e00947f0597efa54bce519d6,2024-11-26 04:28:25.456202+00:00,en,indianexpress.com,indianexpress.com,2024-11-26,Yogendra Yadav writes: Questions after Maharashtra,https://indianexpress.com/article/opinion/columns/yogendra-yadav-writes-questions-after-maharashtra-9690214/
37c3b0e43866403d10e050ca06ee9ee26f90ea0ce6d406b741da921e684a6866,2024-11-25 18:44:25.682533+00:00,en,indiatoday.in,indiatoday.in,2020-03-02,"JNU sedition case: In 2016, Arvind Kejriwal called Kanhaiya Kumar's speech brilliant. Why U-turn now?",https://www.indiatoday.in/news-analysis/story/arvind-kejriwal-kanhaiya-kumar-jnu-sedition-case-2016-1651469-2020-03-02?utm_source=rss
7604d498f3ff0db60022a5eddd16082a96054c383dd6f5c38d016c2b38243ecc,2024-11-25 17:22:47.941454+00:00,en,thequint.com,thequint.com,2024-11-25,Congress' Vote Share Mostly Built Around an Anti-BJP Lobby is Just Not Enough,https://www.thequint.com/opinion/maharashtra-jharkhand-elections-congress-vote-share-mostly-built-around-an-anti-bjp-lobby-is-just-not-enough
244716559b4fd686ea04dadd7f05078d8046895b573a5cbf8719eea328ab1ae6,2024-11-25 17:21:38.699440+00:00,en,theprint.in,theprint.in,2019-04-18,"Immature, traitor & Modi agent: How Pakistan sees Imran Khan for his BJP love this election",https://theprint.in/opinion/immature-traitor-a-modi-agent-how-pakistan-sees-imran-khans-love-for-bjp-this-election/223040/
e67f8b0858f6ffb1d3591a31928b347faa7ef7d3e2d335ea4a3364d8b90386c9,2024-11-25 10:43:04.464897+00:00,en,ndtv.com,ndtv.com,2024-11-25,"Opinion: Fresh From Maharashtra Win, BJP To Push Ahead With Key Policies",https://www.ndtv.com/opinion/opinion-fresh-from-maharashtra-win-bjp-to-push-ahead-with-key-policies-7101002
53aa039806eedd3e65ef0a1650efcc20e5acc8f924c8c3d85df71f0f9ed3b391,2024-11-25 03:19:21.190671+00:00,en,indianexpress.com,indianexpress.com,2020-03-07,Two states and a wall,https://indianexpress.com/article/opinion/citizenship-amendment-act-caa-npr-nrc-delhi-elections-modi-government-6302992/
98007a19a4e88cc813ee529d50205baebba24c5232de1456ac5b07aa0276f4e3,2024-11-25 03:19:21.152654+00:00,en,indianexpress.com,indianexpress.com,2020-03-07,More right turns ahead,https://indianexpress.com/article/opinion/arvind-kejriwal-aam-aadmi-party-aap-delhi-assembly-elections-results-6302993/
32b0dd3b0905bbb1e384938c54dadf3776f349887eb9acea082d7e57c2107eef,2024-11-25 02:58:24.627956+00:00,en,indianexpress.com,indianexpress.com,2020-03-07,Two states and a wall,https://indianexpress.com/article/opinion/columns/citizenship-amendment-act-caa-npr-nrc-delhi-elections-modi-government-6302992/
63dc9effc4faf4cc47ae6d204ef240561268fa3f7727ffad605316282ef19c3e,2024-11-25 02:20:20.623914+00:00,en,indianexpress.com,indianexpress.com,2020-03-07,"In the face of Hindu consolidation, AAP and TMC are using the symbols of Hindutva",https://indianexpress.com/article/opinion/columns/arvind-kejriwal-aam-aadmi-party-aap-delhi-assembly-elections-results-6302993/
f0f1a6c70192094f2ec3456beea73432b656824482b90a30726993d7a35e425a,2024-11-24 19:25:39.174144+00:00,en,indiatimes.com,indiatimes.com,2024-11-24,Maha Rashtriya Rajniti 2025: The morning of this latest round of polls will show the day of national politics to come for BJP,https://economictimes.indiatimes.com/opinion/et-commentary/maha-rashtriya-rajniti-2025-the-morning-of-this-latest-round-of-polls-will-show-the-day-of-national-politics-to-come-for-bjp/articleshow/115633231.cms
9a78a48417f995c281c39a341cfc7315a6f83dfeb4c20f62f9933fc6a6089d2f,2024-11-24 18:01:55.515309+00:00,en,theprint.in,theprint.in,2020-01-02,Foolish to think Hindus who voted Modi twice will shift due to threat to Muslim citizenship,https://theprint.in/opinion/foolish-to-think-hindus-who-voted-modi-twice-will-shift-due-to-threat-to-muslim-citizenship/343569/
5f59f69e3be8f2c39de27dc24541a3da67740bc6a5648cdbcf1135739ceb3349,2024-11-24 15:19:07.652664+00:00,en,thequint.com,thequint.com,2024-11-24,Rajasthan Bypolls: Alliance Woes and Internal Divisions Sink Congress,https://www.thequint.com/opinion/rajasthan-bypolls-alliance-woes-internal-divisions-sink-congress-bjp-wins-bhajan-lal-sharma
5acacc6ce679607264ba5edf47cecbc3fb7ebce0449881d35f3a7284aec37adc,2024-11-24 15:18:45.302269+00:00,en,hindustantimes.com,hindustantimes.com,2024-11-24,What state elections say about Indian democracy,https://www.hindustantimes.com/opinion/what-state-elections-say-about-indian-democracy-101732456833167.html
9ef43e1097f2c1b870ab52a18da3d0c39a12b8ba3f3a822253c19fa756f59e2b,2024-11-24 10:19:17.942642+00:00,en,indianexpress.com,indianexpress.com,2024-11-24,"In Mahayuti’s Maharashtra win, women lead the way for a new politics and social coalition",https://indianexpress.com/article/opinion/mahayuti-maharashtra-assembly-polls-women-ladki-bahin-9687418/
ab14cfe7c607431905d8fa590f26cc9d376d652ae82616b1314ef21c3690f567,2024-11-24 08:40:15.436483+00:00,en,theprint.in,theprint.in,2020-01-27,The Mayawati era is over. Bye Bye Behenji,https://theprint.in/opinion/the-mayawati-era-is-over-bye-bye-behenji/354887/
00252cf4a70a287c3221a18715fb29686230d39e542a065018ffdd0725f70e64,2024-11-24 07:15:29.330920+00:00,en,thehindu.com,thehindu.com,2020-03-14,The ambit and the limits of ‘diaspora diplomacy’,https://www.thehindu.com/opinion/lead/the-ambit-and-the-limits-of-diaspora-diplomacy/article31063020.ece
171358feafeaca30397dfb1ad730c2975185236e4d98d08be55def6d4a44ab30,2024-11-23 17:28:38.634177+00:00,en,hindustantimes.com,hindustantimes.com,2024-11-23,Poll lessons for the BJP and Congress,https://www.hindustantimes.com/opinion/poll-lessons-for-the-bjp-and-congress-101732377434505.html
c9e347356a39bb0dc9d077d0d2d4ae41fdff9e23c750a06064acfc51cc9bd1f5,2024-11-23 11:37:52.381966+00:00,en,indiatoday.in,indiatoday.in,2020-03-19,Rajya Sabha election: Where extra player changes rules of game,https://www.indiatoday.in/news-analysis/story/rajya-sabha-election-where-extra-player-changes-rules-of-game-1657315-2020-03-19?utm_source=rss
0ae3ecbb3950e5d20f79873eab2bd1d84909be4487bd20df302cf75ead1874be,2024-11-23 07:52:14.963812+00:00,en,theprint.in,theprint.in,2019-02-20,Why it makes sense for Rahul Gandhi & Congress to persist with Rafale as 2019 campaign issue,https://theprint.in/opinion/why-it-makes-sense-for-rahul-gandhi-congress-to-persist-with-rafale-as-2019-campaign-issue/195327/
abef11590881c1447e26d1545a3cbcbe6edd7e8d2e04e146faf41b3cc2499358,2024-11-23 07:22:03.021334+00:00,en,theprint.in,theprint.in,2018-05-11,Who will the late deciders favour in Karnataka?,https://theprint.in/opinion/who-will-the-late-deciders-favour-in-karnataka/57346/
e63f2413622d65b056a4bf51eec9caa2bf672b2bacd80a816cd741f80d309070,2024-11-23 07:12:05.758064+00:00,en,ndtv.com,ndtv.com,2019-03-31,Rahul Gandhi And Congress Prove Their Inability To Fight BJP,https://www.ndtv.com/opinion/lok-sabha-elections-2019-wayanad-move-shows-rahul-gandhi-is-losing-the-plot-2015604
02282656be018b32bd47df8caefcb56bb8c3737616ba7e6ad455d64188029579,2024-11-23 07:02:38.357226+00:00,en,ndtv.com,ndtv.com,2019-04-08,"For Congress And AAP Deal, It's 31 Seats At Stake",https://www.ndtv.com/opinion/lok-sabha-elections-2019-why-arvind-kejriwal-and-rahul-gandhi-must-deliver-an-alliance-2019877
34ea340f4a8783212079063cae8e7fb20fcfc5dc8700822175b7f514ec87aa08,2024-11-23 06:45:01.794306+00:00,en,ndtv.com,ndtv.com,2019-03-31,Rahul Gandhi's Wayanad Move Shows Off New Congress Strategy,https://www.ndtv.com/opinion/lok-sabha-elections-2019-rahul-gandhis-wayanad-move-is-just-what-congress-needs-2015562
b6b7fd9eabcd4a546a46feba1a40859efb1672274f61502c0ec0a38c810fe662,2024-11-23 06:40:59.408515+00:00,en,theprint.in,theprint.in,2019-05-06,"For voters this election, Rahul Gandhi didn’t start the fire. That’s the problem",https://theprint.in/opinion/for-voters-this-election-rahul-gandhi-didnt-start-the-fire-thats-the-problem/231529/
db4e7d70b937c43a8e037a04d1dc21214cd8bfd475e96b4ad67d99a55d957232,2024-11-23 06:39:26.532942+00:00,en,theprint.in,theprint.in,2019-02-04,Rahul Gandhi is wrong in thinking anti-BJP votes will automatically come to Congress,https://theprint.in/opinion/the-many-questions-rahul-gandhi-needs-to-find-answers-to-before-the-polls/187368/
e753ca67108de55f08f030705072b800d3170c76303fb118e9f65af1b950b678,2024-11-23 06:37:06.221530+00:00,en,theprint.in,theprint.in,2019-05-28,Harsh criticism of Rahul Gandhi unjustified because Congress slide began in 1996,https://theprint.in/opinion/harsh-criticism-of-rahul-gandhi-unjustified-because-congress-slide-began-in-1996/241563/
53abe4c1c6ebe4ce7bae75eb31e4bc73889399cf8f81edab699e5453cae5be4d,2024-11-23 06:36:40.349598+00:00,en,theprint.in,theprint.in,2019-05-27,How Rahul Gandhi could have defeated Narendra Modi,https://theprint.in/opinion/how-rahul-gandhi-could-have-defeated-narendra-modi/241480/
77171bf9cbdf5ed4035345f56880f84e1bb41f5701cbd3f97a671f015da45319,2024-11-23 06:36:40.082428+00:00,en,theprint.in,theprint.in,2019-05-27,Congress’ death-wish could leave 12 crore Indians in limbo,https://theprint.in/opinion/congress-death-wish-could-leave-12-crore-indians-in-limbo/241326/
97969651ed6e34ac6e2b3ff0ec685336aef0164546fa2229b83c3d5bd153e56e,2024-11-21 16:29:16.317244+00:00,en,hindustantimes.com,hindustantimes.com,2024-11-21,"Making the vote count, including in the cities",https://www.hindustantimes.com/editorials/making-the-vote-count-including-in-the-cities-101732200979466.html
f1033a6a91b32a7ed02d2b1130af04445e71bd087ff6726391903be2d070bca3,2024-11-21 16:28:21.522389+00:00,en,hindustantimes.com,hindustantimes.com,2024-11-21,Lessons in democracy from the US elections,https://www.hindustantimes.com/opinion/lessons-in-democracy-from-the-us-elections-101732199899279.html
c8945a602922d67c6651da37f471a7324c254c18bd41174141e693a71adeb9ad,2024-11-20 17:32:25.222318+00:00,en,theprint.in,theprint.in,2019-12-24,Hemant Soren could teach Congress a thing or two about fighting Narendra Modi,https://theprint.in/opinion/hemant-soren-could-teach-congress-a-thing-or-two-about-fighting-narendra-modi/340115/
e23555c3eb243ccadd05854be1d6769467d029c0172e1c8098cb6e7c7c3832b4,2024-11-20 17:29:10.933428+00:00,en,theprint.in,theprint.in,2019-12-24,Modi lost Jharkhand because his priorities have changed – from vikas purush to Hindu saviour,https://theprint.in/opinion/modi-lost-jharkhand-because-his-priorities-have-changed-from-vikas-purush-to-hindu-saviour/339791/
d6a52c534f692b225cc72ebaa4b4cd56934a7e13c72a34a72a3d0eafb555d3e5,2024-11-20 11:45:53.726991+00:00,en,telegraphindia.com,telegraphindia.com,2019-05-25,What should worry us is the insidious recasting of the Republic of India as a Hindu State,https://www.telegraphindia.com/opinion/what-should-worry-us-in-the-insidious-recasting-of-the-republic-of-india-as-a-hindu-state/cid/1691171?ref=top-stories_home-template
e6dbdb5d3512f2355c9b0bfb9d9b983323d623d9faddfa1dd4cfc2dc7eff7cda,2024-11-20 05:17:33.639367+00:00,en,theprint.in,theprint.in,2019-10-14,Naukri is the new mehngai but the opposition just doesn't get it,https://theprint.in/opinion/naukri-is-the-new-mehngai-but-the-opposition-just-doesnt-get-it/305525/
fe275b6bacf05989e0da655f9248e91f668654d4d1154487a53ecdc2b97a96b8,2024-11-19 22:15:19.143462+00:00,en,indianexpress.com,indianexpress.com,2020-04-08,Listening as governance,https://indianexpress.com/article/opinion/columns/coronavirus-india-lockdown-amartya-sen-economy-migrants-6352132/
3ba3fb5d585b4f8de4a4941880fd7971473e3953d76da85dd96c667e8af2329b,2024-11-19 22:14:36.684560+00:00,en,theprint.in,theprint.in,2019-11-25,"Whether it's CM Fadnavis or CM Thackeray, the only winner in Maharashtra is Rahul Gandhi",https://theprint.in/opinion/politically-correct/whether-its-cm-fadnavis-or-cm-thackeray-the-only-winner-in-maharashtra-is-rahul-gandhi/325782/
be45c0646fccedf47a46d4d39bb910b5ab1cc88020cf8403b632d936612a1954,2024-11-19 17:18:00.098947+00:00,en,hindustantimes.com,hindustantimes.com,2024-11-19,Urban voters need to overcome poll apathy,https://www.hindustantimes.com/opinion/urban-voters-need-to-overcome-poll-apathy-101732028069806.html
d17a8525f660ac734cf967566c712acc39134c4a794ea0d4eb2dabf40278cb32,2024-11-19 15:23:40.760205+00:00,en,ndtv.com,ndtv.com,2024-11-19,Travel Diaries: Will 'Adivasi Asmita' Decide Jharkhand Elections,https://www.ndtv.com/opinion/travel-diaries-will-adivasi-asmita-decide-jharkhand-elections-7056688
41e4fe297f25bf5b9d4e2f3bebf1418218aadcc4308951415b658893e1318873,2024-11-19 10:57:34.885333+00:00,en,timesnownews.com,timesnownews.com,2019-05-19,Lok Sabha Exit Polls 2019: Another term for PM Narendra Modi likely; Times Now-VMR predicts 306 seats for NDA,https://www.timesnownews.com/india/article/exit-poll-2019-india-election-results-opinion-poll-latest-times-now-vmr-lok-sabha-seats-nda-party-loksabha-seats-state-wise-survey-bjp-aap-congress-pm/421608
57943da84da78be28e6095c8f3634e3296cde10d72a0ede697690ef2d7fe36d8,2024-11-19 08:22:09.695179+00:00,en,republicworld.com,republicworld.com,2019-04-04,R. Bharat-Jan Ki Baat Opinion Poll: BJP-Shiv Sena alliance projected to trump Congress-NCP combine in Maharashtra Lok Sabha polls,https://www.republicworld.com/election-news/maharashtra-lok-sabha-elections/r-bharat-jan-ki-baat-opinion-poll-bjp-shiv-sena-alliance-projected-to-trump-congress-ncp-combine-in-maharashtra-lok-sabha-polls.html
9a5b6d374a37aac9248b415b9e1081bad219ded58fa64df8f908a6f9c738b920,2024-11-19 07:55:35.851246+00:00,en,theprint.in,theprint.in,2019-12-15,Cornering Mamata Banerjee in 2021 assembly polls won’t be easy. BJP lacks a pan-Bengal face,https://theprint.in/opinion/cornering-mamata-banerjee-in-2021-assembly-polls-wont-be-easy-bjp-lacks-a-pan-bengal-face/335400/
4bf5e750814ac9e05cc6cd35f6980d02340a895a8dca3958dd6295f5c57797a1,2024-11-19 00:44:35.811008+00:00,en,indianexpress.com,indianexpress.com,2020-04-14,Kailash Vijayvargiya writes: ‘Babasaheb was never against the Hindu dharma. His fight was against the caste-led discrimination inside Hinduism’,https://indianexpress.com/article/opinion/kailash-vijayvargiya-babasaheb-ambedkar-hinduism-caste-discrimination-6362028/
370f1e347dc2d400de636b22d9c0f778cb7dd0f938dade6a78ab991cd5a99a08,2024-11-18 13:09:12.634701+00:00,en,thehindu.com,thehindu.com,2020-04-18,Institutional fixes and the need for ethical politics,https://www.thehindu.com/opinion/op-ed/institutional-fixes-and-the-need-for-ethical-politics/article31370475.ece
3f32c5579a34a0f0765c9d71882fa846a3b18b97ae34eaf2dd1d1befd41d1874,2024-11-18 11:44:43.506194+00:00,en,ndtv.com,ndtv.com,2024-11-18,Travel Diaries: The Hyper-Local Elements Stirring The Maharashtra Pot,https://www.ndtv.com/opinion/travel-diaries-who-will-win-maharashtra-elections-7045368
6494a04a6e8648630a51915fc7fe20d7f5141d5f1372eaf248254f955ea04677,2024-11-18 09:59:19.575968+00:00,en,thehindu.com,thehindu.com,2014-06-25,Women’s vote in 2014,https://www.thehindu.com/opinion/op-ed/womens-vote-in-2014/article6151723.ece
c56aa2abb0b27331438f47a6b98c71932bbbfefbd5b656b168bb0c33d4edcd2c,2024-11-18 07:25:55.034685+00:00,en,thequint.com,thequint.com,2024-11-18,"Maharashtra Polls: Within Convoluted Seat-sharing Deals, Two Things Stand Out",https://www.thequint.com/opinion/maharashtra-elections-mva-mahayuti-congress-shiv-sena-ncp-bjp-sharad-pawar-shinde
891b95c314d6bba713c33f36e5cd98a3448739edc0548af3e9152c942568a46c,2024-11-18 07:25:42.593432+00:00,en,thequint.com,thequint.com,2024-11-17,"Sunday View: The Best Weekend Opinion Reads, Curated Just for You",https://www.thequint.com/opinion/sunday-view-the-best-weekend-opinion-reads-curated-just-for-you-168
eca9fd7d4e66518a1f854da794b0dd552e6dc9096f97497b81349b231378fcc7,2024-11-17 14:27:26.226287+00:00,en,thequint.com,thequint.com,2024-11-17,"In the Fierce Battle for Jharkhand, Kalpana Soren is the JMM’s Ace",https://www.thequint.com/opinion/in-the-fierce-battle-for-jharkhand-election-kalpana-soren-is-the-jmms-ace
14ffe94051ef43651b1639c4e2f1d428b06c18b6b62ad8a97d52b416fe74bb63,2024-11-17 12:38:06.414756+00:00,en,theprint.in,theprint.in,2019-08-05,Kejriwal thinks free electricity will work magic. But single issues rarely decide election,https://theprint.in/opinion/kejriwal-thinks-free-electricity-will-work-magic-but-single-issues-rarely-decide-election/272301/
da94f5467fca90dd6e738525db6dfe19997c602f920259e99386befcbe98891c,2024-11-16 23:21:02.015431+00:00,en,indiatoday.in,indiatoday.in,2024-11-16,"Opinion – Maharashtra Premier League: Tricky pitch for MVA, Mahayuti",https://www.indiatoday.in/opinion/story/maharashtra-premier-league-tricky-pitch-for-mva-mahayuti-opinion-2634321-2024-11-16?utm_source=rss
63edc1cf4ce05314975ff7cce717b3a89d0c5b9a21ea5f7c1af99be96fd86b05,2024-11-16 01:53:49.730898+00:00,en,thehindu.com,thehindu.com,2020-05-08,Conducting elections during a pandemic,https://www.thehindu.com/opinion/lead/conducting-elections-during-a-pandemic/article31529091.ece
85b36e4103a458afccf158ad1239f23590f046c41e73e3d31084c81a611e76e2,2024-11-15 19:26:57.021740+00:00,en,dnaindia.com,dnaindia.com,2024-11-15,DNA TV Show: Discussions around 'Vote Jihad' takes centre stage in Maharashtra ahead of assembly polls,https://www.dnaindia.com/analysis/report-dna-tv-show-discussions-around-vote-jihad-takes-centre-stage-in-maharashtra-ahead-of-assembly-polls-3118228
33859a532922b7f8a889211fb28c79737767b484808de8e2047e7c2ffb7a282f,2024-11-15 15:43:27.484818+00:00,en,indianexpress.com,indianexpress.com,2020-04-08,"Amartya Sen writes: Overcoming a pandemic may look like fighting a war, but the real need is far from that",https://indianexpress.com/article/opinion/columns/coronavirus-india-lockdown-amartya-sen-economy-migrants-6352132/?fbclid=IwAR05TuM1Vc_FSljI8PbLyEgosFXwNTeThEfnq-waxi0s3f-rrIU_Ogp7lDg
53f46ce417d857adc921d70a16033b5f90824bbf7a164b7e518d577cdd6ac968,2024-11-15 09:52:20.054723+00:00,en,thequint.com,thequint.com,2020-05-13,Why Is BJP Likely to ‘Dump’ Bihar Chief Minister Nitish Kumar in 2020 Assembly Elections?,https://www.thequint.com/voices/opinion/bihar-assembly-elections-bjp-nitish-kumar-bjp-modi-lalu-yadav-corruption-unemployment
9ca820c473a1789a8f183e742a646b6d0e2ceda1bc5ebd721e087613e62df4df,2024-11-14 23:05:32.509352+00:00,en,hindustantimes.com,hindustantimes.com,2020-05-15,A Covid-19 vaccine will be found. Plan for its delivery,https://www.hindustantimes.com/analysis/a-covid-19-vaccine-will-be-found-plan-for-its-delivery/story-guxbzBcIvG02mypZOKNV5K.html
d399eb186005de5ace6d13b193ff466465eef552774c7196522a0272a2a7dbd3,2024-11-14 12:14:51.364428+00:00,en,thequint.com,thequint.com,2020-05-20,"Muslims Are Alienated From PM Modi, Not the Indian State: C-Voter Survey",https://www.thequint.com/voices/opinion/muslims-narendra-modi-coronavirus-cvoter-survey
a920d80ce35cff7659cf1cb5292629d027bc0caeeba0f120c2db90c0a21b75ae,2024-11-13 22:07:58.650859+00:00,en,republicworld.com,republicworld.com,2020-02-11,Robbing Peter To Pay Paul: State Welfarism Works for Kejriwal,https://www.republicworld.com/opinions/get-me-right/robbing-peter-to-pay-paul-state-welfarism-works-for-kejriwal.html
c2f01c695526f2a798f398f34e3940e0dd2e16df4fc62180ca6a21d222ee3366,2024-11-13 20:37:08.009860+00:00,en,hindustantimes.com,hindustantimes.com,2020-01-04,The battle for the crown in Delhi,https://www.hindustantimes.com/columns/the-battle-for-the-crown-in-delhi/story-ytmqUUJ3C7dJmQSEKr6aZN.htmlhttps://www.hindustantimes.com/columns/the-battle-for-the-crown-in-delhi/story-ytmqUUJ3C7dJmQSEKr6aZN.html
8d4d72df34bffe0102e0a45a630ba4ecd79315e62a0106084fb517c803b7d0b9,2024-11-13 20:35:37.366074+00:00,en,theprint.in,theprint.in,2020-02-06,We analysed BJP voters who voted AAP in Delhi but Modi in Lok Sabha. This is what we found,https://theprint.in/opinion/we-analysed-bjp-voters-who-voted-aap-in-delhi-modi-in-lok-sabha/360480/
cfef711234608efe2a43ac58d67c5efd30d5ea8a6dc23682d6cc30c035cc5318,2024-11-13 20:27:44.556771+00:00,en,theprint.in,theprint.in,2020-01-16,"Bengal is the new UP, the most critical state election in Modi’s second term",https://theprint.in/opinion/bengal-is-the-new-up-most-critical-state-election-in-modi-second-term/350271/
0711b8c99685033c86011bdf993028e23eb7261bcf451ebecdcf0b0bbc3c8949,2024-11-12 10:19:01.054433+00:00,en,thehindu.com,thehindu.com,2019-03-12,Political messages on WhatsApp groups difficult to monitor unless someone complains: Sanjiv Kumar,https://www.thehindu.com/opinion/interview/political-messages-on-whatsapp-groups-difficult-to-monitor-unless-someone-complains-sanjiv-kumar/article26503355.ece
5fa08093f9fd6cdbb2edb2f58d37f52cf81bab74796a4e727b40308797fa20e9,2024-11-12 08:04:01.623553+00:00,en,indiatoday.in,indiatoday.in,2020-06-11,"From MP, Gujarat to Rajasthan: Congress leadership crisis or BJP's Operation Kamal?",https://www.indiatoday.in/news-analysis/story/madhya-pradesh-gujarat-rajasthan-congress-leadership-crisis-bjp-operation-kamal-1687841-2020-06-11?utm_source=rss
32a9c68159dc588f089357612022724a610a4d65d2149a5dc354e5bd41f89ea4,2024-11-12 06:25:11.334510+00:00,en,thequint.com,thequint.com,2024-11-12,Jharkhand Elections: All Eyes Are on the 28 Reserved Tribal Seats,https://www.thequint.com/opinion/jharkhand-elections-all-eyes-are-on-the-28-reserved-tribal-seats
b9a994e511eb0c49f96e35865ab3c3542c8b580229812e557b491e5773aaa50b,2024-11-11 18:58:15.613304+00:00,en,dnaindia.com,dnaindia.com,2020-06-15,"Post-COVID World: Modi juggernaut, rise of BJP and Stockholm Syndrome of Congress",https://www.dnaindia.com/blogs/column-post-covid-world-modi-juggernaut-rise-of-bjp-and-stockholm-syndrome-of-congress-2828132
a35d24d498d68cd9ebf71f7f8fa28e857cabfb1ea986cac2ac8b36cca4d0683d,2024-11-11 06:23:14.524645+00:00,en,thequint.com,thequint.com,2024-11-11,"INDIA Bloc Splits, Congress Goes Solo. Advantage BJP in Rajasthan Bypolls?",https://www.thequint.com/opinion/india-bloc-splits-congress-goes-solo-advantage-bjp-in-rajasthan-bypolls
a62d961bd39a26a658e1f8abae0c6fac0a342ae2ed12a0585ceffb667d3d0197,2024-11-10 07:12:45.764512+00:00,en,indiatoday.in,indiatoday.in,2020-07-14,Eye on 2023? How Gehlot outsmarted Pilot in Rajasthan Congress,https://www.indiatoday.in/news-analysis/story/ashok-gehlot-versus-sachin-pilot-congress-eye-on-2023-rajasthan-election-1700401-2020-07-14?utm_source=rss
6387e87544915a40cdc215a75ac3db02717eadb996dc49862a35a13e11dbceda,2024-11-10 03:00:21.346568+00:00,en,firstpost.com,firstpost.com,2020-07-16,Donald Trump replaces campaign manager Brad Parscale as opinion polls show US president trailing Joe Biden,https://www.firstpost.com/world/donald-trump-replaces-campaign-manager-brad-parscale-as-opinion-polls-show-us-president-trailing-joe-biden-8607371.html
4c569da583e1ac2c5ace894525833bd719b531dc086f14f4133156b6dde25c17,2024-11-10 00:25:37.690220+00:00,en,indianexpress.com,indianexpress.com,2020-07-18,The migrant’s right to vote,https://indianexpress.com/article/opinion/columns/election-comission-right-to-vote-migrant-workers-6511095/
09986e09bd938d525d2ed32e831e93388b64220801c6f746707bbd76c2e08cf8,2024-11-09 16:39:02.374641+00:00,en,indianexpress.com,indianexpress.com,2019-06-15,India has gone from false hopes in 2014 to false pride in 2019,https://indianexpress.com/article/opinion/columns/preening-nationalism-5781485/?fbclid=IwAR35tRK2n1x8RXF9zO-u0GdHayW5Ko8JxkJBayE4u67p5N_6rdxWopxq6kg
30cb10546944394ba575adcb85ddf70fc5671fe24dfc0d86b9f99ec7d7f2db85,2024-11-09 05:36:59.547917+00:00,en,indianexpress.com,indianexpress.com,2020-08-03,Poll amid pandemic,https://indianexpress.com/article/opinion/columns/sri-lanka-coronavirus-elections-6536509/
af79244c9919512176a6063da41656373c6697f55f5aef3ff157dfa23f73bc29,2024-11-09 03:19:50.058334+00:00,en,thequint.com,thequint.com,2024-11-09,There Were Many Reasons for Harris’ Loss. Here’s Why Gaza was Surely One of Them,https://www.thequint.com/opinion/2024-us-elections-gaza-israel-kamala-harris-trump
d96751a6f667b22b5bd0e511e58f4e4892c861660eb7bcae8eb681fd44cb4945,2024-11-09 02:52:05.528867+00:00,en,theprint.in,theprint.in,2020-05-20,The surveys can’t be true: Modi’s popularity has taken a beating with migrant crisis,https://theprint.in/opinion/the-surveys-cant-be-true-modis-popularity-has-taken-a-beating-with-migrant-crisis/425495/
a60d96dd6bb6d126e727911380fd9b073d748f0e1b7d8b6fd47c2d63b265f34b,2024-11-08 18:34:58.914715+00:00,en,cnn.com,cnn.com,2020-08-12,Opinion: Was Kamala Harris the best VP choice?,http://rss.cnn.com/~r/rss/cnn_topstories/~3/d5FdLBEOo0c/index.html
160dce3a1b9f13d7e74550878d9382b1f87d119d0de0f0b1f19155aa1bfac820,2024-11-08 18:34:38.044539+00:00,en,cnn.com,cnn.com,2020-08-12,Opinion: Was Kamala Harris the best VP choice?,http://rss.cnn.com/~r/rss/cnn_latest/~3/d5FdLBEOo0c/index.html
276def6a747efe047681e98cbc7835032d4caf742b75a5d67ceb012488d25d98,2024-11-08 18:28:41.526048+00:00,en,indiatimes.com,indiatimes.com,2020-08-12,ET Analysis: China cultivated parties ahead of Lankan polls but India moved swiftly to engage Rajapaksas,https://economictimes.indiatimes.com/news/defence/et-analysis-china-cultivated-parties-ahead-of-lankan-polls-but-india-moved-swiftly-to-engage-rajapaksas/articleshow/77497364.cms
5adcc9a65df3608a57799eaaa54c95e1528a786af50ad188898edbf912506f3c,2024-11-08 17:54:35.077238+00:00,en,rediff.com,rediff.com,2020-08-12,India faces no threat from the Ram temple,https://www.rediff.com/news/column/india-faces-no-threat-from-the-ram-temple/20200812.htm
eb2db3205a4baf8dac50f79c278df0fdd4e6168f4df4abe468e5eaed70c08262,2024-11-08 16:29:06.191930+00:00,en,cnn.com,cnn.com,2020-08-13,Harris pick isn't about 2020. It's about the future.,https://www.cnn.com/2020/08/13/politics/kamala-harris-vp-pick-analysis/index.html
c32adfbcd2c190239ed01b244f6dd2ed13ba6a903491dfb6e3edc00eecd06236,2024-11-08 08:04:35.758238+00:00,en,indianexpress.com,indianexpress.com,2014-03-12,There is a Modi wave,https://indianexpress.com/article/opinion/columns/there-is-a-modi-wave/
1276ee660039e18e72c2e9d1b757ef6e3c49b6f20934b3d648712841e3acd81f,2024-11-08 05:50:19.259916+00:00,en,indianexpress.com,indianexpress.com,2020-08-21,The corona election,https://indianexpress.com/article/opinion/columns/election-commission-bihar-elections-2020-coronavirus-pandemic-s-y-quraishi-6563324/
b5a37ce15043537d44aa55bd489a19fd16213ea4d4857a543989fd9d565fecd1,2024-11-06 01:24:34.156855+00:00,en,thehindu.com,thehindu.com,2020-09-01,A party being pulled in different directions,https://www.thehindu.com/opinion/op-ed/a-party-being-pulled-in-different-directions/article32490421.ece
697171d89d5d59654bb6d3882185b3f9027d8636a79846282d225bd25deea9c2,2024-11-05 18:25:35.990866+00:00,en,indiatimes.com,indiatimes.com,2024-11-05,Could US election do with an India-style Model Code of Conduct and Election Commission?,https://economictimes.indiatimes.com/opinion/et-commentary/could-us-election-do-with-an-india-style-model-code-of-conduct-and-election-commission/articleshow/114989763.cms
98aec080094a54d60b8bb783457bdf021427bdb7d17c4a8d61891f68ef6834f3,2024-11-05 13:23:53.745300+00:00,en,thequint.com,thequint.com,2024-11-05,"For BJP, the UP Bypolls Are Much More Than Just a Head-to-head Contest With SP",https://www.thequint.com/opinion/for-bjp-the-up-bypolls-are-much-more-than-just-a-head-to-head-contest-with-sp
94339ccca61e9bc0c98e4d6efcf5f7b48fe8a2abdf590b99b9461215092d185f,2024-11-05 12:32:26.769808+00:00,en,ndtv.com,ndtv.com,2024-11-05,Want To Sharpen Math Skills Or Launch Political Startup? Follow Maharashtra,https://www.ndtv.com/opinion/want-to-sharpen-math-skills-or-launch-political-startup-follow-maharashtra-6949144
9ebc39587bab79a4e7ad57905279a9f437f0135aabcab639507c4441a7e6b2b2,2024-11-05 11:49:27.474725+00:00,en,ndtv.com,ndtv.com,2024-11-05,Analysis: The Importance Of Tribal Votes In Jharkhand,https://www.ndtv.com/india-news/analysis-the-importance-of-tribal-votes-in-jharkhand-6946933
cebc7b682f8dc52ad3f5fd1bfd82823e11b456ac89d88708cd7369eb54784720,2024-11-04 05:39:36.372948+00:00,en,ndtv.com,ndtv.com,2021-11-30,Why BJP Stronghold Agra Is Having Second Thoughts,https://www.ndtv.com/opinion/why-bjp-stronghold-agra-is-having-second-thoughts-by-saba-naqvi-2630022
6bcca89ae728dd27ec0ffaac077f0abe4e309e8bee020485a63011e0f85ef66a,2024-11-02 23:39:06.866377+00:00,en,thequint.com,thequint.com,2021-12-08,"As Inequality Report Flags Poverty in India, Lessons from Odisha Bihar",https://www.thequint.com/voices/opinion/as-inequality-report-flags-poverty-in-india-lessons-from-odisha-bihar
78324eafed43c5eb303ffefdcabad34793305764ba646b52653dbd46282858a5,2024-11-02 15:51:02.903016+00:00,en,thequint.com,thequint.com,2021-12-10,2022 UP Poll: Can BJP Bounce Back After Farm Law Repeal and BSP Decline?,https://www.thequint.com/voices/opinion/2022-up-poll-can-bjp-bounce-back-after-farm-law-repeal-and-bsp-decline
06dfe91ae20932d6141b223bfd6a4f4b066b1b6521f3d66fc61872d73be73946,2024-10-31 05:19:46.198513+00:00,en,indianexpress.com,indianexpress.com,2024-10-31,S Y Quraishi writes: AI in elections — and the new threats and opportunities for democracy,https://indianexpress.com/article/opinion/columns/s-y-quraishi-writes-ai-in-elections-and-the-new-threats-and-opportunities-for-democracy-9646611/
f9255942e74bec0144b3441fa417a92309d1c6e8d869cc1044c5f4017d703e8a,2024-10-30 20:34:26.459891+00:00,en,rediff.com,rediff.com,2024-10-30,"40 Years Later, Can The Wounds Ever Heal?",https://www.rediff.com/news/column/forty-years-later-can-the-wounds-ever-heal/20241030.htm
b0f35b8e4f2907869e8193bdddca2c5a5fb1b9d34191ddf5588cc0abda8178ef,2024-10-30 17:24:49.460687+00:00,en,cnn.com,cnn.com,2024-10-30,Analysis: How ‘brat summer’ set up Kamala Harris’ remarkable run,https://www.cnn.com/2024/10/30/politics/american-battleground-kamala-harris-brat-summer/index.html
6807252ef2c1eb476620e8c15116208425880aad68dba2e8aac862d25077c06e,2024-10-30 08:30:28.807329+00:00,en,thequint.com,thequint.com,2024-10-30,Don’t be Fooled by Haryana: Politics is Unclear And Economic Stress is Palpable,https://www.thequint.com/opinion/dont-be-fooled-by-haryana-politics-is-unclear-and-economic-stress-is-palpable
f08464046243a1f5178f505b438b13c8aed88d8d4bddc91e622b73d7a348c354,2024-10-29 20:31:36.984728+00:00,en,thehindu.com,thehindu.com,2024-10-30,Fighting high-stakes bypolls,https://www.thehindu.com/opinion/op-ed/fighting-high-stakes-bypolls/article68811062.ece
57019f4b8298313f89a59638b92e738911e8dcf62039d9aa482e6046c03085b1,2024-10-29 20:31:30.396371+00:00,en,thehindu.com,thehindu.com,2024-10-30,​Tough task: On the battle lines in the Jharkhand Assembly election,https://www.thehindu.com/opinion/editorial/%E2%80%8Btough-task-on-the-battle-lines-in-the-jharkhand-election/article68811890.ece
3a4a61e15c97236585f92ae770bc2b8f89a35b861a0d704ce45c86bbc9134800,2024-10-29 00:30:20.282224+00:00,en,indianexpress.com,indianexpress.com,2024-10-29,Yogendra Yadav writes: It’s time to junk the Model Code of Conduct,https://indianexpress.com/article/opinion/columns/yogendra-yadav-writes-its-time-to-junk-the-model-code-of-conduct-9643430/
4db8897e2e8893f78a1f8ed157e01c10af24e339021438f2d2683a71e517c29a,2024-10-28 20:17:16.205575+00:00,en,thehindu.com,thehindu.com,2024-10-29,Western front: The Hindu Editorial on the parties and their prospects in the Maharashtra polls,https://www.thehindu.com/opinion/editorial/western-front-the-hindu-editorial-on-the-parties-and-their-prospects-in-the-maharashtra-polls/article68806644.ece
b3927739ddc5519e7ed761ac8f664beabf39a38524fa037f24b64883934a7e75,2024-10-28 16:43:19.768855+00:00,en,indiatoday.in,indiatoday.in,2024-10-28,Opinion: How are caste blocks stacked up in Maharashtra ahead of Assembly elections?,https://www.indiatoday.in/opinion/story/how-are-caste-blocks-stacked-up-in-maharashtra-ahead-of-assembly-elections-opinion-2624556-2024-10-28?utm_source=rss
2ea7f868c42f313bf1fc53c7c443518fc0a4358ee9cca74113e224b0e01935d2,2024-10-28 16:30:56.204578+00:00,en,indiatoday.in,indiatoday.in,2024-10-28,Opinion: Vijay makes opening political move in Tamil Nadu. Victor or Disruptor in 2026?,https://www.indiatoday.in/opinion/story/vijay-makes-his-opening-political-move-in-tamil-nadu-victor-or-disruptor-in-2026-opinion-2624497-2024-10-28?utm_source=rss
f6b14494841bbbe82ff9baf82ff51a6fd5c9463435571cd081e668fbcf4c31b2,2024-10-26 20:19:22.803084+00:00,en,thequint.com,thequint.com,2024-10-26,Maharashtra Elections: Shinde's Shiv Sena and the Marathi Manoos,https://www.thequint.com/opinion/maharashtra-elections-eknath-shinde-shiv-sena-mahayuti-bjp-marathi-manoos
f8876ef4165907324dc93241539cd890f8899b75835ee429946666c7bdfbb1a3,2024-10-26 02:26:46.305826+00:00,en,indianexpress.com,indianexpress.com,2024-10-26,What’s at stake in Maharashtra election,https://indianexpress.com/article/opinion/editorials/whats-at-stake-in-maharashtra-election-9639067/
fba2a1e06b2679bf186b5289ece78bfbc6e0ba4a4c3d514791bac358a9295c9b,2024-10-25 18:25:00.736837+00:00,en,opindia.com,opindia.com,2021-12-24,"Jan Ki Baat opinion poll: Yogi favourite as CM, BJP to secure comfortable majority",https://www.opindia.com/2021/12/yogi-adityanath-favourite-as-cm-2022-bjp-comfortable-majority-jan-ki-baat-opinion-poll/
9e73aba650e597699548087f479e561bdfb80cb4150bcef11ae87d397df0d3e7,2024-10-25 05:25:43.919856+00:00,en,indiatoday.in,indiatoday.in,2024-10-25,Opinion: Ladki Bahin,https://www.indiatoday.in/opinion/story/ladki-bahin-bribe-or-game-changer-in-maharashtra-opinion-2622763-2024-10-25?utm_source=rss
cf54e76bd1abe045c8da4b7dc50b11b9cb6fd52b4b049083084662d19b4e02fb,2024-10-24 17:20:03.400140+00:00,en,indianexpress.com,indianexpress.com,2024-10-24,"In the battle for Maharashtra, voters risk becoming the real losers",https://indianexpress.com/article/opinion/columns/maharashtra-elections-voters-real-losers-9636942/
b57ce7625b812d7461d9dfc9969a6c43958a4a9f6937a292165edf478a4aee98,2024-10-23 23:23:29.130800+00:00,en,rediff.com,rediff.com,2020-09-11,Will Chanakya opt for Chirag?,https://www.rediff.com/news/column/will-chanakya-opt-for-chirag/20200911.htm
9ff2fe9702a0ba250a8c53dc037e83e25e8657396e5fb5211148ce7c4bc20cd6,2024-10-23 11:58:26.728161+00:00,en,indiatoday.in,indiatoday.in,2020-09-19,"PM Modi snubs Akali Dal, launches BJP's aggresive campaign for farm bills",https://www.indiatoday.in/news-analysis/story/pm-modi-snubs-akali-dal-launches-bjp-s-aggresive-campaign-for-farm-bills-1723236-2020-09-19?utm_source=rss
4607bdaacf4a944cdd4f2c861e6495826571fb1be580c3be770b834d7ee43212,2024-10-23 09:42:55.015883+00:00,en,theprint.in,theprint.in,2020-05-04,"From Gujarat to Madhya Pradesh, BJP CMs are letting Modi down in fight against Covid",https://theprint.in/opinion/politically-correct/gujarat-madhya-pradesh-bjp-cms-modi-fight-covid/413811/
4f81afc4982a8bc76dc6bd5e32b0968e98db20d05787f612acffcb0f6e92489e,2024-10-23 03:40:52.775118+00:00,en,rediff.com,rediff.com,2020-09-24,Why India LOVES Modi,https://www.rediff.com/news/column/why-india-loves-modi/20200924.htm
cd3fa1e5166659244ec71c00f153ad420431704312494633f8ea09ae98cb6b83,2024-10-22 23:17:57.069500+00:00,en,indianexpress.com,indianexpress.com,2020-09-26,In between state,https://indianexpress.com/article/opinion/editorials/in-between-state-bihar-elections-2020-bjp-jdu-6611698/
4b8a2ba9be4113d050e643db086fa6f24122dee946936adaec0e67afba7ae06d,2024-10-22 20:43:11.688693+00:00,en,indiatoday.in,indiatoday.in,2020-09-28,Election 2020: America’s race problem,https://www.indiatoday.in/news-analysis/story/us-elections-race-george-floyd-death-trump-1726185-2020-09-28?utm_source=rss
a37f0e6801694b49c5c23a16a1922506fda376a70ac1ad2a1e8dcd89ca862bd0,2024-10-22 19:33:17.695291+00:00,en,indianexpress.com,indianexpress.com,2020-09-29,End of a pact,https://indianexpress.com/article/opinion/editorials/shiromani-akali-dal-bjp-alliance-end-walkout-farm-bills-6620608/
8b88766b6b665848eb9e1bf69d3c6cb25b89e103dbc6bf7df5e360edc1758275,2024-10-22 17:13:17.210955+00:00,en,indianexpress.com,indianexpress.com,2020-09-30,Analysis: Trump leans on tone that turns off voters he needs,https://indianexpress.com/article/world/analysis-trump-leans-tone-turns-off-voters-he-needs-6649568/
0e670c33540458e1afe14119b33d0f650668562e34aa17981df0d0f85c481878,2024-10-22 11:44:54.115237+00:00,en,theprint.in,theprint.in,2020-02-15,Both Hindus and Muslims want development. But that's where the similarity ends,https://theprint.in/opinion/both-hindus-and-muslims-want-development-but-thats-where-the-similarity-ends/365765/
b7d8bfb0cd11c089d6c68cffc3c345023c6ce4000e935d9f15e1260f524036e4,2024-10-22 10:48:12.688007+00:00,en,indianexpress.com,indianexpress.com,2020-10-05,A dystopian election,https://indianexpress.com/article/opinion/columns/us-elections-2020-donald-trump-joe-biden-6702921/
5c47776d680aa8836624cf065bbb2a6ca5470eed856b1bb071d2ef6529a85974,2024-10-22 07:33:03.366319+00:00,en,thequint.com,thequint.com,2020-10-07,Bihar Assembly Elections 2020: Will Tejashwi Manage To Overtake Nitish By Playing Lalu’s Caste and Class Card?,https://www.thequint.com/voices/opinion/bihar-assembly-elections-2020-tejashwi-yadav-caste-class-voter-base-nitish-kumar-bjp-jdu
9765c98048b80a338b632bb0f83b0b1bda1425368d40abe7924bb2ad113ad3a6,2024-10-22 05:51:40.336243+00:00,en,thehindu.com,thehindu.com,2020-10-08,The identity game in Bihar politics,https://www.thehindu.com/opinion/op-ed/the-identity-game-in-bihar-politics/article32797513.ece
b78b40c03b9de8a7de8750c2f655edb628fe02ffcb3e0fc5e3f429c2e24237fe,2024-10-21 21:20:02.624881+00:00,en,theprint.in,theprint.in,2020-09-12,Why RJD should go alone in Bihar polls and not fall short of the 122-mark,https://theprint.in/opinion/why-rjd-should-go-alone-in-bihar-polls-and-not-fall-short-of-the-122-mark/501143/
2a20ee5a1f4560ff1bddfeef8e3bde2f363aee416fbef6f76eee5c5755acf3ff,2024-10-21 21:17:14.547785+00:00,en,theprint.in,theprint.in,2020-09-23,What we don’t know about the BJP election machine,https://theprint.in/opinion/what-we-dont-know-about-bjp-election-machine/509013/
636f18fb9de8de268993defd72b646555efd96aa07f3975c8bd6024b201a778b,2024-10-21 21:15:22.656023+00:00,en,theprint.in,theprint.in,2020-08-24,"No rallies or roadshows, Bihar digital election is on WhatsApp, Facebook — BJP’s home turf",https://theprint.in/opinion/no-rallies-or-roadshows-bihar-digital-election-is-on-whatsapp-facebook-bjps-home-turf/487982/
58dbb48e230fed1be551b84d9e5a743bed39bc04dcbb1d7a07346c85d404d279,2024-10-21 21:05:08.516518+00:00,en,indiatoday.in,indiatoday.in,2020-10-13,Bihar election: Can Owaisi's poll engineering with Kushwaha challenge Nitish Kumar?,https://www.indiatoday.in/news-analysis/story/bihar-assembly-election-2020-asaduddin-owaisi-upendra-kushwaha-nitish-kumar-1731099-2020-10-13?utm_source=rss
d8bd1bfad5136f89deab284b65398aaece3a64f61509adc24fd1180fe3521ab4,2024-10-21 18:56:41.922487+00:00,en,rediff.com,rediff.com,2020-10-14,Will BJP's Khushbu gamble pay off in TN assembly elections?,https://www.rediff.com/news/column/will-bjps-khushbu-gamble-pay-off-in-tn-elections/20201014.htm
4edf82a8f38190e16318f2b84b183ac39747c69f2b4befe0d9c51e390cbbbeef,2024-10-21 17:45:30.761662+00:00,en,hindustantimes.com,hindustantimes.com,2020-10-14,Analysis| Will the migrant crisis impact the Bihar polls?,https://www.hindustantimes.com/analysis/will-the-migrant-crisis-impact-the-bihar-polls/story-xwLFXj5vPdcVUA0QZz4ZaK.html
590d59eef73f0fb6593a4d7c4edc00933bc3fbd9e1ab1c5f2cc98e3330ce1d3a,2024-10-21 09:33:04.619014+00:00,en,thequint.com,thequint.com,2024-10-21,By-polls: Can the INDIA Bloc Keep Up Its Momentum in UP?,https://www.thequint.com/opinion/uttar-pradesh-by-polls-can-india-bloc-keep-up-its-momentum-bjp-yogi-adityanath
ec1659036b1868dd78b59c45a83bbc48f97d40cc06630a3256fa1d4f60e5fda9,2024-10-20 23:08:35.363933+00:00,en,indiatoday.in,indiatoday.in,2020-10-26,Will Tejashwi Yadav set a new benchmark in dynasty politics?,https://www.indiatoday.in/news-analysis/story/will-tejashwi-yadav-set-a-new-benchmark-in-dynasty-politics-1735271-2020-10-26?utm_source=rss
08da6b0e0077bde7e1d81b6f003f2e8119bd098b632130172631593b4b2eb28a,2024-10-20 22:05:14.115513+00:00,en,indianexpress.com,indianexpress.com,2020-10-27,The Bihar outcome will have a bearing on battles elsewhere in the coming months,https://indianexpress.com/article/opinion/editorials/beyond-bihar-6886814/
50bc11f7b430608d25c02ba8e8e2770daa89b4a5a02e4dd5254e5efa7c501425,2024-10-20 22:05:14.079540+00:00,en,indianexpress.com,indianexpress.com,2020-10-27,Nitish Kumar is facing the challenge from all sections of dominant groups in Bihar,https://indianexpress.com/article/opinion/columns/whos-afraid-of-nitish-kumar-6888118/
5d102828879417ac2960bb9fb9635daa9da9228c30e09262cd43f4fedd17fce1,2024-10-20 19:34:30.578016+00:00,en,ndtv.com,ndtv.com,2020-10-28,Scindia Sets Out To Prove His Real Worth To Congress And BJP,https://www.ndtv.com/opinion/3-big-points-for-scindia-to-prove-with-next-weeks-big-election-2316813
258af2724606797da1609bddf7c1222e714802abd01e2d6f701ed5a40036592e,2024-10-20 18:35:09.990542+00:00,en,indianexpress.com,indianexpress.com,2020-10-29,"Alliance, arithmetic and leadership",https://indianexpress.com/article/opinion/columns/bihar-assembly-elections-2020-nitish-kumar-nda-alliance-6907745/
a3bebc7c1deff9f83ce07f59695bd99391ee07e2e1301e26881608322c872e44,2024-10-20 16:59:54.110264+00:00,en,indianexpress.com,indianexpress.com,2020-10-30,A long November night,https://indianexpress.com/article/opinion/columns/us-elections-2020-donald-trump-america-joe-biden-6909149/
76ec1056364235196ee8483c06cbbde101075feb0156e471954db1fe4b29d0ef,2024-10-20 13:08:56.225257+00:00,en,indianexpress.com,indianexpress.com,2020-11-02,Hand and sickle,https://indianexpress.com/article/opinion/editorials/west-bengal-assembly-election-congress-cpm-alliance-trinamool-congress-6912805/
722ed4dab0b5a71dcd7190e94b674f4bce9814f8f83e134ec6863e73d8cdd420,2024-10-20 10:30:02.098206+00:00,en,indiatoday.in,indiatoday.in,2020-11-03,Will Kamal Haasan’s torch light up Tamil Nadu politics in 2021?,https://www.indiatoday.in/news-analysis/story/kamal-hassan-s-torch-light-tamil-nadu-politics-2021-makkal-needhi-maiam-1737654-2020-11-03?utm_source=rss
d55b0fb7804dfce76f87c13e8439312f945ff0f637a52992d31cdcd0ffe30039,2024-10-20 08:28:52.541898+00:00,en,indiatimes.com,indiatimes.com,2020-11-04,Bihar’s above par voter turnout is great for democracy,https://timesofindia.indiatimes.com/blogs/toi-editorials/bihars-above-par-voter-turnout-is-great-for-democracy/
bb4c6fc3d659556dfcd3323d2745e8bb91d7780f70b9a7914e28dac97c38cc73,2024-10-20 07:17:44.780229+00:00,en,indiatoday.in,indiatoday.in,2020-11-05,Trump versus Biden election: What America needs to learn from India,https://www.indiatoday.in/news-analysis/story/donald-trump-joe-biden-us-presidential-election-america-india-election-commission-1738184-2020-11-05?utm_source=rss
df259eb58f90bcc7a5a962961641fb5fe518485112171f289fda45cf10917b16,2024-10-20 04:44:33.208433+00:00,en,theprint.in,theprint.in,2020-03-10,Yogi Adityanath was given BJP’s third-most important position. And the results are in,https://theprint.in/opinion/yogi-adityanath-was-given-bjps-third-most-important-position-results-are-in/378065/
288852167c213455bba2b51f9e7fb7ddfee75c7a4bb9316619e5a4a6fabf8d19,2024-10-20 03:30:38.891683+00:00,en,indiatoday.in,indiatoday.in,2020-11-07,Amit Shah gets into the driver's seat for next year's Bengal polls,https://www.indiatoday.in/news-analysis/story/amit-shah-gets-into-driver-seat-for-next-years-bengal-polls-1738881-2020-11-07?utm_source=rss
223beb74c7855ce2b37854417d5f6043a899d1bbad5c16850e9e2f407003ddbf,2024-10-20 03:19:17.083207+00:00,en,dnaindia.com,dnaindia.com,2020-11-07,How accurate are exit polls; know how many times they proved to be right or wrong in India,https://www.dnaindia.com/analysis/report-bihar-chunav-exit-poll-predition-2020-how-accurate-are-exit-polls-know-how-many-times-they-proved-to-be-right-or-wrong-in-india-bihar-chunav-result-2855083
ef39e226598b8184bb3f1c3045fa3fb5007941715c012e5d63c8004420e56bf5,2024-10-20 03:15:04.519884+00:00,en,indiatoday.in,indiatoday.in,2020-11-07,The LJP factor: How Chirag Paswan's party impacted JD(U)-BJP in Bihar,https://www.indiatoday.in/news-analysis/story/bihar-election-2020-ljp-chirag-paswan-party-impacted-jdu-bjp-1738946-2020-11-07?utm_source=rss
0eec11fd3cb9d78ad3b6886d1d7fc384137c4a9973d1bda5ee296d9504f42a57,2024-10-20 01:04:28.531204+00:00,en,thehindu.com,thehindu.com,2020-11-09,Turning the spotlight on America’s election custodian,https://www.thehindu.com/opinion/op-ed/turning-the-spotlight-on-americas-election-custodian/article33053738.ece
d795e6d7208414c7afce81b4fb30a4655ae70ea9e4785b2508907775ea2601f8,2024-10-19 21:37:49.389970+00:00,en,rediff.com,rediff.com,2020-11-11,What the world expects from Biden,https://www.rediff.com/news/column/what-the-world-expects-from-biden/20201111.htm
05c32970f2d1fc22f710e235dc45015858448d871d7e939b38f03282dae33433,2024-10-19 21:36:20.943518+00:00,en,thequint.com,thequint.com,2020-11-11,"In Bihar Polls, What Did Mahagathbandhan Get Wrong?",https://www.thequint.com/voices/opinion/bihar-election-results-2020-mahagathbandhan-nda-tejashwi-yadav-lessons-caste-arithmetic
ea57d49b169b87327eeb3a8e54a44cb5903b4b81baf78562faebe6f91594bee8,2024-10-19 21:31:58.241701+00:00,en,theprint.in,theprint.in,2020-02-11,5 reasons why Modi-Shah's BJP lost to Arvind Kejriwal's AAP in Delhi election,https://theprint.in/opinion/5-reasons-why-modi-shahs-bjp-lost-to-arvind-kejriwals-aap-in-delhi-election/362877/
54f6cde3787f2e53a93eacc7eecf4b0c5480ee4aff5562f5f8eeda49ce99f061,2024-10-19 21:17:34.401164+00:00,en,indiatoday.in,indiatoday.in,2020-11-11,"Not votes in election but top lawyers in courts, what Congress offers allies",https://www.indiatoday.in/news-analysis/story/congress-bihar-election-results-regional-parties-1740146-2020-11-11?utm_source=rss
48d8e4af9c4fae1c70fee7a9e32085218db1f9bb5426456c0759487d24359b04,2024-10-19 20:50:27.220633+00:00,en,indianexpress.com,indianexpress.com,2020-11-12,Clearing the Covid test,https://indianexpress.com/article/opinion/columns/clearing-the-covid-test-bihar-elections-7048282/
b3240bef5929fa9687c4bb0d0edfde3385322e142a05ce22778ce5e2e177674d,2024-10-19 20:26:33.945499+00:00,en,indiatoday.in,indiatoday.in,2020-11-12,Asaduddin Owaisi’s ‘vote-cutter’ AIMIM sends jitters in Bengal after Bihar show,https://www.indiatoday.in/news-analysis/story/asaduddin-owaisi-vote-cutter-aimim-jitters-bengal-bihar-show-1740284-2020-11-12?utm_source=rss
06197de5245c93ab55fb839a2d21dd0f02ee4254104b12ebee7f4bd391a97473,2024-10-19 20:23:46.272606+00:00,en,hindustantimes.com,hindustantimes.com,2020-11-11,The Opposition fails because it’s dishonest,https://www.hindustantimes.com/analysis/the-opposition-fails-because-it-s-dishonest/story-x8EY2wvGiiY7tKfmTM5PHL.html
2bbf59efea62fe7c6d9819f90d657d82b0cb9d2185dbb7fd5763316338112dfb,2024-10-19 20:23:46.241060+00:00,en,hindustantimes.com,hindustantimes.com,2020-11-11,Modi and the politics of welfare,https://www.hindustantimes.com/analysis/modi-and-the-politics-of-welfare/story-KrGDMo7rXYwWGhdZJK79gJ.html
1430b813ec6c789e6f3fbebff4f950114bf49bb9a360be7509253cce8259bca9,2024-10-19 19:08:10.301697+00:00,en,indiatimes.com,indiatimes.com,2020-11-13,"Exit poll misfire: Closely contested, Covid-hit, multi-phased, women dominated polling is as tricky as it gets",https://timesofindia.indiatimes.com/blogs/toi-editorials/exit-poll-misfire-closely-contested-covid-hit-multi-phased-women-dominated-polling-is-as-tricky-as-it-gets/
a321c0bb74ac4583c55d68e8e8aeee506c5509afdf9e23cc18f5b45d97f5c09c,2024-10-19 19:06:39.596279+00:00,en,indianexpress.com,indianexpress.com,2020-11-13,A vote of confidence,https://indianexpress.com/article/opinion/columns/bihar-assembly-elections-election-commission-7049723/
0c0e50557b06eed0f4f06b385337ee763981573781f421a890ee1e620e4dcebf,2024-10-19 12:56:54.928622+00:00,en,indiatoday.in,indiatoday.in,2020-11-17,"With Vetrivel Yatra and Alagiri alliance, BJP plans its future in Tamil Nadu",https://www.indiatoday.in/news-analysis/story/bjp-brews-fresh-political-soup-tamil-nadu-for-2026-assembly-elecctions-1741591-2020-11-17?utm_source=rss
ded6482d009b6361d4fad973ca38b3cfd7ecea2b3b55bd7ed02293cde080cd5d,2024-10-19 08:46:18.152872+00:00,en,indianexpress.com,indianexpress.com,2020-11-20,Shadow in Bengal,https://indianexpress.com/article/opinion/editorials/bihar-elections-amit-shah-shadow-in-bengal-7057781/
8e1125edcbc98a986b56a605226d0c234d722632858427f3b3a1ddc69e149868,2024-10-19 08:28:34.061537+00:00,en,thequint.com,thequint.com,2024-10-19,The Remarkable Resurrection of Omar Abdullah,https://www.thequint.com/opinion/remarkable-resurrection-of-omar-abdullah-chief-minister-jammu-and-kashmir-national-conference
3c086f49c7d3c6d163fcbb78e466ec1c8c7dd88d0aad0eff21240bd8cf36de09,2024-10-19 06:32:50.318302+00:00,en,hindustantimes.com,hindustantimes.com,2020-11-20,Why Bengal 2021 matters,https://www.hindustantimes.com/editorials/why-bengal-2021-matters-ht-editorial/story-zGUdDhfmU4vtZ2X7PHgiPM.html
32d2507574fc0c4c236ce105a587674955d2848fb4d6cca8897fbd4800593fcf,2024-10-19 03:10:45.454831+00:00,en,indiatoday.in,indiatoday.in,2020-11-23,Importance of being Suvendu Adhikari in Bengal’s stormy politics,https://www.indiatoday.in/news-analysis/story/importance-of-being-suvendu-adhikari-in-bengal-s-stormy-politics-1743421-2020-11-23?utm_source=rss
5d97de98ac5b37cf8a1c718eb58d02bd16cf0bcf2a1758dd3d21e1afa83498c1,2024-10-19 00:39:36.515350+00:00,en,indianexpress.com,indianexpress.com,2020-11-25,Pulling off the pandemic poll,https://indianexpress.com/article/opinion/columns/bihar-assembly-elections-election-commission-coronavirus-7064345/
3ea913ffe5f527a39f3929a4092112fc55029e30814d92658e1c9c9bffc919c2,2024-10-18 23:04:06.469163+00:00,en,thehindu.com,thehindu.com,2020-11-26,Where the lotus meets two leaves,https://www.thehindu.com/opinion/op-ed/where-the-lotus-meets-two-leaves/article33178973.ece
f1fd367a904691b24bdb8f45f967daf44002ade0bd3ca2aa341b048b9cf2354c,2024-10-18 21:34:07.316924+00:00,en,indianexpress.com,indianexpress.com,2020-11-27,Battle for a city,https://indianexpress.com/article/opinion/editorials/hyderabad-telangana-ghmc-bjp-trs-7069682/
3e1e900031deb846c704cdd146934e9099f0fe0237e65fb49fc65ac6f098c9d6,2024-10-18 21:18:04.402346+00:00,en,dnaindia.com,dnaindia.com,2020-11-27,GHMC polls: Asaduddin Owaisi has national aspirations but is not contesting even half the seats on home ground; why?,https://www.dnaindia.com/analysis/news-ghmc-polls-asaduddin-owaisi-has-national-aspirations-but-is-not-contesting-even-half-the-seats-on-home-ground-why-2858750
bfd3fe945df1a0596a88bfaa0e2720cc73baadef742caac5fb3490330520eaac,2024-10-18 21:05:25.343340+00:00,en,dnaindia.com,dnaindia.com,2020-11-27,GHMC Poll: Why are Hyderabad civic poll so important for BJP,https://www.dnaindia.com/analysis/news-ghmc-poll-why-are-hyderabad-civic-poll-so-important-for-bjp-2858779
de8d2258737daa11768a86355b3a9f529994143f34297a6b79899ca60e03f768,2024-10-18 15:48:58.696822+00:00,en,indiatoday.in,indiatoday.in,2020-12-01,Farmers at Delhi borders: Why protest over farm laws may end with mere assurance,https://www.indiatoday.in/news-analysis/story/farmers-protest-delhi-borders-over-farm-laws-talks-with-modi-govt-1745652-2020-12-01?utm_source=rss
939242b0d1e8fc038acbcb3d746f94c2cbcf6fd9ea7499ec32c2b5c27534aaf0,2024-10-18 14:28:25.476938+00:00,en,ndtv.com,ndtv.com,2024-10-18,BJP May Have An Opportunity In Jharkhand,https://www.ndtv.com/opinion/heres-why-bjp-senses-an-opportunity-in-jharkhand-6819289
cf146b29bd1212d395db2be8843c2cdcc65f3875abd64d54882da873b4e3b301,2024-10-18 14:03:37.450056+00:00,en,indiatoday.in,indiatoday.in,2020-12-02,BJP goes for Muslim-Christian social engineering in Kerala local election,https://www.indiatoday.in/news-analysis/story/bjp-goes-for-muslim-christian-social-engineering-in-kerala-local-election-1745969-2020-12-02?utm_source=rss
c5bd37e48cdcccf6eb7944e155b29711bd973f813cf01455f8cad068a3dc1a66,2024-10-18 09:09:45.168076+00:00,en,thehindu.com,thehindu.com,2020-10-31,The ‘swing State’ skew in the U.S. electoral framework,https://www.thehindu.com/opinion/op-ed/the-swing-state-skew-in-the-us-electoral-framework/article32985985.ece?utm_campaign=socialflow
bb9504556b4b46b9555ff98877e08f750cf9299cdf7598f1d112cef07c519684,2024-10-18 08:33:16.699281+00:00,en,thehindu.com,thehindu.com,2020-10-31,The ‘swing State’ skew in the U.S. electoral framework,https://www.thehindu.com/opinion/op-ed/the-swing-state-skew-in-the-us-electoral-framework/article32985985.ece?homepage=true&utm_campaign=socialflow
7469c9defd9d210488eb6aa1103bc1ea952b4da91fb84e4e1bb047439013645e,2024-10-18 05:42:35.494970+00:00,en,rediff.com,rediff.com,2020-12-07,Old guard needs to make way for Congress to grow,https://www.rediff.com/news/column/old-guard-needs-to-make-way-for-congress-to-grow/20201207.htm
158514281cc00a367ee58a187aa047764b37125ee707abd55d3803bd7cce7937,2024-10-18 02:57:42.303119+00:00,en,indianexpress.com,indianexpress.com,2020-12-09,Flattening the city,https://indianexpress.com/article/opinion/columns/greater-hyderabad-municipal-corporation-elections-trs-aimim-bjp-hinhu-nationalism-7097166/
809d23b7f5d5c4ce9b96228199709a7b764736430f27b4dd10ac6fe6ac03eb66,2024-10-17 21:42:44.510378+00:00,en,thehindu.com,thehindu.com,2020-12-10,"Letters to the Editor — December 10, 2020",https://www.thehindu.com/opinion/letters/letters-to-the-editor-december-10-2020/article33292646.ece
7f444eb7b77dfcf160fc5dae10744edf3815a1bbd2199b6b37e29576e87f5dc1,2024-10-17 20:34:47.814970+00:00,en,rediff.com,rediff.com,2024-10-17,How Haryana Win Revives Modi Aura,https://www.rediff.com/news/column/shekhar-gupta-how-haryana-win-revives-modi-aura/20241017.htm
d1290ce15c064c07d8685e5bfe96846e81361ff6f074e008e88ac21acad1a224,2024-10-17 20:20:09.862725+00:00,en,thehindu.com,thehindu.com,2024-10-18,Has the Congress internalised its message of social justice?,https://www.thehindu.com/opinion/op-ed/has-the-congress-internalised-its-message-of-social-justice/article68765369.ece
83c7227008ef19cc28fbb6594d3497c3ffd0f5a4cc6e92ead177634e68389422,2024-10-17 16:27:32.378869+00:00,en,indiatoday.in,indiatoday.in,2020-12-15,The Owaisi factor in poll-bound Bengal,https://www.indiatoday.in/news-analysis/story/explained-asaduddin-owaisi-factor-poll-bound-bengal-bihar-bjp-1749853-2020-12-15?utm_source=rss
4d0eed6cc9cc22cce7b6d362abdd22942aa66a4b606965d60e3bb1a254c55ac1,2024-10-17 14:52:07.053375+00:00,en,thequint.com,thequint.com,2020-12-16,President Pranab Mukherjee’s Memoir Controversy: Why Liberal Congress Party Needs A Literary Adviser ASAP,https://www.thequint.com/voices/opinion/president-pranab-mukherjee-memoir-controversy-son-abhijit-twitter-reaction-congress-sonia-rahul-literary-adviser
4f54eb924f14f3813316803a37d1e8205fa4c8856dbe376cecee86e183a5deae,2024-10-17 12:54:26.029247+00:00,en,indiatoday.in,indiatoday.in,2020-12-18,Congress pot simmers again over talk of 'G 23' meet with Sonia,https://www.indiatoday.in/news-analysis/story/congress-pot-simmers-again-over-talk-of-g23-meet-with-sonia-1750622-2020-12-18?utm_source=rss
44d082cfbb8cb94af9dd9aa8de8c6808fbe6e6d2cf367d039b0c3b6fb38025df,2024-10-17 12:03:24.269454+00:00,en,thequint.com,thequint.com,2020-12-18,How Indians Abroad Can Play Kingmaker In Indian Polls Through Postal Ballot,https://www.thequint.com/voices/opinion/indian-elections-postal-ballot-system-non-resident-indians-non-gulf-countries
63676bf2a139fdc558e2d04eb7fa1e058924cf144fce84f8f263893e718842c5,2024-10-17 09:28:47.921767+00:00,en,indianexpress.com,indianexpress.com,2020-12-20,"Manohar Lal Khattar, Dushyant Chautala could well end up as casualties of farmers’ agitation",https://indianexpress.com/article/opinion/columns/inside-track-shaky-position-7111712/
0b6dbb82e1d3d1bba3390f2c91c2f29f18dc8cedb68f84a33a1f9d229214869d,2024-10-16 20:33:23.196103+00:00,en,rediff.com,rediff.com,2024-10-16,ECI Factor Gives BJP Poll Advantage!,https://www.rediff.com/news/column/nilanjan-mukhopadhyay-eci-factor-gives-bjp-poll-advantage/20241016.htm
35f3deca1b2f7dd430741f73fea2be3927893cac66f2e4e04a5deefa6e5e2208,2024-10-16 17:51:32.685075+00:00,en,thehindu.com,thehindu.com,2020-12-29,The BJP is at the gates in West Bengal,https://www.thehindu.com/opinion/op-ed/the-bjp-is-at-the-gates-in-west-bengal/article33439448.ece
7833a47bd2397e4520c596a663bafc2c675d961117b6ab4582e6c490dbe70fc6,2024-10-16 06:23:08.254037+00:00,en,indianexpress.com,indianexpress.com,2024-10-16,Express View on Jharkhand and Maharashtra polls: Two straws in the wind,https://indianexpress.com/article/opinion/editorials/express-view-on-jharkhand-and-maharashtra-polls-two-straws-in-the-wind-9622046/
259fb42ee44e955d3c103c040f22ee6b8b017475c7e1d03a2c1b0c4b439c4f48,2024-10-15 15:35:14.272791+00:00,en,indiatoday.in,indiatoday.in,2024-10-15,Opinion – Haryana fallout: The game has now changed in Jharkhand and Maharashtra,https://www.indiatoday.in/opinion/story/haryana-fallout-the-game-has-now-changed-in-jharkhand-and-maharashtra-opinion-2617442-2024-10-15?utm_source=rss
d0e9a960676d30f960b8d52b7cde0d624ec2d8dc9b8730350cab91b33d2842a6,2024-10-14 20:34:59.504242+00:00,en,rediff.com,rediff.com,2024-10-14,What Congress Must Do To Win Maharashtra,https://www.rediff.com/news/column/sanjay-jha-what-congress-must-do-to-win-maharashtra/20241014.htm
dc202a170293ee50a6960f5f1503a7031619118ed174c9f5607ef26361704d0d,2024-10-14 10:27:19.050158+00:00,en,ndtv.com,ndtv.com,2024-10-14,"Haryana Should Force Congress To Acknowledge Its Mistakes, For Once",https://www.ndtv.com/opinion/haryana-should-force-congress-to-acknowledge-its-mistakes-for-once-6785803
67312cec4a4e413fdfce1305752076a6dcb7c0d125e838d17af66fab0137e306,2024-10-12 06:22:23.624646+00:00,en,indiatoday.in,indiatoday.in,2024-10-12,Opinion: Decoding Haryana poll conundrum,https://www.indiatoday.in/opinion/story/decoding-haryana-poll-conundrum-how-congress-lost-despite-similar-vote-share-bjp-2615699-2024-10-12?utm_source=rss
92c4cdc9e08f862b6cb5ba1b44831f80b569ff8d980ab5e7fb8929275b2ae274,2024-10-12 04:26:07.495876+00:00,en,indianexpress.com,indianexpress.com,2024-10-12,Why protests by Imran Khan’s PTI won’t change status quo in Pakistan,https://indianexpress.com/article/opinion/columns/why-protests-by-imran-khans-pti-wont-change-status-quo-in-pakistan-9615991/
2afa62ee880b8420edd4f3a4c6c0150671ac3f1ef2bd82b58056b65706a7afe9,2024-10-11 11:18:07.965323+00:00,en,thequint.com,thequint.com,2024-10-11,Omar Abdullah's Limitations and 4 Other Takeaways From J&K Elections,https://www.thequint.com/opinion/omar-abdullahs-limitations-and-4-other-takeaways-from-jammu-and-kashmir-elections
665903d174625236ef4d5b6fcdd1b6de02ff3af20cc1dd89dbbcd7b6760f7233,2024-10-11 02:24:53.593464+00:00,en,indianexpress.com,indianexpress.com,2024-10-11,"Haryana, Jammu and Kashmir poll results show the people’s mandate is for humility",https://indianexpress.com/article/opinion/columns/haryana-jammu-and-kashmir-poll-results-show-the-peoples-mandate-is-for-humility-9614488/
f8b31369b2dc4c27fb0bc3c9e3042e758d8bade38a8b55c4e6484923cb62e6ba,2024-10-10 10:25:52.301034+00:00,en,thehindu.com,thehindu.com,2024-10-09,Haryana BJP Win vs Maharashtra Elections 2024: Similarities and Key Differences,https://frontline.thehindu.com/politics/haryana-bjp-win-maharashtra-elections-2024-caste-politics-agrarian-crisis-analysis/article68737359.ece
afcdfc67d788faa42558b40fe9029924cd21d9204f8ed2a7db3fc9f36b7bd039,2024-10-10 03:24:25.841056+00:00,en,thequint.com,thequint.com,2024-10-10,Disaggregate the OBC Category to Understand BJP's Haryana Win,https://www.thequint.com/opinion/disaggregate-the-obc-category-to-understand-bjp-haryana-win
23b4ad9460f690347aa68b9200520f4bc33125d79d4bb4723a34d5c98b8a9a31,2024-10-10 01:28:26.059907+00:00,en,indianexpress.com,indianexpress.com,2024-10-10,"In Haryana and J&K, BJP’s performance was not as spectacular as it being made out to be",https://indianexpress.com/article/opinion/columns/in-haryana-and-jk-bjps-performance-was-not-as-spectacular-as-it-being-made-out-to-be-9612717/
74b03386d410364f4e10ee6ffcc7732d54ef746aac38db5beeca269ecae6026e,2024-10-09 15:40:37.076825+00:00,en,indiatoday.in,indiatoday.in,2024-10-09,"Haryana Shocker: A BJP win, a Congress self-goal",https://www.indiatoday.in/opinion/story/opinion-assembly-election-results-haryana-shocker-bjp-congress-2613810-2024-10-09?utm_source=rss
3feddbf933f8f3c0033f0c46d5b2c0df92a512530eb8c81908996f47cd93d216,2024-10-08 18:19:20.297167+00:00,en,hindustantimes.com,hindustantimes.com,2024-10-08,Lessons from Haryana for BJP and Congress,https://www.hindustantimes.com/opinion/lessons-from-haryana-for-bjp-and-congress-101728402683563.html
2ab2bddbedaaf5cbcd5c58472f6dde7ed1af2d2a70fe49f87b5a86107b9eeb89,2024-10-08 15:43:34.404019+00:00,en,indianexpress.com,indianexpress.com,2024-10-08,What Congress’s self-goal in Haryana means for INDIA bloc – and the message from BJP’s Kashmir failure,https://indianexpress.com/article/opinion/columns/congresss-haryana-india-bloc-bjp-kashmir-failure-9609984/
4874f4d675514379c6dbcefc2f83f42ba4e3925e9e9d60c534694184a03fbb7d,2024-10-07 20:36:48.199569+00:00,en,rediff.com,rediff.com,2024-10-07,Modi 3.0: Focus Shifts To Governance,https://www.rediff.com/news/column/a-k-bhattacharya-modi-30-focus-shifts-to-governance/20241007.htm
21d3aac0d6de5a6f1628bb52e5783afd05bd19f415acc3542b985142dcd4b539,2024-10-07 08:25:10.526744+00:00,en,thequint.com,thequint.com,2024-10-06,"Sunday View: The Best Weekend Opinion Reads, Curated Just for You",https://www.thequint.com/opinion/sunday-view-6-oct
f4f8c533caf025e134ede3b3fae895969609b10e3436eb136f5e19d6ab00344c,2024-10-07 05:20:19.910268+00:00,en,indianexpress.com,indianexpress.com,2024-10-07,"In 2024, a world driven dangerously close to the edge",https://indianexpress.com/article/opinion/columns/in-2024-a-world-driven-dangerously-close-to-the-edge-9607236/
45c92d1e2189a9b90013f71c268b2ceb175dee1c6195263461850c7daa5bd18e,2024-10-06 20:25:08.673073+00:00,en,indianexpress.com,indianexpress.com,2024-10-06,"Vandita Mishra writes: A people haunted by the past go to polls, a new actor climbs on to the stage",https://indianexpress.com/article/opinion/columns/jammu-kashmir-polls-prashant-kishor-jan-suraaj-9607125/
1fab2dc3b49dc843d83376678405cd6c8586ae31b13dd2254be910782d40959d,2024-10-06 17:26:16.987561+00:00,en,thequint.com,thequint.com,2024-10-06,"Exit Polls May Show INDIA Bloc Win, but BJP is Yet to Play Its Final Cards",https://www.thequint.com/opinion/jammu-kashmir-elections-exit-polls-may-show-india-bloc-win-bjp-is-yet-to-play-its-final-cards
c1e730c68281bba27966abeee1536ca6d0d6449168e89b0d856b5cf7403b5ac5,2024-10-04 16:33:10.291907+00:00,en,hindustantimes.com,hindustantimes.com,2024-10-04,Importance of Haryana polls,https://www.hindustantimes.com/editorials/importance-of-haryana-polls-101728055987079.html
892244aeb5cefd3140dc656f0eec27bd71f097e427e1de9b6e08534e3a73aab7,2024-10-03 21:23:35.517404+00:00,en,thehindu.com,thehindu.com,2024-10-04,Split decision: On the rivalry between the two factions of the Nationalist Congress Party,https://www.thehindu.com/opinion/editorial/split-decision-on-the-rivalry-between-the-two-factions-of-the-nationalist-congress-party/article68714724.ece
6fe9beaabb8717db175a738f1c04b8f8798e45da327b0a614cd6b0b7903a6b26,2024-10-03 08:26:00.862659+00:00,en,thequint.com,thequint.com,2024-10-03,Haryana Elections: The Lay of the Electoral Land,https://www.thequint.com/opinion/haryana-elections-lay-of-electoral-land-congress-bjp-jat-ahir-gujar-vote
98d4a19a9bb01cab193d35fbba2ca641a86e6e4c9bc75af674028912f8c62254,2024-10-02 19:27:17.669532+00:00,en,thehindu.com,thehindu.com,2024-10-03,​Healthy sign: On the voting in the 2024 J&K Assembly elections,https://www.thehindu.com/opinion/editorial/%E2%80%8Bhealthy-sign-on-the-voting-in-the-2024-jk-assembly-elections/article68710358.ece
d9f4f8a35c2266e2f7cde0c5154c5cdb1f7d5a8ab7719429cde187b06333360b,2024-10-02 17:25:37.398525+00:00,en,hindustantimes.com,hindustantimes.com,2024-10-02,"In J&K polls, a win for democracy",https://www.hindustantimes.com/editorials/in-j-k-polls-a-win-for-democracy-101727881396383.html
0b6e139a6e5f093523af9bd1f4b6637f7a62f5e31e0e5d803867ef1c226d7fb4,2024-10-01 20:37:43.646718+00:00,en,rediff.com,rediff.com,2024-10-01,Will Udhayanidhi's Elevation Backfire On Stalin?,https://www.rediff.com/news/column/sathiya-moorthy-will-udhayanidhis-elevation-backfire-on-stalin/20241001.htm
78b37e21ff66204a23930ad23adecca4f86b40a3e4824d97396c4cd6b5ed1388,2024-10-01 10:29:35.397781+00:00,en,thehindu.com,thehindu.com,2024-09-30,"One Nation, One Election: BJP’s Flawed Plan Likely to Fall Short When it Comes to Numbers in Parliament",https://frontline.thehindu.com/politics/one-nation-one-election-analysis-bjp-plan-opposition-ram-nath-kovind-panel-report/article68689574.ece
7c13fd45ce8b386e527e149bb9e1cba9e77cb96487be19e6a744c43165d5820a,2024-09-30 15:20:09.013234+00:00,en,ndtv.com,ndtv.com,2024-09-30,Opinion: Son-Rise Central,https://www.ndtv.com/opinion/son-rise-central-reality-of-indias-democracy-6685215
def6fe43b044f53f38112da48432544678dfa5a01f0f27049652806c242e1ad6,2024-09-30 11:27:26.332561+00:00,en,thehindu.com,thehindu.com,2024-09-29,Allies turn more saffron than BJP; DMK turns to Lord Murugan,https://www.thehindu.com/opinion/columns/political-line-newsletter-allies-turn-more-saffron-than-bjp-dmk-turns-to-lord-murugan/article68696849.ece
a486e450fa17966e0fb19489b439f91b99b01d25bc44ec5c2e21cb6419888311,2024-09-28 14:27:22.194736+00:00,en,indiatoday.in,indiatoday.in,2024-09-28,Kingmakers in 2024: Can ‘Others’ damage Congress prospects in Haryana?,https://www.indiatoday.in/opinion/story/kingmakers-in-2024-congress-prospects-in-haryana-assembly-elections-bjp-aap-arvind-kejriwal-2607861-2024-09-28?utm_source=rss
a78f33cd1c812e82648716f1ad259ec13f218c92821a8dd77fa633920c7c6b08,2024-09-27 17:20:22.970369+00:00,en,hindustantimes.com,hindustantimes.com,2024-09-27,Why J&K polls feel nothing like those in the past,https://www.hindustantimes.com/opinion/why-j-k-polls-feel-nothing-like-those-in-the-past-101727451864311.html
f3a08dedcdd6b956f2bb5eb4931cbabfd10731ea3f3b2a47bd35b3a1d8d331f9,2024-09-27 01:26:58.386074+00:00,en,indianexpress.com,indianexpress.com,2024-09-27,A rape accused was killed in a police vehicle. That’s not the end of the story,https://indianexpress.com/article/opinion/columns/a-rape-accused-was-killed-in-a-police-vehicle-thats-not-the-end-of-the-story-9590295/
8af943cd1c92385fc16971cab412df3ab72fecb11a784c3cb2180c9d23f11037,2024-09-26 16:31:25.726978+00:00,en,indiatoday.in,indiatoday.in,2024-09-26,Opinion: How will Tirupati laddu row impact Hindutva politics?,https://www.indiatoday.in/opinion/story/how-will-tirupati-laddu-row-impact-hindutva-politics-opinion-2607024-2024-09-26?utm_source=rss
4d93681493899639fa8c9c10e3802745de24f22e41b280359338f77965d5d27e,2024-09-26 04:25:00.700678+00:00,en,indianexpress.com,indianexpress.com,2024-09-26,Simultaneous elections can strengthen democracy,https://indianexpress.com/article/opinion/columns/simultaneous-elections-can-strengthen-democracy-9588264/
c12494b427d4d89c7d1c2d6345d801cfce09fde57fcccc582e47a949959dd52b,2024-09-25 16:37:10.166646+00:00,en,indiatoday.in,indiatoday.in,2021-11-16,PM Modi inaugurates Purvanchal Expressway. Why eastern Uttar Pradesh is crucial for BJP,https://www.indiatoday.in/news-analysis/story/pm-modi-purvanchal-expressway-eastern-uttar-pradesh-bjp-elections-1877386-2021-11-16?utm_source=rss
3871ae01fbfde3667cf5171ffa24de13ec78f05a101439964c6569f8190b8970,2024-09-25 12:37:24.389785+00:00,en,indiatoday.in,indiatoday.in,2021-11-18,"After Punjab, Rajasthan and Chhattisgarh, internal crisis hits Congress in Jammu and Kashmir",https://www.indiatoday.in/news-analysis/story/congress-crisis-jammu-and-kashmir-election-sonia-gandhi-ghulam-nabi-azad-1878128-2021-11-18?utm_source=rss
ef148e7e7899ba255ebd3b7e378497d60be585fc2dcc12b6d701858295c38678,2024-09-25 08:58:13.580959+00:00,en,thequint.com,thequint.com,2021-11-21,BJP's Rise in North Bengal Reversed? Here Are 5 Problems the Party Is Facing,https://www.thequint.com/voices/opinion/bjp-north-bengal-rajbanghshi-nisith-pramanik-trinamool-congress-dinhata
28239670c5e543f848310825fc81ec543795b0f9def289c4d7e9379cabeecd03,2024-09-20 21:21:44.606773+00:00,en,thehindu.com,thehindu.com,2024-09-21,The stakes in Sri Lanka’s ninth Presidential election,https://www.thehindu.com/opinion/op-ed/the-stakes-in-sri-lankas-ninth-presidential-election/article68665091.ece
8ea49be60b4493ed5f77796f8c9f33f9eb926e6bff66bca63b4a8023e6e0f592,2024-09-20 09:23:44.476262+00:00,en,ndtv.com,ndtv.com,2024-09-20,One Nation One Election (ONOE) Is Oh Noe,https://www.ndtv.com/opinion/one-nation-one-election-oh-noe-6607979
4c21a7d816174716f7503fede318c6336f7d97a8302920ca5df7a07ef1edc48a,2024-09-19 22:31:36.502251+00:00,en,indianexpress.com,indianexpress.com,2024-09-20,"One Nation, One Election promises a more efficient democracy",https://indianexpress.com/article/opinion/columns/one-nation-one-election-promises-a-more-efficient-democracy-9577731/
d5cbac5a50bb65872ae4b375ab378f098980c0f5627ce5d3d9f022d78cfb3819,2024-09-18 15:28:19.121116+00:00,en,indianexpress.com,indianexpress.com,2024-09-18,"Manoj Jha writes: One Nation, One Election undermines the voter — and Indian democracy",https://indianexpress.com/article/opinion/columns/manoj-jha-writes-one-nation-one-election-undermines-voter-indian-democracy-9574798/
5076562a71a048f5dd79f254e43d8cf1ce801f6434237ca22818e36e6854404f,2024-09-17 10:22:03.157310+00:00,en,indianexpress.com,indianexpress.com,2024-09-17,Yogendra Yadav writes: Why it’s time to stop the conspiracy theories about EVMs,https://indianexpress.com/article/opinion/columns/yogendra-yadav-writes-why-its-time-to-stop-the-conspiracy-theories-about-evms-9571458/
5864386a13c81a7cfeb3233367b7a1f3cbc682b66dd0c5e7d9496881ab8e809d,2024-09-16 07:28:06.426542+00:00,en,ndtv.com,ndtv.com,2024-09-16,BJP Faces Three Big Challenges In Haryana,https://www.ndtv.com/opinion/bjps-haryana-challenges-are-mounting-6575971
8329fee3a5b9f5235ea7ea8ac83bfdf97032e961c122d7d3d724b3aef9d1d0a8,2024-09-12 20:33:31.297096+00:00,en,rediff.com,rediff.com,2024-09-12,BJP Is Leaving Nothing To Chance In J&K,https://www.rediff.com/news/column/mohammad-sayeed-malik-bjp-is-leaving-nothing-to-chance-in-jk/20240912.htm
64d7eb6b7d5b55890d2841b2aff4c6a435a7edcca67a1d7ee2b2dd80c570d918,2024-09-11 14:24:53.095206+00:00,en,thequint.com,thequint.com,2024-09-11,Haryana Elections: Congress Must Capitalise on Vinesh Phogat's Defiance of Identity Politics,https://www.thequint.com/opinion/haryana-elections-congress-must-capitalise-on-vinesh-phogat-defiance-of-identity-politics
c596629635238ae719da39e735dbdd145ec1ea31bf925a5cde54fa244f69dc82,2024-09-10 13:30:39.806906+00:00,en,thequint.com,thequint.com,2024-09-10,Four-way Battle in Haryana: Decoding the Collapse of the AAP-Congress Alliance,https://www.thequint.com/opinion/four-way-battle-in-haryana-decoding-the-collapse-of-the-aap-congress-alliance
ea1676805ee888ea16c47e3414258d229195cfcb0e4196d0695fb0eab0cb0f88,2024-09-09 20:35:07.020813+00:00,en,rediff.com,rediff.com,2024-09-09,"GOAT, Vijay's Failed Political Launch Vehicle",https://www.rediff.com/news/column/n-sathiya-moorthy-goat-vijays-failed-political-launch-vehicle/20240909.htm
a7640def23bcd8cd9af925c03e11be15bed3192535808c9e87159571a2d9a4ca,2024-09-09 18:08:13.723237+00:00,en,indianexpress.com,indianexpress.com,2021-10-21,Congress reserving tickets for women in UP is a bold leap if it ensures aam aurat is empowered,https://indianexpress.com/article/opinion/editorials/priyanka-gandhi-congress-40-party-tickets-for-women-uttar-pradesh-polls-7582400/
fe56fe7590033b873a1df37f3acab99867d6e3de1f292132737e1cbd9f468ae9,2024-09-09 15:15:55.875109+00:00,en,indiatimes.com,indiatimes.com,2021-10-24,View: Time has come for voter-consumers to raise complaints against the product,https://economictimes.indiatimes.com/opinion/et-commentary/view-time-has-come-for-voter-consumers-to-raise-complaints-against-the-product/articleshow/87243606.cms
f8bb6095b3ca3ab764d2810495737c51d90a11814219a970fd90b9dd51a58513,2024-09-09 15:01:18.322004+00:00,en,thehindu.com,thehindu.com,2021-10-25,The only way to halt the BJP juggernaut,https://www.thehindu.com/opinion/op-ed/the-only-way-to-halt-the-bjp-juggernaut/article37153478.ece
4bdd74128b9bdab5c1dbeea9411e6e38dd28e09b1487bdbee4f6b85905d319ee,2024-09-09 12:28:23.096406+00:00,en,thequint.com,thequint.com,2024-09-09,Jamaat-e-Islami: Why Does the BJP Want An Islamist Party To Fight the J&K Polls?,https://www.thequint.com/opinion/jamaat-e-islami-why-does-the-bjp-want-an-islamist-party-to-fight-the-jk-elections
08a797fcfadf69a0c23e8144eca7bdd826cd56e6abf29ae4595b2f5a8809d116,2024-09-09 12:22:15.914626+00:00,en,indianexpress.com,indianexpress.com,2021-10-27,Mamata Banerjee’s plan to go from Bhabanipur to Bharat,https://indianexpress.com/article/opinion/columns/mamata-banerjee-plan-bhabanipur-to-bharat-7592411/
5b6dd2bf3ac971cb831ca6bd2a77abead28ec2169c302261459cc883e814a91c,2024-09-08 22:26:20.587419+00:00,en,thehindu.com,thehindu.com,2024-09-09,A litmus test for the BJP in Haryana,https://www.thehindu.com/opinion/op-ed/a-litmus-test-for-the-bjp-in-haryana/article68619172.ece
da41e6415e3680b240033869d66687e13daa22ea307ee4ca7da375ed4377fc3c,2024-09-08 19:14:39.666064+00:00,en,thequint.com,thequint.com,2021-11-06,AAP Kejriwal’s Tryst With Hindutva – From Hanuman Chalisa To Ram Mandir,https://www.thequint.com/voices/opinion/aap-kejriwals-tryst-with-hindutva-from-hanuman-chalisa-to-ram-mandir
a232ffd43cb983448f040973a243be114095f9f38987db4086ef30b6147031b1,2024-09-08 18:52:19.165373+00:00,en,indianexpress.com,indianexpress.com,2021-11-08,The problem with pre-poll surveys in India,https://indianexpress.com/article/opinion/columns/problem-pre-poll-surveys-india-7611913/
1f66a167f95f28e62e240287f081f7596f9d7d82892d9f2b5c52c022baa7ddb5,2024-09-08 11:45:30.942386+00:00,en,indianexpress.com,indianexpress.com,2021-11-11,Why BJP might remain in commanding position for next many decades,https://indianexpress.com/article/opinion/columns/bjp-congress-gandhi-family-2024-election-7617280/
9150175a1f81ac36f1167cd759a25e41c4452e847b0dea3b8ae15e1394c54249,2024-09-07 19:24:44.047235+00:00,en,indiatoday.in,indiatoday.in,2021-09-23,Babul Supriyo in TMC: Politics of opportunism. Ideology be damned,https://www.indiatoday.in/opinion-columns/story/babul-supriyo-tmc-politics-of-opportunism-ideology-opinion-1856054-2021-09-23?utm_source=rss
70082ef0e96cc61b50a314fdb1acb60a71be35a9273e4e86067ccb1ea62420b5,2024-09-07 13:37:58.312057+00:00,en,indiatoday.in,indiatoday.in,2021-09-27,Why Bhabanipur bypoll is a test for Mamata Banerjee as she eyes national role,https://www.indiatoday.in/news-analysis/story/bhabanipur-bypoll-bengal-cm-mamata-banerjee-tmc-1857848-2021-09-27?utm_source=rss
7ee8a9ea5d2df9ab0112edeb7379c23f47e5681f0c49eb5d4babe68c1b44e9dd,2024-09-07 10:47:40.643819+00:00,en,indiatoday.in,indiatoday.in,2021-09-30,How Amarinder Singh may make BJP a force in Punjab Assembly election,https://www.indiatoday.in/news-analysis/story/amarinder-singh-bjp-a-force-punjab-assembly-election-1858943-2021-09-30?utm_source=rss
48cf447579b12e0505e4857aed8c5ea86f7d020d9f9526cc675e5a683962e17d,2024-09-07 09:05:37.841672+00:00,en,indiatoday.in,indiatoday.in,2021-09-29,"'To save party, nation': What Kanhaiya Kumar actually brings to Congress",https://www.indiatoday.in/news-analysis/story/kanhaiya-kumar-congress-ideology-cpi-left-1858664-2021-09-29?utm_source=rss
83aff5e6a6c6208d4ed238bd5a99c9dc42422558291b9797d0f2b85626c53fa0,2024-09-07 06:14:52.914991+00:00,en,indiatimes.com,indiatimes.com,2021-10-02,"Eye on 2024: For Mamata, Kejriwal etc 2022 state polls are trial runs",https://timesofindia.indiatimes.com/blogs/toi-editorials/eye-on-2024-for-mamata-kejriwal-etc-2022-state-polls-are-trial-runs/
ef96333d41bf829e0776422e9f7f36a8ba78414ad1208c69d203c1116097c03d,2024-09-06 20:32:44.836125+00:00,en,rediff.com,rediff.com,2024-09-06,How Modi Has Been Cut To Size,https://www.rediff.com/news/column/nilanjan-mukhopadhyay-how-modi-has-been-cut-to-size/20240906.htm
dec97fc3c26e5bcb5e94a230ba6e5f14e4dd92da634e16d769c4938970ba82cc,2024-09-06 10:53:20.783549+00:00,en,indiatoday.in,indiatoday.in,2021-10-11,"Rajasthan impasse far from over, will Rahul Gandhi's anointment as Congress president end the imbroglio?",https://www.indiatoday.in/news-analysis/story/rajasthan-congress-crisis-rahul-gandhi-anointment-as-president-end-imbroglio-1863501-2021-10-11?utm_source=rss
a2bef284dd35e36f3ac71d7dd19041b1fd2985506007b0f7acc8dfebcdde4d1e,2024-09-04 08:14:46.114083+00:00,en,thequint.com,thequint.com,2021-04-04,"Sunday View: The Best Weekend Opinion Reads, Curated Just For You",https://www.thequint.com/news/india/sunday-view-the-best-weekend-opinion-reads-curated-just-for-you-4-april
f26b58bee9aeb950d1aec38d82e02d9fe149067a3619f54d817def06a9bbe224,2024-09-04 06:13:00.795839+00:00,en,theprint.in,theprint.in,2020-05-30,"Not vikas, Modi’s 2019 election was built on politics of vishwas",https://theprint.in/opinion/not-vikas-modis-2019-election-was-built-on-politics-of-vishwas/432487/
d02bd24f636c50c5a0c19f381763bcb6659b92f1021cacad59cca0dad96783cf,2024-09-03 22:23:20.213458+00:00,en,indiatoday.in,indiatoday.in,2021-04-12,Is the Sitalkuchi firing leading to further polarisation in West Bengal?,https://www.indiatoday.in/news-analysis/story/is-the-sitalkuchi-firing-leading-to-further-polarisation-in-west-bengal-1790208-2021-04-12?utm_source=rss
16225086de4aff8595426ee9025e76338971439d1d8ba7e9103e4fba39b4e01e,2024-09-03 22:03:08.645160+00:00,en,ndtv.com,ndtv.com,2021-04-13,"If Mamata's Banned, What About These Acts By PM And Shah?",https://www.ndtv.com/opinion/if-mamatas-banned-what-about-these-acts-by-pm-and-shah-2412489
a12441a212962fc40fb52d66bf4f869b45930ddd0e9954bef8df36ce16540184,2024-09-03 17:46:46.227019+00:00,en,indianexpress.com,indianexpress.com,2021-04-16,Minority report: Polarisation in the Bengal polls could have repercussions for the state’s politics,https://indianexpress.com/article/opinion/columns/minority-report-polarisation-in-the-bengal-polls-could-have-repercussions-for-the-states-politics-7275463/
589ea413a7f9e0e96d3c06e18695767fde991b545bfd15e6f25830a9230ebfe2,2024-09-03 15:21:48.787442+00:00,en,rediff.com,rediff.com,2021-04-17,Why BJP keeps harping on Periyar legacy in Dravidian TN,https://www.rediff.com/news/column/n-sathiya-moorthy-tn-polls-why-bjp-keeps-harping-on-periyar-in-dravidian-tn/20210417.htm
a67bb195e3a5e8702cc056dc1360b5702cbaf0fed74ea13e99f4fbb4bef60480,2024-09-03 13:41:42.462680+00:00,en,indiatoday.in,indiatoday.in,2021-04-19,Decoding the Muslim vote in West Bengal,https://www.indiatoday.in/news-analysis/story/decoding-the-muslim-vote-in-west-bengal-1792723-2021-04-19?utm_source=rss
a49d8ad7a46ef5a5380661e2a89888793011d2e4e0c5f2e56af3a19038a6a21e,2024-09-03 13:22:27.843338+00:00,en,thequint.com,thequint.com,2024-09-03,"Fact-Check: Opinion Poll Projects Congress Win In Haryana? No, Graphic is False",https://www.thequint.com/news/webqoof/fake-opinion-poll-graphic-congress-win-in-haryana-viral-fact-check
4364dff7e1fcd99d035925c7d893e2b8cb9b3be47230bf800d8b7ba136906dda,2024-09-02 18:49:21.664857+00:00,en,indiatoday.in,indiatoday.in,2021-04-30,Why BJP-led Mitrajot may become Assam’s first non-Congress govt to win consecutive terms,https://www.indiatoday.in/news-analysis/story/bjp-assam-assembly-polls-1796615-2021-04-30?utm_source=rss
657408d8eb54dd0008da24b8b246c956f0c2ef57a50dc03bea63d38dbd0edfb1,2024-09-02 17:47:13.346972+00:00,en,indianexpress.com,indianexpress.com,2021-05-01,What does an electoral victory in India mean today?,https://indianexpress.com/article/opinion/columns/assembly-elections-hindutva-covid-pandemic-7297322/
b7cdd80025b541926f0b27a1d5619264b01d346da8c9305d98e398767d323e36,2024-09-02 15:53:00.590520+00:00,en,indiatoday.in,indiatoday.in,2021-05-02,PM Modi’s dilemma: What if Bengal is won,https://www.indiatoday.in/news-analysis/story/opinion-pm-modi-s-dilemma-what-if-bengal-is-won-1797998-2021-05-02?utm_source=rss
a67a37939a532d26ea9d6f8f633a24d7e5d89e2aa596e77a91f2cb49bbe10863,2024-09-02 15:37:46.457116+00:00,en,thehindu.com,thehindu.com,2021-05-02,BJP faces organisational challenges post polls,https://www.thehindu.com/elections/analysis-challenges-for-bjp-are-both-organizational-and-existential/article34464480.ece
8dac89bb2b770b13d13d060d326a1243bb8051108865cc8aa0714a7e9f996298,2024-09-02 15:37:07.307082+00:00,en,thehindu.com,thehindu.com,2021-05-02,BJP faces organisational challenges post polls,https://www.thehindu.com/elections/analysis-challenges-for-bjp-are-both-organisational-and-existential/article34464480.ece
ed03f8b47e80058d95fa50e0b36283c8bcd1cf336b4c2f13515ddb3f4dfdcf25,2024-09-02 15:24:31.790621+00:00,en,indiatoday.in,indiatoday.in,2021-05-02,Congress routed in 5 assembly polls. Will Rahul Gandhi still return as party president?,https://www.indiatoday.in/news-analysis/story/congress-routed-in-5-assembly-polls-will-rahul-gandhi-still-return-as-party-president-1798098-2021-05-02?utm_source=rss
2575ecea060f0f2a8d70795d8e3d6f25273af5e975580a14ce62cf1cb8608228,2024-09-02 15:12:43.168048+00:00,en,indiatoday.in,indiatoday.in,2021-05-03,Stalin rises in Tamil Nadu amidst the AIADMK cloud cover,https://www.indiatoday.in/news-analysis/story/stalin-rises-in-tamil-nadu-amidst-the-aiadmk-cloud-cover-1798169-2021-05-03?utm_source=rss
c91df400056b6158803662523e695b94cfa5eb3eba048286aca57910105332c4,2024-09-02 15:02:24.274534+00:00,en,indianexpress.com,indianexpress.com,2021-05-03,How BJP retained Assam,https://indianexpress.com/article/opinion/columns/assam-bjp-win-assembly-election-results-7299593/
4949c97f5402de9db03bbe8cf4260706ed73cacf9bfb167f9c04a2ea686e2c5a,2024-09-02 14:35:00.517069+00:00,en,ndtv.com,ndtv.com,2021-05-03,Opinion: Modi-Shah Meet Their Match,https://www.ndtv.com/opinion/opinion-modi-shah-meet-their-match-federalism-2426859
fe4d3a092eb6e0c41afa856f7ae6ec29822a8f7ef501db0a1a491929fb319579,2024-09-02 14:25:17.083814+00:00,en,ndtv.com,ndtv.com,2021-05-02,Opinion: BJP's Principal Assets,https://www.ndtv.com/opinion/opinion-bjps-principal-assets-modi-and-shah-are-in-trouble-2426548
97fda3ab4e9c52ee024fdb3e8d308e2e8798cc6cc5a85a3273bdd8d206088c69,2024-09-02 13:36:40.791997+00:00,en,thehindu.com,thehindu.com,2021-05-04,Local factors determine electoral outcomes in States,https://www.thehindu.com/opinion/op-ed/local-factors-determine-electoral-outcomes-in-states/article34475075.ece
a949f66d5a57ad669a1d2fcd6033280e6fdee69791d43cee047c424136cfcf9c,2024-09-02 13:12:49.845658+00:00,en,indianexpress.com,indianexpress.com,2021-05-04,"DMK won TN polls, but only just. It must be smart about coalition partners",https://indianexpress.com/article/opinion/columns/tamil-nadu-assembly-elections-results-dmk-mk-stalin-wins-7300827/
5d26585fe665612e5736efdb89d008aca81f4e2d090e5d2f62fdb0c26527cfce,2024-09-02 12:37:27.873789+00:00,en,thequint.com,thequint.com,2021-05-04,Bengal 2021: Where BJP Went Wrong and How TMC Held Fort: What the Numbers Say,https://www.thequint.com/voices/opinion/bengal-elections-2021-mamata-modi-trinamool-bjp-numbers-traditional-vote-banks-minority-groups
d4daa6bfb24094825cab362bd6a2a8496030ad12bffd5992145c9ba5c1723bbd,2024-09-02 11:51:06.428086+00:00,en,thehindu.com,thehindu.com,2021-05-05,post-poll survey: The land of the rising sun,https://www.thehindu.com/opinion/op-ed/tn-assembly-polls-post-poll-survey-the-land-of-the-rising-sun/article34483418.ece
eb43bebd1c2ec7611922587dcb81c776addc2407ddeaaf69191a9725474ab447,2024-09-02 10:42:08.010440+00:00,en,indiatoday.in,indiatoday.in,2021-05-05,Mamata vs BJP: Who had the edge in Bengal's close-contest seats?,https://www.indiatoday.in/elections/story/west-bengal-2021-assembly-election-result-analysis-tmc-bjp-1799196-2021-05-05?utm_source=rss
fa3987b833e700c2839d1fbe6386e47670e6f3363b71668f69908f92735f1484,2024-09-02 10:37:20.085526+00:00,en,thehindu.com,thehindu.com,2021-04-28,The Left’s big battle in Bengal,https://www.thehindu.com/opinion/op-ed/the-lefts-big-battle-in-bengal/article34425680.ece
ac711c06192dd4f0c1543148d4f4919762e0c120706521ac01192e5962d9b23e,2024-09-02 06:16:30.139798+00:00,en,thehindu.com,thehindu.com,2021-05-03,Second decisive shift,https://www.thehindu.com/opinion/op-ed/second-decisive-shift/article34465829.ece
a80902706476cbeb6bf1e08342527eef2e070322272f3504d8fb760a77108ba9,2024-09-02 06:13:07.810819+00:00,en,theprint.in,theprint.in,2021-01-04,"Thank you, Akhilesh Yadav. BJP can take its vaccine nationalism from here",https://theprint.in/opinion/politically-correct/thank-you-akhilesh-yadav-bjp-can-take-its-vaccine-nationalism-from-here/578750/
e638ee3eb787dcab61da54196f4e71315ab13b21926f4d54da01332e6a6feb2b,2024-09-02 04:06:49.582813+00:00,en,thequint.com,thequint.com,2021-05-09,"Desperate to Block Mamata, How Left Lost Support of Muslim Voters",https://www.thequint.com/voices/opinion/cpim-left-lost-support-of-muslim-voters-seeking-vote-division
aec0c005702223ea0ec2587c50764130bbd7d1bec04fa2703e0ccbe34f8359c0,2024-09-02 03:22:22.329688+00:00,en,indiatimes.com,indiatimes.com,2021-05-09,View: The Bengal verdict has ramifications beyond the state,https://economictimes.indiatimes.com/opinion/et-commentary/view-the-bengal-verdict-has-ramifications-beyond-the-state/articleshow/82505870.cms
f4d993fdb0b345d9115536e5b8ffa36d004923dbb5793a3986e0947cbf35babd,2024-09-02 03:18:25.427872+00:00,en,indianexpress.com,indianexpress.com,2021-05-09,Unfair to the Election Commission,https://indianexpress.com/article/opinion/columns/madras-hc-election-commission-covid-surge-7308627/
d4cb42c7041d5771ae215758623f1e4c9dd8677d3132b2744f662b08953f6e15,2024-09-02 02:08:59.792102+00:00,en,thehindu.com,thehindu.com,2021-05-05,Tamil Nadu Assembly Elections 2021,https://www.thehindu.com/opinion/op-ed/csds-lokniti-survey-the-land-of-the-rising-sun/article34483418.ece
6d06fcf9541097805132a494b4679999e351f95553cd608e7b4cd30d03b8f2b0,2024-09-02 02:08:23.805683+00:00,en,indianexpress.com,indianexpress.com,2021-05-10,The rise of the female voting bloc,https://indianexpress.com/article/opinion/the-rise-of-the-female-voting-bloc-elections-7309796/
6d6b49dfcf0098e0c27b2ba7ad91934cad0d67ac15b0c98697a8063cec11506b,2024-09-01 21:50:26.811578+00:00,en,indianexpress.com,indianexpress.com,2021-05-13,What post-poll violence tells us about politics in Bengal,https://indianexpress.com/article/opinion/columns/post-poll-violence-west-bengal-mamata-banerjee-tmc-vs-bjp-7312734/
b4878e65e45c4e1dc5c885ec36f20743c1626e6b6aba379cb31ea27542206cf0,2024-09-01 21:18:55.823032+00:00,en,thehindu.com,thehindu.com,2024-09-02,"Where two are fighting, the third wins",https://www.thehindu.com/opinion/op-ed/where-two-are-fighting-the-third-wins/article68593213.ece
6f4f39e7cf0c03bb3af5e419d7451904bbfcc375ecc5d0c817dc509b399982dd,2024-09-01 17:45:48.964030+00:00,en,thehindu.com,thehindu.com,2021-05-15,IUML leader Kunhalikutty’s return to Kerala politics has hit Congress-led UDF,https://www.thehindu.com/news/national/kerala/analysis-iuml-leader-kunhalikuttys-return-to-kerala-politics-has-hit-congress-led-udf/article34564372.ece
dc05a8e1cb41119980d4e17c545457f9308eb310a6e5988bb39188f3067fa66b,2024-09-01 06:29:50.045585+00:00,en,indianexpress.com,indianexpress.com,2021-05-24,The double crisis,https://indianexpress.com/article/opinion/editorials/the-double-crisis-president-bidya-devi-bhandari-nepali-congress-sher-bahadur-deuba-k-p-sharma-oli-nepal-7327209/
e909d44344056c6ebcb7bb647be16dff37431bf0de9528fc4d8d240aafdb7eb3,2024-09-01 04:10:15.166421+00:00,en,rediff.com,rediff.com,2021-05-24,2024: Modi is going nowhere,https://www.rediff.com/news/column/virendra-kapoor-2024-modi-is-going-nowhere/20210524.htm
419a1f6873931c3fd79698134a63d1660ab5f22bf7080708624a793a50b4f609,2024-09-01 02:53:52.058686+00:00,en,hindustantimes.com,hindustantimes.com,2021-05-21,"How Rajiv Gandhi’s assassination changed the politics of Sri Lanka, Tamil Nadu",https://www.hindustantimes.com/analysis/how-rajiv-gandhi-s-assassination-changed-the-politics-of-sri-lanka-tamil-nadu-101621596948985.html
ff7a7534398552340ba7914c620fd3d8b95079e9d09c98506b3b52948b6a7a01,2024-08-31 19:03:17.718003+00:00,en,thequint.com,thequint.com,2021-05-31,Will Post COVID Challenge to Modi Govt Come from Indian Youth?,https://www.thequint.com/voices/opinion/modi-govt-youth-voters-covid-pandemic-disaster-mismanagement-2024-general-elections-public-anger
8336dced9643f4cfd5623943f9d6ff5a5098014dcad8ebe36b1177a75555575b,2024-08-31 16:25:06.101404+00:00,en,hindustantimes.com,hindustantimes.com,2024-08-31,Inserting Pakistan into J&K poll talk makes little sense,https://www.hindustantimes.com/opinion/inserting-pakistan-into-j-k-poll-talk-makes-little-sense-101725118640206.html
309c8b36e823a6998163e86bc9d914da9cdf048b9e7ccb73d04360246c35e07e,2024-08-31 14:15:46.612778+00:00,en,thequint.com,thequint.com,2021-06-03,Post-Poll Bengal: What Explains Discontent Among BJP Cadres?,https://www.thequint.com/voices/opinion/bengal-bjp-cadres-turncoats-discontent-rss-old-guard-trinamool-mamata-chief-secretary-cbi-narada-arrests-politics-of-vengeance-modi
965ef380971b3d999448d457c2b21d9a8ef83ae9f2dded001cb8050b20fc3140,2024-08-31 12:27:37.003192+00:00,en,indiatoday.in,indiatoday.in,2024-08-31,"Haryana polls: Battle for Dalit vote heats up as Mayawati, Chandrasekhar enter fray",https://www.indiatoday.in/opinion/story/haryana-polls-battle-for-dalit-vote-heats-up-as-mayawati-chandrasekhar-enter-fray-2591341-2024-08-31?utm_source=rss
469889d5f9e35335ae813d4ce29a7526163ab42c37b5afca034d2d9abbc134c5,2024-08-29 15:48:15.662186+00:00,en,indianexpress.com,indianexpress.com,2021-07-04,Governance needed urgently,https://indianexpress.com/article/opinion/columns/pm-narendra-modi-governance-covid-crisis-second-wave-7387933/
e7cce696b96b02b0b1084335097753f25c1df612b5eefd768f3b4979309c62f8,2024-08-29 09:47:20.360596+00:00,en,thequint.com,thequint.com,2021-07-08,Prime Minister Narendra Modi's New Cabinet: How Earlier Rejigs Helped BJP Make Caste-based Gains in UP,https://www.thequint.com/voices/opinion/prime-minister-narendra-modis-new-cabinet-data-earlier-rejigs-helped-bjp-make-caste-based-gains-in-up
04fd3b9ffe59c3cd217855211d562052f79e75f00b5699552fe0fd9e2860e306,2024-08-29 02:36:19.453227+00:00,en,thehindu.com,thehindu.com,2021-07-09,Should only elected legislators be eligible for chief ministership?,https://www.thehindu.com/opinion/op-ed/should-only-elected-legislators-be-eligible-for-chief-ministership/article35223517.ece
9afbc3efe197b255ce8ff3dd8a2b62fa12620d376d1491b5569288f1388d62b6,2024-08-28 23:24:16.816366+00:00,en,indiatoday.in,indiatoday.in,2021-07-15,"Rahul unwilling, Sonia disinclined, will Kamal Nath assume a national role in Congress?",https://www.indiatoday.in/news-analysis/story/rahul-unwilling-sonia-disinclined-will-kamal-nath-assume-a-national-role-in-congress-1828572-2021-07-15?utm_source=rss
b66741e3705539a21d221b6f002673e2a7a506b56d12f54c53eca65da2d44aba,2024-08-28 22:46:19.566185+00:00,en,thequint.com,thequint.com,2021-07-15,India Could Gain A Lot By Supporting Prime Minister Sher Bahadur Deuba Democracy in Nepal,https://www.thequint.com/voices/opinion/india-could-gain-a-lot-by-supporting-prime-minister-sher-bahadur-deuba-democracy-in-nepal-china
e1471bf3218fb49d31134367f6f2f96fa125612a18924603d969c9d44519c6e7,2024-08-28 19:55:46.385947+00:00,en,theprint.in,theprint.in,2020-06-24,How BJP has owned the national security issue and why China won't change that,https://theprint.in/opinion/bjp-owned-national-security-issue-china-wont-change-that/447554/
ae0ee6eed8cf507db96d9ade773df52e56b1a30da28b950643f148b8175a8a6b,2024-08-28 17:32:49.897372+00:00,en,hindustantimes.com,hindustantimes.com,2021-06-02,The Taste with Vir Sanghvi: Are the cracks beginning to show?,https://www.hindustantimes.com/opinion/the-taste-with-vir-sanghvi-are-the-cracks-beginning-to-show-101622634918011.html
8ac3cad3fa01a031f3cea5b982c9077d3a40977a664fb179c17dc98a50f92568,2024-08-28 12:01:23.096541+00:00,en,dnaindia.com,dnaindia.com,2021-07-23,Those who couldn't be MPs have created their own parliament,https://www.dnaindia.com/analysis/comment-those-who-couldn-t-be-mps-have-created-their-own-parliament-2902156
3674f2b2faaf7895b843b91afbfd618754bfbdbf0f14e7e64d3b105cfde03a6b,2024-08-27 18:37:21.015120+00:00,en,thequint.com,thequint.com,2021-08-04,"Even if BJP loses UP, it’ll be in the lead in 2022 Presidential polls",https://www.thequint.com/voices/opinion/even-if-bjp-loses-up-itll-be-in-the-lead-in-2022-presidential-polls
55a8977a4a3439734f5edc53c7b34cdc9c2ffafa378b1f86721a5f35aab6a232,2024-08-27 11:34:38.636737+00:00,en,ndtv.com,ndtv.com,2024-08-27,Why Does BJP Want A Change In Polling Date In Haryana,https://www.ndtv.com/opinion/why-does-bjp-want-a-change-in-polling-date-in-haryana-6428312
2dbf5a7d607c75d5bf9156c7e70de92f9348f0d21a0bb183874680e8c45be366,2024-08-27 01:28:21.609178+00:00,en,thequint.com,thequint.com,2021-08-14,"In 2023 Tripura Polls, Trinamool Must Look Beyond Banking On Mamata",https://www.thequint.com/voices/opinion/in-2023-tripura-polls-trinamool-must-look-beyond-banking-on-mamata
bc48bbbd05eae3c757ce85d38a9c8aaeac5e8146fc44ae67f45a7d73dc00e068,2024-08-26 20:01:50.931139+00:00,en,rediff.com,rediff.com,2021-08-18,Stalin's Religion Reality Check,https://www.rediff.com/news/column/god-can-be-electorally-disastrous-for-dmk/20210818.htm
34b5d9d3222695fc21c6bc7413b4f9b2fcd4e13c2f9b735e8f00430990a3e77c,2024-08-26 09:21:03.049452+00:00,en,indiatimes.com,indiatimes.com,2024-08-26,Reforms what?,https://timesofindia.indiatimes.com/blogs/toi-editorials/reforms-what/
16d01f5d3c055573522699b22fa4879026ef73c92fa09a2e30637f3039a1e23b,2024-08-25 22:19:31.177352+00:00,en,thehindu.com,thehindu.com,2024-08-26,The polity of J&K is at an inflection point,https://www.thehindu.com/opinion/op-ed/the-polity-of-jk-is-at-an-inflection-point/article68566225.ece
60096a73b81cf013001e4b04a6d5824d2c25fab6d983e5ed5e07b1f27ef5768f,2024-08-25 21:11:47.732448+00:00,en,indianexpress.com,indianexpress.com,2021-09-04,"BJP likely winner in UP, 3 states; hung house in Punjab: Opinion poll on next year’s elections",https://indianexpress.com/article/india/bjp-likely-winner-in-up-3-states-hung-house-in-punjab-opinion-poll-on-next-years-elections/
1927692333c34d1780f04238b2cdc78818492d663d75c62d9516746f5ce025e7,2024-08-25 18:41:51.227238+00:00,en,indianexpress.com,indianexpress.com,2021-09-06,"Public support strong for Japan’s Covid vaccine minister as next PM, says opinion poll",https://indianexpress.com/article/world/japan-prime-minister-race-taro-kono-coronavirus-vaccine-minister-7491495/
b6fb32b48eaccb70b3dd6a9a546d3e3720e53d1d2df0748795f7ce660b878132,2024-08-25 16:39:41.093091+00:00,en,indianexpress.com,indianexpress.com,2021-09-09,Caste of characters,https://indianexpress.com/article/opinion/editorials/uttar-pradesh-hindutva-vote-bank-bsp-caste-politics-7497422/
05fdd4e9d59ef8068c4982f0ee112b80297fb675e45c37505a8836f2cf7a513a,2024-08-25 15:20:07.476532+00:00,en,thehindu.com,thehindu.com,2021-09-08,"After Shiv Sena’s alliance with Congress and NCP, an ambivalent attitude to Hindutva and RSS",https://www.thehindu.com/news/national/analysis-after-shiv-senas-alliance-with-congress-and-ncp-an-ambivalent-attitude-to-hindutva-and-rss/article36353092.ece
dd8c3b9c50b57d2d7fc132954916e895b9b842d280ea6717cb164edd6055e436,2024-08-25 14:51:03.020698+00:00,en,indiatoday.in,indiatoday.in,2021-09-10,Why farmer unions are divided on keeping agitation apolitical and Delhi-centric,https://www.indiatoday.in/news-analysis/story/why-farmer-unions-are-divided-on-keeping-agitation-apolitical-and-delhi-centric-1851181-2021-09-10?utm_source=rss
00af1c535fa058b7f5c861e33456ca647d7235cff35de93cdd69549383555e26,2024-08-25 10:54:33.191997+00:00,en,indianexpress.com,indianexpress.com,2021-09-13,Shrinking the CM,https://indianexpress.com/article/opinion/editorials/gujarat-cm-bhupendra-patel-bjp-7504638/
09802deba4da8ec681c51e2f050ef9ccde74d59c827db245a50d076caebfb0ec,2024-08-25 10:52:09.266510+00:00,en,indiatimes.com,indiatimes.com,2021-09-13,"Gujarat makeover: BJP’s powerful central leadership detected a caste rumbling in its bastion, and took quick corrective action",https://timesofindia.indiatimes.com/blogs/toi-editorials/gujarat-makeover-bjps-powerful-central-leadership-detected-a-caste-rumbling-in-its-bastion-and-took-quick-corrective-action/
69cd02ddfc32dab163c3ec3f99499e7282b8b01320c359ab5c375f26df78441c,2024-08-24 10:25:03.010202+00:00,en,indiatoday.in,indiatoday.in,2021-03-01,Tamil Nadu elections starring Kamal Haasan. Can this Kamal bloom?,https://www.indiatoday.in/news-analysis/story/tamil-nadu-elections-starring-kamal-haasan-can-this-kamal-bloom-1774317-2021-03-01?utm_source=rss
4f0694db973e4cb8b2ebfb7b68f1d20b45c085bf6cd709ad7dbb72e4b1c1e342,2024-08-24 08:32:38.951298+00:00,en,indianexpress.com,indianexpress.com,2024-08-24,Why J&K assembly elections could end the domination of family-run parties,https://indianexpress.com/article/opinion/columns/why-jk-assembly-elections-could-end-the-domination-of-family-run-parties-9529974/
1d28da617fddbb8b49530963dccdcff9c4e8e0faf159f14eb7b5c7d3c8778856,2024-08-24 08:11:31.039893+00:00,en,opindia.com,opindia.com,2021-03-02,Rahul Gandhi has made his choice: He prefers street power to political power,https://www.opindia.com/2021/03/rahul-gandhi-congress-alliance-abbas-siddiqui-west-bengal-2021-election-analysis/
39ba0761896a995ede3041725a19bf7dc0452d416c05d89cfe6e44ff5363c9b3,2024-08-24 05:58:33.857347+00:00,en,thequint.com,thequint.com,2021-03-03,"Bengal Elections 2021: For BJP, Will 2021 Prove to be a 2014 Throwback?",https://www.thequint.com/voices/opinion/bengal-elections-bjp-strategy-trinamool-mamata-banerjee-prashant-kishor-challenges
660a595890694180d976c2250dc59737af9d14407679f3463199063168fbc289,2024-08-24 00:24:49.625274+00:00,en,thequint.com,thequint.com,2021-03-05,"West Bengal Elections 2021: Trinamool Congress Candidate List: Celebrities In Tough Seats, Power Wives, SC Representation & More",https://www.thequint.com/news/politics/west-bengal-elections-2021-trinamool-candidate-list-analysis-celebrities-in-tough-seats-power-wives-and-more
36a3187e909bd2093ff88f40e3d876ed752032038b7834289ffc0e8352a74339,2024-08-24 00:14:18.035052+00:00,en,thehindu.com,thehindu.com,2021-03-05,TN Assembly polls: Analysis,https://www.thehindu.com/elections/tamil-nadu-assembly/tn-assembly-polls-analysis-a-litmus-test-for-aiadmk-and-dmk/article33999195.ece
da2bc621bcf81713e74a53b497db15b442bd825cc74bc7253792b6b3e99f04c4,2024-08-23 22:25:42.978313+00:00,en,thequint.com,thequint.com,2021-03-06,Assam Elections 2021: Is it Too Late for the Congress to Catch Up?,https://www.thequint.com/voices/opinion/assam-elections-2021-congress-bjp-amit-shah-rahul-gandhi-modi-govt-rss
88640b48067df02a16a23eb9558ceeb6caa8cda37765942b80a37e45ecdeed44,2024-08-23 20:13:05.544306+00:00,en,thequint.com,thequint.com,2021-03-08,"Bengal Elections 2021: In Bengal 2021, are BJP and Mamata’s Trinamool Both Playing it Safe?",https://www.thequint.com/voices/opinion/modi-mamata-banerjee-election-campaigns-west-bengal-2021-assembly-polls-strategy
cc524285461575e4a90284a64e94109030ec72686d5eb29633d7192e5df43ee2,2024-08-23 17:11:00.507661+00:00,en,thequint.com,thequint.com,2021-03-09,"Bengal Polls 2021: In Bengal, Will Modi Factor Alone Help BJP Oust Mamata’s TMC?",https://www.thequint.com/voices/opinion/bengal-elections-2021-mamata-anti-incumbency-bjp-suvendu-adhikari-challenges-minority-vote-split
3b7a237bf4b842b4bb642c948cc0f7569288465ca7c6976d92eeef32973d0488,2024-08-23 11:40:12.789993+00:00,en,ndtv.com,ndtv.com,2024-08-23,Can The BJP Survive The Growing Jat Discontent In Haryana,https://www.ndtv.com/opinion/can-the-bjp-survive-the-growing-jat-discontent-in-haryana-6400692#publisher=newsstand
ad76fec930adaf1f4d815a27ba9725bd3203bd3ebb9cc4e3470da4c366c0e11a,2024-08-22 22:45:01.232010+00:00,en,indiatimes.com,indiatimes.com,2021-03-12,View: A frank opinion on opinion polls,https://economictimes.indiatimes.com/news/politics-and-nation/view-a-frank-opinion-on-opinion-polls/articleshow/81472335.cms
d283a0a9d173d0de545cf5255b402bf59738308f5da056348ce9c90b254523f0,2024-08-22 20:30:30.373068+00:00,en,rediff.com,rediff.com,2024-08-22,Hard Choice Modi Must Make,https://www.rediff.com/news/column/nilanjan-mukhopadhyay-hard-choice-modi-must-make/20240822.htm
a87b4d1e668380ff49d6cf69726e8b7ba616a7f6295ab1d42a1dc8684b6d7d24,2024-08-22 19:58:36.261858+00:00,en,theprint.in,theprint.in,2020-11-27,Why Hyderabad's municipal polls are key to decoding BJP's approach to politics,https://theprint.in/opinion/why-hyderabads-municipal-polls-are-key-to-decoding-bjps-approach-to-politics/552824/
2d1e8443d2066e668fd21f3b1b9c74475db280f87113e04b26e614393f43741e,2024-08-22 19:54:46.722937+00:00,en,thehindu.com,thehindu.com,2018-04-24,In the absence of populism,https://www.thehindu.com/opinion/op-ed/in-the-absence-of-populism/article23650236.ece
52e95020190bda802d632b539f0d6d68c5ac00ef0672734db6f821a2c0b40e81,2024-08-22 19:54:41.398275+00:00,en,theprint.in,theprint.in,2020-07-06,BJP didn’t acquire Scindia just for power. It’s also to keep Shivraj Singh Chouhan in check,https://theprint.in/opinion/bjp-didnt-acquire-scindia-just-for-power-its-also-to-keep-shivraj-singh-chouhan-in-check/455079/
3890f9bfa0757fad4c48ca133d9bc0e6a89353add14e992700c9de9378e1641e,2024-08-22 19:53:55.304899+00:00,en,theprint.in,theprint.in,2020-10-13,Modi-Shah’s BJP needs a new ‘enemy’ for Bihar election. Pakistan and Sushant won't work,https://theprint.in/opinion/politricks/modi-shahs-bjp-needs-a-new-enemy-for-bihar-election-pakistan-and-sushant-wont-work/522358/
f1b8fd874f9c3903b4cf36fb98cacd5c8cff3346f76dd66ee7ac21d8dd11afa6,2024-08-22 19:11:30.628983+00:00,en,ndtv.com,ndtv.com,2021-03-15,"Mamata, Leg In Plaster, Could Hurt BJP's Campaign",https://www.ndtv.com/opinion/mamata-leg-in-plaster-could-hurt-bjps-campaign-2390894
fd26cd2b0cda60a2f9b17da8bf3a9786666aad9af5b94fd8fd1d903692edb1e6,2024-08-22 15:21:25.969966+00:00,en,ndtv.com,ndtv.com,2024-08-22,Real Challenge In J And Haryana Polls Will Come From Local Issues,https://www.ndtv.com/opinion/bjps-real-challenge-in-j-k-and-haryana-will-come-from-local-issues-6394582
b2c241f1499ef4f565de4df7a7189c9a86ae0c7edffb520a8a239801ac14f99e,2024-08-22 15:11:43.601186+00:00,en,rediff.com,rediff.com,2021-03-17,Is the BJP inching closer to Bengal?,https://www.rediff.com/news/column/is-the-bjp-inching-closer-to-bengal/20210317.htm
3d086b20ea36406c822e002826d5cde3a24cb68fe56ac749ac55fbabbbf5c77e,2024-08-22 14:45:29.668536+00:00,en,indiatoday.in,indiatoday.in,2021-03-17,Cash doles standout in Mamata manifesto for Bengal polls,https://www.indiatoday.in/news-analysis/story/quick-analysis-cash-doles-standout-in-mamata-manifesto-for-bengal-polls-1780438-2021-03-17?utm_source=rss
1cc07eeb6b953568c2b2878a404bb2de45953758d0d51df481b69feaa4195ed0,2024-08-22 12:38:43.240532+00:00,en,indianexpress.com,indianexpress.com,2021-03-18,A Test of Faith: Polls Amidst Pandemic,https://indianexpress.com/article/opinion/columns/assembly-polls-ec-model-code-of-conduct-7234611/
71326cc1846c38df40707ec5df4b8ffd5746d643b0fa2852c04d8eaf2a999203,2024-08-22 11:57:03.006950+00:00,en,indiatimes.com,indiatimes.com,2021-03-19,"The women’s vote: Political signalling to them has sharpened. But talk economic growth too, that’s what’s truly transformative",https://timesofindia.indiatimes.com/blogs/toi-editorials/the-womens-vote-political-signalling-to-them-has-sharpened-but-talk-economic-growth-too-thats-whats-truly-transformative/
2ef48e69cbecd9f708d7a8a5816e58f1d9bb432ab93a706eeaf546dcd160661b,2024-08-22 07:15:26.183389+00:00,en,indianexpress.com,indianexpress.com,2021-03-22,The Election Commission of India was built on public trust,https://indianexpress.com/article/opinion/columns/election-commission-of-india-autonomy-powers-7238870/
be12dc9587730ed1fa75502eddb7c0322de1871893ecbc28b087ad6266b775a9,2024-08-22 05:22:24.871766+00:00,en,thehindu.com,thehindu.com,2021-03-22,The ground report in the Assam duel,https://www.thehindu.com/opinion/lead/the-ground-report-in-the-assam-duel/article34125761.ece
1c229ea9d25c3748ecdfbd373d3059cbf4024a11e118b94d41289884e1bd606c,2024-08-22 04:56:42.459318+00:00,en,ndtv.com,ndtv.com,2021-03-23,"Opinion: Why, At 83, I Joined Mamata's Trinamool",https://www.ndtv.com/opinion/why-at-83-i-joined-mamatas-trinamool-by-yashwant-sinha-2396971
cccf36a816cde240e712913b3a10e687a3ff07e8aff0d483cd31de96bdf613c3,2024-08-22 04:35:34.337022+00:00,en,indiatoday.in,indiatoday.in,2021-03-23,"Tamil Nadu polls: Kamal Haasan's Coimbatore bid against BJP, Congress not surprising",https://www.indiatoday.in/news-analysis/story/tamil-nadu-polls-kamal-haasan-coimbatore-bid-against-bjp-congress-not-surprising-1782685-2021-03-23?utm_source=rss
fba5dc3417cedc4c2d58ff9d3e9bfb486132eb1f297f842fc9a51bb45f5e7e53,2024-08-22 04:33:26.260865+00:00,en,thequint.com,thequint.com,2021-03-23,"Assam and Bengal Elections 2021: Why Assam, Not Bengal, Will Decide Fate of BJP and its CAA NRC Bid",https://www.thequint.com/voices/opinion/assam-bengal-2021-elections-modi-bjp-government-mamata-banerjee-caa-nrc-challenges-anti-incumbency
3197189e7724ca674c33493cb08c479e581d3a1bd79f3890232cb8ba5b0fa89f,2024-08-21 18:46:55.971738+00:00,en,thehindu.com,thehindu.com,2021-03-29,"Letters to the Editor — March 29, 2021",https://www.thehindu.com/opinion/letters/letters-to-the-editor-march-29-2021/article34185039.ece
fd8ff8fda92194ad567a998fa1192e8e034ff88546d3a340390973d065a3c491,2024-08-21 16:26:49.650359+00:00,en,thehindu.com,thehindu.com,2021-03-20,"Letters to the Editor — March 20, 2021",https://www.thehindu.com/opinion/letters/letters-to-the-editor-march-20-2021/article34112187.ece
18932b0ce5e2b4915b9044dc333c0f866cdd117281dc64919ec2d387708fc74e,2024-08-21 13:29:09.228801+00:00,en,indianexpress.com,indianexpress.com,2021-03-31,West Bengal has a history of proving pollsters wrong. Will BJP be surprised this time?,https://indianexpress.com/article/opinion/columns/west-bengal-assembly-elections-results-mamata-banerjee-bjp-tmc-clash-7251916/
92b0df948f66d762f3d05b618dce79cc6321f8dab3d8cea44cf480d4b9ff6c20,2024-08-21 04:22:42.104599+00:00,en,indiatimes.com,indiatimes.com,2021-02-03,Coup in Myanmar: A balanced outreach to the generals demanding democracy’s restoration is warranted,https://timesofindia.indiatimes.com/blogs/toi-editorials/coup-in-myanmar-a-balanced-outreach-to-the-generals-demanding-democracys-restoration-is-warranted/
ac175412c86205e33ade601632bc3eeeb2d435919b202f440042a07429784302,2024-08-21 00:56:37.252614+00:00,en,indiatoday.in,indiatoday.in,2021-02-04,Will BJP's 'Parivartan Yatra' change its electoral fortune in Bengal?,https://www.indiatoday.in/news-analysis/story/will-bjp-bengal-parivartan-yatra-change-its-electoral-fortune-1766016-2021-02-04?utm_source=rss
701cecc4287f32e542bf25a1cbedbd8b3f1e4ccd3c2ae829dad78ee6c826f62e,2024-08-20 21:30:46.443953+00:00,en,thequint.com,thequint.com,2021-02-06,Bengal Election Can Leave Society Fractured Like Never Before,https://www.thequint.com/voices/opinion/bengal-election-society-fractured-mamata-bjp-communal-caste-vote-bank
6d7f7847cb5931d9ec55c17f0a8cd5eebffdee563de3780e7038de327fe0cc05,2024-08-20 20:39:55.615685+00:00,en,indiatoday.in,indiatoday.in,2021-02-07,Bengal election sets off rush for Muslim votes. Should BJP be happy?,https://www.indiatoday.in/news-analysis/story/west-bengal-elections-rush-for-muslim-votes-should-bjp-be-happy-1766708-2021-02-07?utm_source=rss
89995d73e08fab8c8b14f45533c9671b21f63cbafec405cd2dc68dc54ecac698,2024-08-20 16:57:00.866876+00:00,en,indianexpress.com,indianexpress.com,2021-02-09,The draft law prepared by the Congress in Kerala on Sabarimala reeks of electoral populism,https://indianexpress.com/article/opinion/editorials/sabarimala-kerala-assembly-polls-supreme-court-congress-7180221/
cab95e21ba00e4ce114b927ce8cc893d5cf3335598e111e185202bd7044b3b54,2024-08-20 14:02:30.497740+00:00,en,thequint.com,thequint.com,2021-02-10,Bihar Cabinet Now Has Shahnawaz Hussain: BJP’s Change Of Strategy?,https://www.thequint.com/voices/opinion/shahnawaz-hussain-bjp-jdu-bihar-cabinet-muslim-community-vote-bank-politics-election-strategy
3614005f0ba9abc048c16ab451be3c6fd49d382769950226aecade8c3cfdb07d,2024-08-20 13:30:15.393425+00:00,en,thehindu.com,thehindu.com,2021-02-11,Duverger’s curse: The odds are stacked against the Left-Congress alliance in West Bengal,https://www.thehindu.com/opinion/op-ed/duvergers-curse-the-odds-are-stacked-against-the-left-congress-alliance-in-west-bengal/article33804021.ece
faaccfe144c8cc8cbffea913e37c79076342824ac5f0dd981c6c6eae6f8c515f,2024-08-20 13:28:15.827697+00:00,en,thehindu.com,thehindu.com,2021-02-11,Duverger’s curse: The odds are stacked against the Left-Congress alliance in West Bengal,https://www.thehindu.com/opinion/op-ed/duvergers-curse/article33804021.ece
32375fbf33fc5eb50cf2d0fc21ca298b0cc285829a5765f4b371ce92dba50717,2024-08-20 10:18:26.787184+00:00,en,ndtv.com,ndtv.com,2024-08-20,Will J Turn The Trend And Deliver a Clear Mandate This Election,https://www.ndtv.com/opinion/will-j-k-turn-the-trend-and-deliver-a-clear-mandate-this-election-6376999
34c0e5fdf04944b272f1d21af629a6ee909f6e6ef335d699012ec08a2403d2f1,2024-08-20 02:26:57.159556+00:00,en,indiatoday.in,indiatoday.in,2021-02-17,Who will be Bengal chief minister if BJP wins assembly election?,https://www.indiatoday.in/news-analysis/story/who-will-be-bengal-chief-minister-if-bjp-wins-assembly-election-1770128-2021-02-17?utm_source=rss
c8f56de9854dc67274450ae754bebcaf97de2f11e3362f5d428593c2fcee6511,2024-08-20 00:11:44.887499+00:00,en,rediff.com,rediff.com,2021-02-18,"Mr Modi, it's time to pay back middle class on fuel prices",https://www.rediff.com/business/column/sudhir-bisht-mr-modi-time-to-pay-back-middle-class-on-fuel-prices/20210218.htm
ca5960f5282dd5320dcda3d9d7a2a07db35f53299cc28005d9e032b46ebd4c28,2024-08-19 17:24:56.355912+00:00,en,hindustantimes.com,hindustantimes.com,2024-08-19,"J&K will finally have polls, but what after?",https://www.hindustantimes.com/opinion/jk-will-finally-have-polls-but-what-after-101724083059430.html
e328f276af1b527121d37d024dc4677dfcd32ee9fc382e1c2f9dffa980f4be63,2024-08-19 09:39:00.187814+00:00,en,thehindu.com,thehindu.com,2021-02-25,Suu Kyi’s many dilemmas,https://www.thehindu.com/opinion/op-ed/suu-kyis-many-dilemmas/article33926915.ece
1c64a883031fbd78a1f7a362e820989f9b645199acf847165aeb7395761fc0c3,2024-08-19 08:38:32.399755+00:00,en,india.com,india.com,2021-02-26,DNA Exclusive: Analysis of election that can change India's political future,https://zeenews.india.com/india/dna-exclusive-analysis-of-election-that-can-change-indias-political-future-2344631.html
d45805e7cf290e0d9cb554acada0fb57c330bfcc3050235713f4bd252a56c8e2,2024-08-18 20:18:34.582562+00:00,en,thehindu.com,thehindu.com,2024-08-19,​Two States: The Hindu Editorial on elections to Jammu and Kashmir and Haryana,https://www.thehindu.com/opinion/editorial/%E2%80%8Btwo-states-the-hindu-editorial-on-elections-to-jammu-and-kashmir-and-haryana/article68539796.ece
310a91f99b5445f3ee9826de8d7902acf5f70643afe38046e2929e71937aea6e,2024-08-18 19:21:44.046301+00:00,en,hindustantimes.com,hindustantimes.com,2024-08-18,Harris’s candidacy is a symbol of US progress,https://www.hindustantimes.com/opinion/harriss-candidacy-is-a-symbol-of-us-progress-101724003742650.html
f9a18bc081122becb3abe90af7dc9b319082e764f14c9b04d3ce1c4d6393bfd7,2024-08-17 14:23:19.645430+00:00,en,thequint.com,thequint.com,2024-08-17,'Secular' Civil Code is Modi's Bid to Placate His Allies Over a Polarising Issue,https://www.thequint.com/opinion/ucc-uniform-civil-code-secular-civil-code-is-modis-bid-to-placate-nda-allies-over-polarising-issue
27491f0dc02e8391804de547779759fe7ce2bfb19fca1a770119898201652510,2024-08-17 11:15:29.299488+00:00,en,thequint.com,thequint.com,2020-12-30,Why Indian Americans In Georgia Are Going All Out To Control Senate,https://www.thequint.com/voices/opinion/united-states-georgia-senate-election-democrats-indian-americans-canvassing-for-biden-harris-regime
d75a2c637d4e27bcb5189c704be8eb4fd585b393d6860ae4b1f396f33de09be1,2024-08-17 07:47:53.966224+00:00,en,theprint.in,theprint.in,2020-09-08,"Vaccinating Indians against Covid? We should be talking days, not years",https://theprint.in/opinion/vaccinating-indians-against-covid-we-should-be-talking-days-not-years/497737/
70e8bf00c2be8de4372366237e1f63ddce65a714d2df13c62b28225faf4f750d,2024-08-17 04:18:32.944161+00:00,en,indianexpress.com,indianexpress.com,2024-08-17,Express View on announcement of J&K polls: Long overdue,https://indianexpress.com/article/opinion/editorials/express-view-on-announcement-of-jk-polls-long-overdue-9518292/
cc1eb586ccb92897265a0bdb0c5f8ab2fdc411ce9cae5cf0fb3f38fb88d4bd6a,2024-08-16 19:57:27.457110+00:00,en,theprint.in,theprint.in,2021-01-12,Malaysia power play crosses line as state of emergency declared,https://theprint.in/opinion/malaysia-power-play-crosses-line-as-state-of-emergency-declared/584097/
62514e6e104e8c4d4b3f6256fd466107014842a084f4145b31482a34ea5a08ab,2024-08-16 16:34:46.716271+00:00,en,hindustantimes.com,hindustantimes.com,2024-08-16,"State polls, with national fallout",https://www.hindustantimes.com/editorials/state-polls-with-national-fallout-101723823801225.html
1471f2d33a3bd9b326086b44a3a8e9493dcdbca3bfa8ab03a4217a6c27c5c1dc,2024-08-16 05:54:56.439751+00:00,en,theprint.in,theprint.in,2020-12-07,Five lessons for Rahul Gandhi from what Machiavelli said 500 years ago,https://theprint.in/opinion/politically-correct/five-lessons-for-rahul-gandhi-from-what-machiavelli-said-500-years-ago/561842/
40f7059551d5d85ac76e68b27ad6ab5e6de100ef030a0412170426c0c54fb8f3,2024-08-16 02:21:12.227970+00:00,en,thequint.com,thequint.com,2021-01-25,Assam Elections 2021: Is Congress Self Sabotaging By Uniting With AIUDF?| OPINION,https://www.thequint.com/voices/opinion/assam-elections-hindu-muslim-polarisation-congress-grand-alliance-aiudf-bjp-nda-issue-of-illegal-migrants
7b53f4e212a6bb2300c5d7308ce9e2f1788c728f0078105cdec3142bfba20b27,2024-08-15 21:20:56.002649+00:00,en,indiatoday.in,indiatoday.in,2021-01-27,How Mamata plans to reach out to Hindi-speaking voters amid ‘Bengalis vs outsiders’ narrative,https://www.indiatoday.in/news-analysis/story/how-mamata-plans-to-reach-out-to-hindi-speaking-voters-amid-bengalis-vs-outsiders-narrative-1763369-2021-01-27?utm_source=rss
8a9c151ecb413d18ec3e54e9fa6f99e4890d89ea07c3b82fa5cb526da75b42e5,2024-08-14 20:30:49.124233+00:00,en,rediff.com,rediff.com,2024-08-14,"Who Will Vote For Vijay, And Why?",https://www.rediff.com/news/column/n-sathiya-moorthy-who-will-vote-for-vijay-and-why/20240814.htm
0a69f91a1129b07df30dda1b1e4a87acbf3469e1076c1548cd341a93cace3fb9,2024-08-12 17:29:24.321737+00:00,en,hindustantimes.com,hindustantimes.com,2024-08-12,Why Bangladesh didn’t go the Sri Lanka way,https://www.hindustantimes.com/opinion/why-bangladesh-didn-t-go-the-sri-lanka-way-101723478174680.html
c434b5f0c289139c97e178df9986f5877fdf064720494e8be7e2c20378ceced4,2024-08-12 06:22:15.392002+00:00,en,ndtv.com,ndtv.com,2024-08-12,"Maharashtra Polls: Congress, Pawar Bargain Hard with Uddhav",https://www.ndtv.com/opinion/opinion-maharashtra-polls-congress-sharad-pawar-negotiate-hard-with-uddhav-thackeray-6318361
88f5bd2cc4c0585dd8a0bd15d85eb97c93427205407ddefc24396a9eba7834f2,2024-08-05 16:27:45.139306+00:00,en,hindustantimes.com,hindustantimes.com,2024-08-05,"In Venezuela, a long night of dictatorship & decline",https://www.hindustantimes.com/opinion/in-venezuela-a-long-night-of-dictatorship-decline-101722872065772.html
88a72f573311b21b6aa145703f3ca12a560bd4d07a93018b72be061803e1817d,2024-08-05 03:28:25.559223+00:00,en,indianexpress.com,indianexpress.com,2024-08-05,"August 5, 2024: Five years on, did ending special status for Jammu & Kashmir achieve its ends?",https://indianexpress.com/article/opinion/editorials/august-5-2024-five-years-on-did-ending-special-status-for-jammu-kashmir-achieve-its-ends-9495140/
b1736ceda0a3d510f4fc7402223668007db8ebf0f0cc2ff85fcc8ff4763bdcc8,2024-08-03 09:28:05.644067+00:00,en,indianexpress.com,indianexpress.com,2021-12-03,How reforms are building momentum for ‘India’s century’,https://indianexpress.com/article/opinion/columns/reforms-building-momentum-india-century-7651608/
6acd90bae6b12ca2168659bb48f427bc6ff60c67a472039e7fed27a3f1351e27,2024-08-03 09:19:06.017809+00:00,en,thehindu.com,thehindu.com,2021-12-06,"In Tamil Nadu, the AIADMK is distanced from political reality",https://www.thehindu.com/opinion/op-ed/in-tamil-nadu-the-aiadmk-is-distanced-from-political-reality/article37858093.ece
38aabb956b5e569d6fb824dcdd04ed5595fe0877d10ddc7b3f2813dd50538cec,2024-08-03 09:19:03.138863+00:00,en,thehindu.com,thehindu.com,2021-12-10,Getting a handle on the battle for Uttar Pradesh,https://www.thehindu.com/opinion/op-ed/getting-a-handle-on-the-battle-for-uttar-pradesh/article37918196.ece
2f2db8d0def4027ff60cab03ad95ec87901686b78246137d7c2f0352d11ce274,2024-08-03 09:18:59.838697+00:00,en,thehindu.com,thehindu.com,2021-11-10,"In U.P., a missing tango and the BJP’s waltz",https://www.thehindu.com/opinion/lead/in-up-a-missing-tango-and-the-bjps-waltz/article37407614.ece
c4e03f5cad72767003e934f9168f0e1aee73ec201dbf7574aebda6b73eb3148d,2024-08-03 07:25:43.931348+00:00,en,ndtv.com,ndtv.com,2024-08-03,Opinion: Learnings From A Collaborative Effort To Protect Democracy From Misinformation,https://www.ndtv.com/opinion/learnings-from-a-collaborative-effort-to-protect-democracy-from-misinformation-6253551
9a0fc1431220547847ad0467d831a46fe523a7946ba2038310eeb546b11ab80c,2024-08-01 19:55:12.404231+00:00,en,indiatoday.in,indiatoday.in,2022-01-14,"CM Yogi from Ayodhya, PM Modi from Kashi: Double impact Hindutva gaadi in UP",https://www.indiatoday.in/opinion-columns/story/yogi-ayodhya-pm-modi-kashi-hindutva-up-1900019-2022-01-14?utm_source=rss
1e3ddde315a9ca9ba9640470a62179f961e2205c6374fee827f5db57f130108d,2024-08-01 14:02:09.414655+00:00,en,indiatoday.in,indiatoday.in,2022-01-17,Explained: The missing diaspora in Punjab 2022 elections,https://www.indiatoday.in/news-analysis/story/aap-bjp-nris-punjab-2022-assembly-elections-1900997-2022-01-17?utm_source=rss
ed75f04db36dbcb35fe7eebcbb0ac1a77adb21710ff1f098964ea8c3d93d7f98,2024-08-01 09:35:43.789932+00:00,en,india.com,india.com,2022-01-19,Can Akhilesh Dethrone Yogi in Uttar Pradesh? Watch Zee News Opinion Poll LIVE At 6 PM,https://www.india.com/uttar-pradesh/uttar-pradesh-election-opinion-poll-results-2022-live-updates-zee-news-janta-ka-mood-most-popular-cm-yogi-adityanath-akhilesh-yadav-bjp-congress-samajwadi-party-priyanka-gandhi-5193617/
f15c06811f321ab58248b8cf6d55f934e8dc5b17737f59b9fd524e7632f128b1,2024-08-01 09:12:00.546098+00:00,en,indiatoday.in,indiatoday.in,2022-01-19,Mandal not kamandal driving 2022 Uttar Pradesh Assembly polls,https://www.indiatoday.in/elections/uttar-pradesh-assembly-polls-2022/story/mandal-not-kamandal-driving-2022-uttar-pradesh-assembly-polls-opinion-bjp-1901766-2022-01-19?utm_source=rss
58594d36df827676912217c62c2bd9a960e32a413291a4fbcb67ef451fc495fe,2024-08-01 09:10:18.885533+00:00,en,thequint.com,thequint.com,2022-01-19,UP Polls 2022: OBC Churn’s Lesson for BJP – Shed the Upper-Caste Mindset,https://www.thequint.com/voices/opinion/up-polls-obc-churns-lesson-for-bjp-shed-the-upper-caste-mindset
c30d6ec0dec540e55ac854b024f551b8da304598554a30f4004aac0ed6b5b54c,2024-08-01 00:28:51.229940+00:00,en,thehindu.com,thehindu.com,2022-01-24,Decoding the 2022 elections and the script for 2024,https://www.thehindu.com/opinion/op-ed/decoding-the-2022-elections-and-the-script-for-2024/article38315294.ece
ea11731f9894f1d229e7239dcd92834915f0d64322db2b98a19186bb93d98cf0,2024-07-31 21:25:57.429782+00:00,en,thehindu.com,thehindu.com,2024-08-01,The BJP’s factionalism problem,https://www.thehindu.com/opinion/op-ed/the-bjps-factionalism-problem/article68469127.ece
e8073d9db47c530914aba889294d179c0f7e452cef79907121003024551e42c1,2024-07-30 19:53:33.583746+00:00,en,thehindu.com,thehindu.com,2024-07-31,A licence raj for digital content creators,https://www.thehindu.com/opinion/lead/a-licence-raj-for-digital-content-creators/article68465662.ece
425d047b1e153e05fcb274bef97392df6d8c7e91f0c66bdaf32d71a89b943f2f,2024-07-30 19:53:23.590715+00:00,en,thehindu.com,thehindu.com,2024-07-31,Duality — understanding Indian voter behaviour,https://www.thehindu.com/opinion/op-ed/duality-understanding-indian-voter-behaviour/article68465710.ece
2524e54eb545ac3e8c1e5d51ef07b4f0b9d3a7c7d5547630b83459d95d210c75,2024-07-27 17:25:13.566197+00:00,en,hindustantimes.com,hindustantimes.com,2024-07-27,How Kamala Harris reshaped the US election,https://www.hindustantimes.com/opinion/how-kamala-harris-reshaped-the-us-election-101722095541447.html
075b69308960089db4a640aecc596d3c5e392574be2a58de648ac90f732c9c04,2024-07-23 20:35:33.070611+00:00,en,dnaindia.com,dnaindia.com,2024-07-23,Conventions and campaigns: Journey to the US Presidential nomination and election,https://www.dnaindia.com/analysis/report-conventions-and-campaigns-journey-to-the-us-presidential-nomination-and-election-3098048
f65e0340e38825162f4b3f9ef796f3e5d50edab3eb566f26acfcd9309ab5655a,2024-07-23 03:20:44.263719+00:00,en,ndtv.com,ndtv.com,2024-07-22,"Budget 2024: Don't Ignore The Tax-Squeezed Middle Class, Again",https://www.ndtv.com/opinion/can-budget-fy25-meet-the-expectations-of-a-restless-middle-class-6159542
daf6f5aebfe452c646e4a7baef9197c77a9b0f16b78ee255a94ff80c1a240670,2024-07-22 07:26:00.187561+00:00,en,thequint.com,thequint.com,2024-07-22,The Budget is the First Opportunity for Modi Sarkar to Make Some Serious Amends,https://www.thequint.com/opinion/the-budget-is-the-first-opportunity-for-modi-sarkar-to-make-some-serious-amends
858a352133a7d5762c49ea24407209c145c2d8f63da113ffab2c5893bd8515ca,2024-07-21 20:32:39.222177+00:00,en,indiatoday.in,indiatoday.in,2024-07-21,Opinion: BJP looks for redemption in high-stakes UP bypolls amid INDIA bloc's charge,https://www.indiatoday.in/opinion/story/up-bypolls-bjp-india-bloc-samajwadi-party-akhilesh-yadav-congress-2569835-2024-07-21?utm_source=rss
6d56868fe4ffb1b0ffedc3d163f2aeedc093d3c2fe32d498228d05f22c109520,2024-07-19 17:20:28.309905+00:00,en,hindustantimes.com,hindustantimes.com,2024-07-19,Iran’s new President and the art of complexity management,https://www.hindustantimes.com/opinion/irans-new-president-and-the-art-of-complexity-management-101721403179524.html
2143e79697acbbac5d23d1c9cd398d41739872726500043b7bd10281264a7866,2024-07-18 18:21:25.068128+00:00,en,hindustantimes.com,hindustantimes.com,2024-07-18,Can Pakistan break the army’s shackles?,https://www.hindustantimes.com/opinion/can-pakistan-break-the-army-s-shackles-101721316874204.html
6ef9b1eef80554e86e7d84c2e45fe6b98b5ba05d91ed369a6dadeca4f00d5452,2024-07-17 17:28:45.697132+00:00,en,hindustantimes.com,hindustantimes.com,2024-07-17,"Crafting official history, making official memory",https://www.hindustantimes.com/opinion/crafting-official-history-making-official-memory-101721230688594.html
aaaa0f61712ff10451d5139f3936b0477a0d5559771372055f199f601d45d6b4,2024-07-16 17:18:24.606798+00:00,en,hindustantimes.com,hindustantimes.com,2024-07-16,"Needed, a reframing of the debate on jobs",https://www.hindustantimes.com/opinion/needed-a-reframing-of-the-debate-on-jobs-101721143219042.html
f7f4cbc2abda713be57341cc7334fec081c31d3f98dbefab887dbfa515a1f7f3,2024-07-16 17:17:20.301468+00:00,en,hindustantimes.com,hindustantimes.com,2024-07-16,Lessons for the BJP in Bengal bypoll losses,https://www.hindustantimes.com/opinion/lessons-for-the-bjp-in-bengal-bypoll-losses-101721143281008.html
07bebb24fa894faa1afe470ccec8c9a2672094139fdeda45226ea3d6aa6b336b,2024-07-16 04:31:52.448993+00:00,en,indianexpress.com,indianexpress.com,2024-07-16,"Message from Lok Sabha elections, bypolls — it’s time to safeguard the federal structure",https://indianexpress.com/article/opinion/columns/message-from-lok-sabha-elections-bypolls-its-time-to-safeguard-the-federal-structure-9455295/
655139b3b28dcc3a440c5ad733e842a8326ffaac9d96313ef734d31d64d9ea58,2024-07-16 04:27:15.991615+00:00,en,indianexpress.com,indianexpress.com,2024-07-16,RBI unlikely to pivot on rates,https://indianexpress.com/article/opinion/editorials/rbi-unlikely-to-pivot-on-rates-9455271/
c216f84686a3334cf259f0a364fc1a5ded4f272752a561617c5c1b736e8402b6,2024-07-15 12:22:30.823237+00:00,en,ndtv.com,ndtv.com,2024-07-15,"Setback In Maharashtra, Gains In Bypolls: INDIA Bloc Gets A Mixed Bag",https://www.ndtv.com/opinion/setback-in-maharashtra-gains-in-bypolls-india-bloc-gets-a-mixed-bag-6110255
d44c06434afc9bfe19e627884a1a27631edf298ee3cfc0926101bc5e4afa82a6,2024-07-15 09:22:56.535542+00:00,en,thequint.com,thequint.com,2024-07-15,"Bypolls: BJP Losing Ground in Bengal, Congress Slowly Gaining in Hindi Heartland",https://www.thequint.com/opinion/bjp-congress-india-bloc7-takeaways-from-the-13-bypolls-across-7-states
07302e478c179cc557ec37b05393101456909286c437fdf412535eaa01fd2000,2024-07-14 21:19:34.018803+00:00,en,thehindu.com,thehindu.com,2024-07-15,There is only some good electoral news,https://www.thehindu.com/opinion/lead/there-is-only-some-good-electoral-news/article68403712.ece
a5828e3d28ae3e2b223de36efba1f6f6806027dea6286479049213755bbca7ef,2024-07-14 21:19:24.187506+00:00,en,thehindu.com,thehindu.com,2024-07-15,​Restoring a verdict: The Hindu Editorial on the Assembly by-poll results,https://www.thehindu.com/opinion/editorial/%E2%80%8Brestoring-a-verdict-the-hindu-editorial-on-the-assembly-by-poll-results/article68403346.ece
076183cdb55de03da2d086e930d90e7c88d77ea8e0c7d72998c8ee461e900f55,2024-07-14 16:19:50.005304+00:00,en,indiatoday.in,indiatoday.in,2024-07-14,"Opinion: Delhi speculates about BRS-BJP friendship, Hyderabad is cold to the idea",https://www.indiatoday.in/opinion/story/delhi-speculates-about-brs-bjp-friendship-hyderabad-is-cold-to-the-idea-2566631-2024-07-14?utm_source=rss
bc1d80efe3836c58d9db353322075cc5b97aa814b69f4199b63a260e011e015e,2024-07-13 18:18:44.714261+00:00,en,hindustantimes.com,hindustantimes.com,2024-07-13,A Biden-sized problem for the US Democrats,https://www.hindustantimes.com/opinion/a-biden-sized-problem-for-the-us-democrats-101720885452210.html
ba255a486ec48c7e3ddab280e09a93d3a4e3cc5fcbd6301197cf045aca2fa92f,2024-07-13 18:17:14.680301+00:00,en,hindustantimes.com,hindustantimes.com,2024-07-13,Three lessons for Indian politics from British polls,https://www.hindustantimes.com/opinion/three-lessons-for-indian-politics-from-british-polls-101720885439136.html
95774647225243febe3a88b7f7972666518e2d32e65550a8656f3e8966e49c1d,2024-07-12 20:30:29.399763+00:00,en,thehindu.com,thehindu.com,2024-07-13,"The verdict of 2024, its amplified message",https://www.thehindu.com/opinion/lead/the-verdict-of-2024-its-amplified-message/article68397641.ece
ee63b5701377b6ab6fc746cbbfc0428113464c1edf410b2bb6c734d308b9fa93,2024-07-12 12:21:32.312521+00:00,en,indiatimes.com,indiatimes.com,2024-07-12,Cross vote on mind,https://timesofindia.indiatimes.com/blogs/toi-editorials/cross-vote-on-mind/
4f540c208f67613096496f0257d7859e32a9147f62ee71fed0688fc1a1c68bc2,2024-07-10 20:32:57.632642+00:00,en,rediff.com,rediff.com,2024-07-10,"Hooch Tragedy, BSP Leader Killing: Stalin On Shaky Ground",https://www.rediff.com/news/column/n-sathiya-moorthy-hooch-tragedy-bsp-leader-killing-stalin-on-shaky-ground/20240710.htm
f3ff152a88cb9feadb2c6da98e886a2ab1939371c65e28c6e5d8b018ade03836,2024-07-10 10:23:23.851250+00:00,en,ndtv.com,ndtv.com,2024-07-10,Jharkhand Polls: Can BJP Survive A 'Sympathy Wave' For Soren,https://www.ndtv.com/opinion/jharkhand-polls-can-bjp-survive-a-sympathy-wave-for-hemant-soren-6074473
30999add79b798a66e538e1486c89900ac593036f2b1264e39b66bd86e88fc05,2024-07-10 06:19:07.128857+00:00,en,thequint.com,thequint.com,2024-07-10,The 13 Bypolls Today Are a Crucial Test for BJP After the Lok Sabha Setback,https://www.thequint.com/opinion/13-assembly-bypolls-today-are-a-crucial-test-for-bjp-after-the-lok-sabha-setback
599d6145da919193721ab7ccf65c951851cb23dedd9273cbb384b9685f0b106a,2024-07-09 06:19:01.623034+00:00,en,thequint.com,thequint.com,2024-07-09,Rahul Gandhi is Right. Congress Must Fight for Minorities Vocally and Candidly,https://www.thequint.com/opinion/rahul-gandhi-is-right-congress-must-fight-for-minorities-vocally-and-candidly
4311b68e35043b13c8d356a968b5d5536555c695e7140ccdc7deae89ac98bd65,2024-07-09 06:18:52.024706+00:00,en,thequint.com,thequint.com,2024-07-09,Data: When Do Voters Decide Whom to Vote For? Do They Prefer Party Or Candidate?,https://www.thequint.com/opinion/csds-data-2024-lok-sabha-elections-when-do-voters-decide-whom-to-vote-for
5e5e178a0ec357bbc28cd85bf01280096b5076c40007c743039e864034ac6df9,2024-07-07 21:17:42.510225+00:00,en,thehindu.com,thehindu.com,2024-07-08,The Congress has no room for complacency,https://www.thehindu.com/opinion/op-ed/the-congress-has-no-room-for-complacency/article68377975.ece
776b94c0e24a58ec68e64e18b01222caa6c813031c35c5bc365703000cf429e0,2024-07-07 19:24:15.079743+00:00,en,indiatimes.com,indiatimes.com,2024-07-07,"Will it be a 'Congress' budget, GoI?",https://economictimes.indiatimes.com/opinion/et-commentary/will-it-be-a-congress-budget-goi/articleshow/111559624.cms
4cfbde094a3a89ef42badcb0fba5c2f3e1b61ef416d04793a5c4baa9f6930e36,2024-07-06 23:27:37.619287+00:00,en,thehindu.com,thehindu.com,2024-07-07,Compulsory voting: Are we ready for it?,https://www.thehindu.com/opinion/open-page/compulsory-voting-are-we-ready-for-it/article68360180.ece
d883fd7574563a7d78cf2fe0194f2bbd48ab4860716d929fcbca5136195849fb,2024-07-06 20:29:07.540643+00:00,en,thehindu.com,thehindu.com,2024-07-06,Labour Party Wins UK Election: Impact on India-UK Trade and Relations,https://frontline.thehindu.com/columns/labour-victory-in-uk-what-it-means-for-india-trade-deal-and-relations/article68370573.ece
345a87bd590836f3b9a0cf9f75042ece30c0444612d64dbcc1870fcbdef705db,2024-07-06 16:25:31.265905+00:00,en,hindustantimes.com,hindustantimes.com,2024-07-06,Parties must fulfil poll promises to women,https://www.hindustantimes.com/opinion/parties-must-fulfil-poll-promises-to-women-101720281699099.html
fa573f35d46d10d9d9d28b3c15f987b0671315e13e3cbaa59ff0d3ba8c42e731,2024-07-06 03:17:46.177151+00:00,en,thequint.com,thequint.com,2024-07-06,Why the Tories' Devastating Loss Marks a Change in the Shape of British Politics,https://www.thequint.com/opinion/uk-elections-2024-labour-victory-tories-devastating-loss-marks-a-change-in-british-politics
05a9820d8cd152dc98af715ec0576ec5966ab32b5036266d704f9bd75e2f87ee,2024-07-05 21:19:55.428796+00:00,en,thehindu.com,thehindu.com,2024-07-06,The spectre of neo-fascism that is haunting Europe,https://www.thehindu.com/opinion/op-ed/the-spectre-of-neo-fascism-that-is-haunting-europe/article68372013.ece
db7ce1f355daae259ad9923dcb09ba60145f569175d3f1f165913908a6be8126,2024-07-05 15:37:56.231935+00:00,en,indianexpress.com,indianexpress.com,2024-07-05,Historic landslide victory for Labour Party: What should Starmer prioritise in government?,https://indianexpress.com/article/opinion/columns/historic-victory-labour-party-starmer-prioritise-government-9434805/
403e1b869f1889053526eafae20adbf5df23ca2d6b58dd40ad75997d096df46f,2024-07-04 05:19:34.187673+00:00,en,india.com,india.com,2024-07-04,Who Will Be Next UK Prime Minister? Britain Set For Voting Today,https://www.india.com/news/world/who-will-be-next-uk-prime-minister-britain-set-for-voting-today-opinion-polls-predict-win-for-keir-starmer-7059036/
b15ad6604f261627fe2fae3f61a316846debf43c66eace07af4f36267da0924a,2024-07-03 20:30:59.413600+00:00,en,rediff.com,rediff.com,2024-07-03,Is Rahul Dividing India To Rule?,https://www.rediff.com/news/column/dr-sudhir-bisht-is-rahul-dividing-india-to-rule/20240703.htm
29456bd3d81bb532200fa36774a2cf0bccd2bfbff3e52209a1a8d99870459e60,2024-07-03 13:36:08.341732+00:00,en,indianexpress.com,indianexpress.com,2024-07-03,"Samajwadi Party’s comeback in UP: The informal worker, Akhilesh Yadav’s new constituency",https://indianexpress.com/article/opinion/columns/samajwadi-comeback-akhilesh-yadavs-constituency-9430388/
2a0129f6c4dd3a9cd25680765151080d20a13aa8024af52d4bb0dd1ff0dd369e,2024-07-02 20:30:40.972306+00:00,en,rediff.com,rediff.com,2024-07-02,Where Does Superstar Vijay Go From Here?,https://www.rediff.com/news/column/n-sathiya-moorthy-where-does-superstar-vijay-go-from-here/20240702.htm
659759b900691a258294b5450159534d94fdb2916a3d1914594452350cdeafd6,2024-07-01 16:37:54.446298+00:00,en,hindustantimes.com,hindustantimes.com,2024-07-01,"In Iran, a battle between polarising political views",https://www.hindustantimes.com/opinion/in-iran-a-battle-between-polarising-political-views-101719846481534.html
6e631a75f48e7db6969de9c7ce95c93be96e576a2ad298120c7053b0354073d1,2024-06-29 11:24:06.272055+00:00,en,thequint.com,thequint.com,2024-06-29,"Ahoy, Captain! India’s Last Communist Boat is Sinking",https://www.thequint.com/opinion/kerala-ahoy-captain-indias-last-communist-boat-is-sinking
fdaa401effdc3ab3c3c55d193415016f7ff6f9005483b616a1b92dad8d312590,2024-06-27 20:31:13.553609+00:00,en,rediff.com,rediff.com,2024-06-27,"Anti-Muslim Attacks: Why Are Rahul, Akhilesh Silent?",https://www.rediff.com/news/column/nilanjan-mukhopadhyay-anti-muslim-attacks-why-are-rahul-akhilesh-silent/20240627.htm
1ae0345167f8b3931d770a15b6436f32c0b607244f04ecfe55dc4196999e2988,2024-06-26 08:22:47.362101+00:00,en,thequint.com,thequint.com,2024-06-26,Parliament: Why the Opposition Should Continue Talking About the Constitution,https://www.thequint.com/opinion/parliament-18th-lok-sabha-opposition-should-continue-talking-about-the-constitution
e72599251bc813d8ff3a1ab108606f261b37a999228745eaad34f928bd3042ab,2024-06-25 19:21:22.466297+00:00,en,thequint.com,thequint.com,2024-06-25,Should the Congress Party Have Staked a Claim to Form the Government on 4 June?,https://www.thequint.com/opinion/2024-lok-sabha-elections-should-the-congress-party-have-staked-a-claim-to-form-the-government-on-4-june
a31e8afddceeed92e8a0cb4020975debfa9a20703c2e86e4a893ab90429b4d20,2024-06-25 16:29:06.377889+00:00,en,hindustantimes.com,hindustantimes.com,2024-06-25,The BJP’s poll showing and Dalit anxiety on reservation,https://www.hindustantimes.com/opinion/the-bjp-s-poll-showing-and-dalit-anxiety-on-reservation-101719329361969.html
0d405720d04e311a53085d34f1429e89944fed53acd6555793e6170d9323d40a,2024-06-25 16:27:07.108993+00:00,en,hindustantimes.com,hindustantimes.com,2024-06-25,Pulpit offers Biden his comeback opportunity,https://www.hindustantimes.com/opinion/pulpit-offers-biden-his-comeback-opportunity-101719329121604.html
3310f9cc10c712bbaf5b31880e57c134a0efad0ab9be54b405021965b156fe28,2024-06-23 07:25:06.862692+00:00,en,indianexpress.com,indianexpress.com,2024-06-23,Savarna parties have once again isolated Dalit voices,https://indianexpress.com/article/opinion/columns/savarna-parties-isolated-dalit-voices-ambedkarite-government-9409015/
895482cf447a840a8e7a7c46f4c03cb5df23a4294b9917a034a9ee08dbbc3787,2024-06-21 17:24:33.152339+00:00,en,hindustantimes.com,hindustantimes.com,2024-06-21,NEET fiasco is a test of the govt’s outreach skills,https://www.hindustantimes.com/opinion/neet-fiasco-is-a-test-of-the-govt-s-outreach-skills-101718982481827.html
ae4992228dd92c0c32ebc1bd95b70ab3d36f6098e18ea0d676d723a009461a99,2024-06-21 13:34:06.505135+00:00,en,ndtv.com,ndtv.com,2024-06-21,Will The UK Tories Get At Least An Honourable Defeat,https://www.ndtv.com/opinion/will-the-uk-tories-get-at-least-an-honourable-defeat-5939273
eed7e209f7ab09df52d3e1a1e908458e49e3ecfbf369b799ffb62c8948dc8e10,2024-06-21 11:33:21.055639+00:00,en,ndtv.com,ndtv.com,2024-06-21,How CPI(M) Became A Victim Of Its Own Propaganda In Kerala,https://www.ndtv.com/opinion/how-cpi-m-became-a-victim-of-its-own-propaganda-in-kerala-5938175
dfe06d28e45d3081e41cda5772105098f23dc7ae4482607d5fc85f281c803195,2024-06-20 16:37:09.233308+00:00,en,hindustantimes.com,hindustantimes.com,2024-06-20,Building India-US ties with shared priorities,https://www.hindustantimes.com/opinion/building-india-us-ties-with-shared-priorities-101718898510612.html
57c6bca7c9dd1388849da857d021d478c3dad8b9e692d3b19ba070932695bbe2,2024-06-20 04:28:30.068278+00:00,en,thequint.com,thequint.com,2024-06-20,Modi's Once Unassailable Position Appears Increasingly Porous,https://www.thequint.com/opinion/2024-lok-sabha-elections-modi-unassailable-popularity-appears-increasingly-porous
cefeca72222f06fb273abb5197b23a0dcdb29e52b2d43bec7ed812fff92210ea,2024-06-18 21:24:33.897593+00:00,en,thehindu.com,thehindu.com,2024-06-19,"Welfare, voters, and political mobilisation in Andhra Pradesh",https://www.thehindu.com/opinion/op-ed/welfare-voters-and-political-mobilisation-in-andhra-pradesh/article68303740.ece
24d41bf8cffc06bb6ac925fc5db4fc5da310f552eec97a43674e2c74a8b1ce16,2024-06-18 20:28:52.299809+00:00,en,thehindu.com,thehindu.com,2024-06-19,Drastic decline: On the BSP,https://www.thehindu.com/opinion/editorial/drastic-decline-on-the-bsp/article68300601.ece
3cc493c1df95908c53afadfc38193abdf926d1367cb03c51fc403d9270cc41a8,2024-06-17 14:34:57.849022+00:00,en,indianexpress.com,indianexpress.com,2024-06-17,Why an ancient Greek tragedy has resonance in politics today — in India and beyond,https://indianexpress.com/article/opinion/columns/ancient-greek-tragedy-relevance-india-politics-9397705/
06c78862a1caf7d5575d33dd8409924c3cf05fb0844ae8d0662f76a2d1aaf489,2024-06-17 13:38:04.807527+00:00,en,indiatoday.in,indiatoday.in,2024-06-17,"Opinion: After 0/40 score in Lok Sabha Exam, AIADMK skips Vikravandi bypoll Test",https://www.indiatoday.in/opinion/story/after-040-score-in-lok-sabha-exam-aiadmk-skips-vikravandi-bypoll-test-2554163-2024-06-17?utm_source=rss
bd067f126ab64421639ec7246e5177d3d0b4aff8f5d1e8df43bc402c5404840e,2024-06-17 08:18:20.153290+00:00,en,indianexpress.com,indianexpress.com,2024-06-17,Verdict 2024: Mandate will be assessed by democratic spaces it opens up in between polls,https://indianexpress.com/article/opinion/columns/verdict-2024-mandate-will-be-assessed-by-democratic-spaces-it-opens-up-in-between-polls-9396451/
84300b221e1d56b290b081f116360b8cd476c058b4c1119c953918afc75d4b62,2024-06-16 19:26:34.970172+00:00,en,indianexpress.com,indianexpress.com,2024-06-16,Vandita Mishra writes: The election verdict’s meaning is in the making,https://indianexpress.com/article/opinion/columns/lok-sabha-election-results-meaning-9396068/
86704fe643dee4901b10d23b8ef04825768110140930f3b86a9a61057d06a8a1,2024-06-16 17:23:26.972986+00:00,en,hindustantimes.com,hindustantimes.com,2024-06-16,"Voters have spoken, but what did they say?",https://www.hindustantimes.com/opinion/voters-have-spoken-but-what-did-they-say-101718548830458.html
6476ca17f5c055bb4c97c4fce28fca91b49e836f4c19ecf6d7bd3f6ccd03c20c,2024-06-16 17:21:17.037183+00:00,en,hindustantimes.com,hindustantimes.com,2024-06-16,"State, UT polls hold the key to stability at Centre",https://www.hindustantimes.com/opinion/state-ut-polls-hold-the-key-to-stability-at-centre-101718549553099.html
b7a9dbec08e2b3e1e11bb7cbc23d586552c9ae835b93f7ae87492f0f7445077d,2024-06-16 08:22:32.385492+00:00,en,hindustantimes.com,hindustantimes.com,2024-06-16,Why the Jammu terror strikes call for a new resolve,https://www.hindustantimes.com/opinion/why-the-jammu-terror-strikes-call-for-a-new-resolve-101718519786485.html
ba67b36cf56312c6979a39051b8f7dd7c35f531cb276304ce4df67baf7fb52a7,2024-06-16 08:21:45.905109+00:00,en,hindustantimes.com,hindustantimes.com,2024-06-16,"In EU polls, rise of far-Right has not eclipsed the centrists",https://www.hindustantimes.com/opinion/in-eu-polls-rise-of-far-right-has-not-eclipsed-the-centrists-101718520034417.html
10cc3e18433a2c62ec027965518ab7f1c523269e22727d378ffb7b893618e90a,2024-06-16 07:22:55.754970+00:00,en,indianexpress.com,indianexpress.com,2024-06-16,Inside Track: Modified Modi 3.0?,https://indianexpress.com/article/opinion/columns/inside-track-modified-modi-3-0-9395030/
33b74a7cdf88b282d38477f96a756a1a128430c1589fc087dc2e7e3b9fc9cc62,2024-06-16 01:16:37.882260+00:00,en,indianexpress.com,indianexpress.com,2024-06-15,Why the exit polls couldn’t get the nation’s pulse in 2024,https://indianexpress.com/article/opinion/columns/why-the-exit-polls-couldnt-get-the-nations-pulse-in-2024-9393392/
df4a425f72c5a5d625cfa11d0abfdc28f6d566a7efe1d6a30acaf3b8066b0d76,2024-06-14 20:30:03.743666+00:00,en,rediff.com,rediff.com,2024-06-14,If Modi Wants A Full Term...,https://www.rediff.com/news/column/india-votes-2024-ramesh-menon-if-modi-wants-a-full-term/20240614.htm
03b6e4ce0d1988592595af857828ae57fa81946ee79785ec42fa4381c2d196bf,2024-06-13 20:37:09.966036+00:00,en,thehindu.com,thehindu.com,2024-06-14,Do coalition governments slow down the economic reforms agenda?,https://www.thehindu.com/opinion/op-ed/do-coalition-governments-slow-down-the-economic-reforms-agenda/article68286644.ece
b98d738192e291b45afcfb86a43e3d23dec12e98b950eeebaab45e0cabb1906c,2024-06-13 17:35:17.364502+00:00,en,hindustantimes.com,hindustantimes.com,2024-06-13,Mandate shows limits of strongman politics,https://www.hindustantimes.com/opinion/mandate-shows-limits-of-strongman-politics-101718293765729.html
346edaf9cb6451233ae27f0e23ba80af9db166a2af5acab6e3d7c3a75fb79b28,2024-06-13 14:33:51.363801+00:00,en,thequint.com,thequint.com,2024-06-13,"Terror Surge May Polarise Voters, or Lead to Postponement of Assembly Polls",https://www.thequint.com/opinion/jammu-and-kashmir-reasi-doda-kathua-terrorist-attack-bus-hindu-pilgrims-modi30
2cee4a8fcd4c260b4d3bb6ea91adeb779eb1b8c4cb869c7f6e2ce68c7d1e1cb9,2024-06-13 08:30:45.875663+00:00,en,indianexpress.com,indianexpress.com,2024-06-13,Andhra Pradesh’s new cabinet does not reflect the diverse groups that voted TDP-JSP-BJP to power,https://indianexpress.com/article/opinion/columns/andhra-pradesh-new-cabinet-tdp-jsp-bjp-9389825/
780ac6110b6173a111eecfa23653d4c37ebcfd6c82735879de035465015a0146,2024-06-13 08:30:35.782669+00:00,en,indianexpress.com,indianexpress.com,2024-06-13,"In Europe, the far right fringe is in Parliament far right moves in",https://indianexpress.com/article/opinion/editorials/in-europe-the-far-right-fringe-is-in-parliament-far-right-moves-in-9388860/
a457ea25d40f9f9f8be98afca3bc01ebde66256dfc3d30f38ae93b4bb25aabce,2024-06-12 20:32:13.861523+00:00,en,rediff.com,rediff.com,2024-06-12,Thiruvananthapuram's New Political Reality,https://www.rediff.com/news/column/shyam-menon-thiruvananthapurams-new-political-reality/20240612.htm
3a3539154a4b7a166e34939d91595887cdbe56cd318bfe20d4ece70dbc2336df,2024-06-12 20:23:53.633922+00:00,en,thehindu.com,thehindu.com,2024-06-13,"An earthquake in 2024, as it was in 1977",https://www.thehindu.com/opinion/lead/an-earthquake-in-2024-as-it-was-in-1977/article68282385.ece
a8587e0c7b9f53558e9389f68f95a76a041ab9c9c4847c649ee128a849b84616,2024-06-12 20:23:43.657192+00:00,en,thehindu.com,thehindu.com,2024-06-13,Britain’s summer of discontent,https://www.thehindu.com/opinion/op-ed/britains-summer-of-discontent/article68282421.ece
efe24678808c78ff4e2b882603aad5e49b12315e98c78e834136297685ffd824,2024-06-12 14:43:46.108794+00:00,en,indianexpress.com,indianexpress.com,2024-06-12,How Naveen Patnaik was bested by BJP in Odisha,https://indianexpress.com/article/opinion/columns/how-naveen-patnaik-was-bested-by-bjp-in-odisha-9387813/
a9239113b330656b14057b5751aa32f87c3ca584b43f5fcb2d759aaa652d8aeb,2024-06-12 14:25:15.018165+00:00,en,hindustantimes.com,hindustantimes.com,2024-06-12,Mayawati derails Dalit politics: Is there redemption in the future?,https://www.hindustantimes.com/opinion/mayawati-derails-dalit-politics-is-there-redemption-in-the-future-101718194632549.html
31657d2516234744c31e487d3854ac1945d3ccd468e80c250d79533ec37bc2c8,2024-06-12 13:19:42.968108+00:00,en,thequint.com,thequint.com,2024-06-12,"An Anischit Kaal Awaits, Not Just the BJP, but Also the Opposition",https://www.thequint.com/opinion/2024-lok-sabha-elections-anischit-kaal-rahul-gandhi-india-bloc-modi-bjp-nda
d3e6af3402ea1e83e2cd741ab997608b6459281dd10cbc1a33af7b5bf114f751,2024-06-12 10:29:16.665093+00:00,en,ndtv.com,ndtv.com,2024-06-12,How Much Impact Did CAA Have On West Bengal Results? A Closer Look,https://www.ndtv.com/opinion/how-much-impact-did-caa-have-on-west-bengal-results-5873586
d0739ece8a0ad10fcb7793f26c875a937b004ac8de926de23327925842c3e351,2024-06-12 08:31:44.880659+00:00,en,indianexpress.com,indianexpress.com,2024-06-12,"In this Lok Sabha election, democracy was the real winner",https://indianexpress.com/article/opinion/columns/in-this-lok-sabha-election-democracy-was-the-real-winner-9386657/
ec29f3df66d8d12649bd79bb8e64a7969130ac1f95a69a3121f57210dabdf57d,2024-06-11 22:27:15.853971+00:00,en,thehindu.com,thehindu.com,2024-06-12,Counting on foes who are friends,https://www.thehindu.com/opinion/op-ed/counting-on-foes-who-are-friends/article68278237.ece
6ecf1020dd90219a0311d28273c1436829b2db6f2dc0e6a8756fdd42ca7d31a8,2024-06-11 17:28:05.514206+00:00,en,hindustantimes.com,hindustantimes.com,2024-06-11,Verdict 2024: A huge asset for foreign policy,https://www.hindustantimes.com/opinion/verdict-2024-a-huge-asset-for-foreign-policy-101718115159858.html
9545c0ed8da6bfa2b923fad009cb9d4baf66c00dfd4e7fb3ecdf4d84a73efa81,2024-06-11 15:36:10.360626+00:00,en,indiatoday.in,indiatoday.in,2024-06-11,Opinion: Tale of two Yadav scions,https://www.indiatoday.in/opinion/story/tale-of-two-yadav-scions-how-akhilesh-triumphed-but-tejashwi-failed-opinion-2551937-2024-06-11?utm_source=rss
592351792db15b310d9187b24ddd532bde302e3c953a2b034076dac6269d6711,2024-06-11 14:41:05.468953+00:00,en,indianexpress.com,indianexpress.com,2024-06-11,C Raja Mohan on PM’s first trip abroad in Modi 3.0: A chance to reboot relations with the West,https://indianexpress.com/article/opinion/columns/pm-modi-first-trip-abroad-west-relations-reboot-c-raja-mohan-9385420/
bc7b807f93c9f7c97a3bd42a47e802c16d95c05eacdfc0e04651ccf014c20ff0,2024-06-11 13:29:15.655210+00:00,en,ndtv.com,ndtv.com,2024-06-11,"Hindu Consolidation, LDF Rout: How The Lotus Bloomed In Kerala",https://www.ndtv.com/opinion/hindu-consolidation-ldf-rout-decoding-the-lotus-bloom-in-kerala-5867086
0bbfea231c79c1b1ea7b6c2a70b959a2b32be4aeac332d98d2b4111186b53f10,2024-06-11 07:25:07.948922+00:00,en,ndtv.com,ndtv.com,2024-06-11,Restless In Richmond: Will Rishi Sunak Lose The 'Safest' Seat In UK,https://www.ndtv.com/opinion/restless-in-richmond-will-prime-minister-rishi-sunak-lose-the-safest-seat-in-uk-5864795
1e9b8d0206d1352b1df8574da0f3803880cfcc53318d1002e0346b2237f6db38,2024-06-10 21:23:53.789013+00:00,en,thehindu.com,thehindu.com,2024-06-11,For plurality: The Hindu Editorial on CSDS-Lokniti’s post-poll survey,https://www.thehindu.com/opinion/editorial/for-plurality-the-hindu-editorial-on-csds-loknitis-post-poll-survey/article68274385.ece
970ece2512f576cdd91b572d8fb14fd2693668f88ed09899fa43a2449d666186,2024-06-09 20:31:00.094946+00:00,en,thehindu.com,thehindu.com,2024-06-09,"Salaam, Indian voters!",https://frontline.thehindu.com/columns/salutes-to-indian-voters-lok-sabha-election-results-2024-indian-democracy-voters/article68264762.ece
ea1a22e4339b388e01997fa9a93f852a75aadcf4dd2f90ff477500013520f662,2024-06-09 20:28:50.126340+00:00,en,indianexpress.com,indianexpress.com,2024-06-09,What Modi 3.0 means for New India,https://indianexpress.com/article/opinion/columns/what-modi-3-0-means-for-new-india-9382153/
dba1058bdd874123adcd8ef7de732fa799c1f59f7df4dfd8409e172cd25b4d4c,2024-06-09 15:29:35.667134+00:00,en,indianexpress.com,indianexpress.com,2024-06-09,"Lok Sabha elections 2024: On women’s representation, a step backwards",https://indianexpress.com/article/opinion/columns/lok-sabha-elections-2024-womens-representation-9381396/
752ce208ea325e3e3aa6a02897ed584b40e98f1b9e2f4c22602db0d33bb790ba,2024-06-08 20:26:13.874960+00:00,en,rediff.com,rediff.com,2024-06-08,Don't Expect Modi To Change!,https://www.rediff.com/news/column/india-votes-2024-shreekant-sambrani-dont-expect-modi-to-change/20240608.htm
d5f136bf1a178630f6bcd65129e44a3c8a0a1aadfd5666212c51358e4ba84fa1,2024-06-08 14:29:01.315571+00:00,en,indianexpress.com,indianexpress.com,2024-06-08,Verdict 2024: Real winner is India’s democracy,https://indianexpress.com/article/opinion/columns/verdict-2024-real-winner-is-indias-democracy-9379549/
0a8be4a3ca83c929fdab9072a59856bdc7bb9828c34538d820cd09c2499314cf,2024-06-08 14:22:09.421797+00:00,en,indianexpress.com,indianexpress.com,2024-06-08,View from Pakistan: India’s election verdict — ‘a sigh of relief’,https://indianexpress.com/article/opinion/columns/view-from-pakistan-indias-election-verdict-a-sigh-of-relief-9379761/
ab9d58d38ca78345c449e166120c471796ab5a47c06a44c0dc85b601f1189576,2024-06-08 12:27:15.193044+00:00,en,hindustantimes.com,hindustantimes.com,2024-06-08,"ECI's balancing act: How the poll body navigated legal challenges, scrutiny and battle of perception",https://www.hindustantimes.com/opinion/ecis-balancing-act-how-the-poll-body-navigated-legal-challenges-scrutiny-and-battle-of-perception-101717844402295.html
1022d29a169830d3a6d22e5c2f6dc7c5877a8c50c425df2e906bdad1c6dbaa74,2024-06-08 08:17:58.449919+00:00,en,thequint.com,thequint.com,2024-06-08,BJP's Win Represents a Kind of Defeat. INDIA's Defeat Looks a Lot Like Victory,https://www.thequint.com/opinion/2024-lok-sabha-elections-bjps-win-represents-a-kind-of-defeat-indias-defeat-looks-a-lot-like-victory
aeea4e7615d0f70ec83f13318e6ffb7cc4d865371266d2492547ef121ef81170,2024-06-08 08:17:48.196479+00:00,en,thequint.com,thequint.com,2024-06-08,"In Up, BJP Suffered Heavy Losses in Regions Where Modi’s Prestige Was at Stake",https://www.thequint.com/opinion/lok-sabha-2024-up-bjp-suffered-heavy-losses-in-regions-where-modis-prestige-was-at-stake
faf32b8489916dd3cb9b4d0df89ad8bb6f3c0d7f129eecb692c2479f4b1d3581,2024-06-08 07:28:26.683381+00:00,en,indianexpress.com,indianexpress.com,2024-06-08,Making room for women in politics demands a new political imagination,https://indianexpress.com/article/opinion/editorials/making-room-for-women-in-politics-demands-a-new-political-imagination-9378866/
ed8b5ff3da80cc7dbb917d2ffafdb32347336d546f7eb4b7f30f962aa14e3c43,2024-06-08 03:18:45.876852+00:00,en,ndtv.com,ndtv.com,2024-06-07,How Did Low Turnout Affect BJP? A Phase-Wise Analysis,https://www.ndtv.com/opinion/how-did-low-turnout-affect-bjp-a-phase-wise-analysis-5838892#publisher=newsstand
8bdfb9f619c9818f6647ae3df52195d7d694230c738c50dbb07ea645894d3d94,2024-06-07 14:17:41.041205+00:00,en,ndtv.com,ndtv.com,2024-06-07,Opinion: Opinion | The Real Surprise of 2024,https://www.ndtv.com/opinion/local-factors-not-anti-incumbency-hurt-bjp-in-uttar-pradesh-5839617
7b8ebe288b14fbf1fa2695182c63a3c3c4c38b54db3437b6bf6bdb6d9fc30971,2024-06-07 13:24:59.283433+00:00,en,thequint.com,thequint.com,2024-06-07,In Defence of Mayawati,https://www.thequint.com/opinion/2024-lok-sabha-elections-in-defence-of-mayawati-bsp-is-fully-entitled-to-alter-tactics
e8ea2f3e97cf6cd252ea34cbc0766b9319f78bb72c3c8432a4187068b3fe0175,2024-06-07 13:24:23.854156+00:00,en,indianexpress.com,indianexpress.com,2024-06-07,"In Chandrashekhar Azad’s win in Nagina, Mayawati and the BSP’s tale of decline",https://indianexpress.com/article/opinion/columns/chandrashekhar-azad-nagina-lok-sabha-election-results-9377649/
0b301f5e2032691fa64ba92cd35bb31809e6ae56604169fe94195d7ee8eff882,2024-06-07 11:17:25.213655+00:00,en,indiatoday.in,indiatoday.in,2024-06-07,Opinion: Wayanad vs Raebareli,https://www.indiatoday.in/opinion/story/wayanad-vs-raebareli-pros-and-cons-of-rahul-gandhi-seats-opinion-2550272-2024-06-07?utm_source=rss
51f207912d0fa85001cd6181258eb4b63a4e6bd6c2c25a0b4c756c9a22e69f99,2024-06-07 07:32:36.546200+00:00,en,indianexpress.com,indianexpress.com,2024-06-07,"Yogendra Yadav on BJP’s 2024 poll performance: Getting the numbers, not mandate",https://indianexpress.com/article/opinion/columns/yogendra-yadav-on-bjps-2024-poll-performance-getting-the-numbers-not-mandate-9376872/
8c9a4a48f90001b4b0d1b062d9a55a519faf3f21788b96715c9327516d7db00d,2024-06-07 07:31:01.357926+00:00,en,indianexpress.com,indianexpress.com,2024-06-07,How digital platforms overtook traditional media to reach the voters this election,https://indianexpress.com/article/opinion/columns/how-digital-platforms-overtook-traditional-media-to-reach-the-voters-this-election-9376854/
cdb41058b784e28b4d9f24320d73b302da846adfd9797c9d7a7ce7e0375526b6,2024-06-07 07:27:34.603891+00:00,en,thequint.com,thequint.com,2024-06-07,"Maharashtra: Congress Resurges, Uddhav Holds Steady, and Sharad's NCP Dominates",https://www.thequint.com/opinion/lok-sabha-elections-2024-maharashtra-congress-resurges-uddhav-holds-steady-sharad-pawar-ncp-dominates
051dbf8f752449176c866af8c72038cef0cf226fd74bf048d6f45532ae306259,2024-06-07 04:30:05.521216+00:00,en,thequint.com,thequint.com,2024-06-07,BJP Wanted Soft Separatism in J to End. It Has Deepened,https://www.thequint.com/opinion/bjp-loses-seats-in-kashmir-owing-to-370
ecd043e5a4ee49ccb54ebc4c7ed55f8d9eae2d107d3902aa3b877720795f11eb,2024-06-06 20:34:01.287930+00:00,en,rediff.com,rediff.com,2024-06-06,How BJP Won 1 Seat In Kerala,https://www.rediff.com/news/column/india-votes-2024-shyam-menon-how-bjp-won-1-seat-in-kerala/20240606.htm
50619dfcec53483da01f76d716105dcef0d37ff1acaacbb69200ed65128b03fd,2024-06-06 20:33:31.388440+00:00,en,rediff.com,rediff.com,2024-06-06,How Modi Lost While Winning,https://www.rediff.com/news/column/india-votes-2024-prem-panicker-how-modi-lost-while-winning/20240606.htm
5265ab3e4d9446ba04f9a0bac8525ae2dd1f5b9619779655908f29cb675b9b96,2024-06-06 20:31:11.857299+00:00,en,rediff.com,rediff.com,2024-06-06,Modi Is Going Nowhere!,https://www.rediff.com/news/column/india-votes-2024-saisuresh-sivaswamy-modi-is-going-nowhere/20240606.htm
2e3f44aa4df3676fad787afb7c07ca1f31c4eb297ad2d40df995d4d44dd3d683,2024-06-06 18:38:34.782681+00:00,en,indianexpress.com,indianexpress.com,2024-06-06,When defeat feels like victory: Revelations from 2024 Lok Sabha elections,https://indianexpress.com/article/opinion/columns/defeat-feels-victory-revelations-2024-lok-sabha-elections-9376386/
f4825259fc88215cd95742202007baf987687adca28fa074d89a554332148603,2024-06-06 11:35:59.756022+00:00,en,thequint.com,thequint.com,2024-06-06,"Amid Bipolar NDA vs INDIA Bloc Contest in Telangana, BRS the Biggest Loser?",https://www.thequint.com/opinion/telangana-lok-sabha-election-results-bharat-rashtra-samithi-kcr-routed-why
3e62a0d47a29c77a88f63090d6eb44753ebdda9c69a54d4d4263bc546bc2b59f,2024-06-06 11:21:37.973912+00:00,en,ndtv.com,ndtv.com,2024-06-06,How Did Exit Polls Fail To Capture Ground Reality? A Pollster Decodes,https://www.ndtv.com/opinion/how-did-exit-polls-fail-to-capture-ground-reality-a-pollsters-view-5830541
ed083f083ac115ad2184b8ea7d98b41c0cd70d4d53b78a2a894abf5fb9da04fe,2024-06-06 09:20:04.471394+00:00,en,thequint.com,thequint.com,2024-06-06,Critics Wrote Him Off and Now Nitish is Kingmaker. But What of JD(U)'s Future?,https://www.thequint.com/opinion/lok-sabha-2024-nitish-kumar-kingmaker-but-what-of-jdu-future-in-bihar
03063d0c655a7774673c9734306cc8d724a21d2a18976b167a113295e4b4bc19,2024-06-06 06:31:07.514719+00:00,en,indianexpress.com,indianexpress.com,2024-06-06,"After a bitter election, India’s electoral process stands tall",https://indianexpress.com/article/opinion/editorials/after-a-bitter-election-indias-electoral-process-stands-tall-9374621/
645a4fe47fd34dcbe4aaae124932c163052c9881425a5f3778934c0000a62257,2024-06-06 06:30:52.490781+00:00,en,indianexpress.com,indianexpress.com,2024-06-06,Why BJP’s Hindutva appeal can’t cross the Dravidian wall,https://indianexpress.com/article/opinion/columns/why-bjps-hindutva-appeal-cant-cross-the-dravidian-wall-9374710/
ee719ef7745c9eecd79134d102bc1f0b909d8f25adc1dee40e674a23295fa3dc,2024-06-05 20:47:55.889488+00:00,en,indianexpress.com,indianexpress.com,2024-06-05,2024 mandate for NDA: A to-do list for PM Modi,https://indianexpress.com/article/opinion/columns/nda-mandate-2024-pm-modi-9373867/
f22974d30680c4102590457db4e7ae3b9f4a55fd8d1e88f3d0d06a709b644ae0,2024-06-05 18:51:23.598580+00:00,en,ndtv.com,ndtv.com,2024-06-05,"Arrogance, EVMs And Uttar Pradesh: Key Lessons From Election 2024",https://www.ndtv.com/opinion/arrogance-evms-and-uttar-pradesh-election-2024s-key-lessons-5824845
439895e5001d5dc1516defe9f1b27be3c4620e41ff706845c5199c0aba4aab66,2024-06-05 18:30:39.583108+00:00,en,ndtv.com,ndtv.com,2024-06-05,"For Mamata, State Supremacy Outweighs An Uncertain National Role",https://www.ndtv.com/opinion/for-mamata-state-power-is-more-important-than-a-shaky-national-stage-5824221
3bbe0378c6106ff3008bccdadf4c974d5086d03423deb1fbf562ab60c994d1f6,2024-06-05 13:17:35.659618+00:00,en,thequint.com,thequint.com,2024-06-05,Lok Sabha 2024: Akhilesh's Rise Accompanied by Further Decline of Mayawati in UP,https://www.thequint.com/opinion/2024-lok-sabha-elections-up-uttar-pradesh-akhilesh-yadav-sp-mayawati-bsp
253928a13e8fe74028d8efd6ab10d88d01b7c2a51028108e206ba96638cd59d3,2024-06-05 10:30:56.033944+00:00,en,hindustantimes.com,hindustantimes.com,2024-06-05,Guest Column| Democracy prevails despite political fluctuations,https://www.hindustantimes.com/cities/chandigarh-news/guest-column-democracy-prevails-despite-political-fluctuations-101717579911329.html
da7b1395a0def14f74145dbe81a3f9c9b697c553b6d8ffcc13a18a3e62b3434e,2024-06-05 07:25:36.369971+00:00,en,ndtv.com,ndtv.com,2024-06-05,Nine Things That May Explain the 2024 Mandate,https://www.ndtv.com/opinion/election-result-2024-nine-things-that-may-explain-the-2024-mandate-5821774
6b9b29601e2119338e8df7ec5de854e31f7abf1466970e9dbf35c81416c63257,2024-06-05 05:30:27.870047+00:00,en,indianexpress.com,indianexpress.com,2024-06-04,Verdict 2024 is for not just a Government but also an Opposition,https://indianexpress.com/article/opinion/editorials/verdict-2024-is-for-not-just-a-government-but-also-an-opposition-9372216/
e228aa6323e53be2f35f0a870906a864c84d1095ef204731db5de7dd1ad99fb7,2024-06-04 21:27:19.536356+00:00,en,thehindu.com,thehindu.com,2024-06-05,People at the centre: On the Election results 2024,https://www.thehindu.com/opinion/editorial/people-at-the-centre-on-the-2024-verdict/article68251276.ece
2a98d52e3a554d780b1c415a36c8bbae84be0daec24b9066a2580b9fa09307a2,2024-06-04 21:01:51.697608+00:00,en,indianexpress.com,indianexpress.com,2024-06-03,"The US, after the conviction",https://indianexpress.com/article/opinion/editorials/the-us-after-the-conviction-9368177/
df5398f48a6f7ac61bf67fb82b58720c7b0abefce67f6f57a7e782ebadaabf5b,2024-06-04 20:58:06.722812+00:00,en,indianexpress.com,indianexpress.com,2024-06-02,"In Arunachal Pradesh, a saffron landslide",https://indianexpress.com/article/opinion/columns/arunachal-pradesh-bjp-victory-9367617/
5482d47b330c74bf395161973a117e64aff66a04428e110243f9afc05683ce96,2024-06-04 20:56:01.654549+00:00,en,indianexpress.com,indianexpress.com,2024-05-28,Akhilesh Yadav and Rahul Gandhi’s strategy — promise of caste census and more reservation,https://indianexpress.com/article/opinion/columns/akhilesh-yadav-and-rahul-gandhis-strategy-promise-of-caste-census-and-more-reservation-9356524/
0ee00fe4042f95dc9d134154a123b6515e3381de4f6a54c700cbb3a9120a8b87,2024-06-04 20:55:56.708285+00:00,en,indianexpress.com,indianexpress.com,2024-05-25,"What do PM Modi, Mamata Banerjee, Rahul Gandhi, and Taylor Swift have in common?",https://indianexpress.com/article/opinion/columns/what-do-pm-modi-mamata-banerjee-rahul-gandhi-and-taylor-swift-have-in-common-9350552/
68e4c4dd483228dba63c80b82aab64dd6e4737f95f1d58613a9ae2a6d080d699,2024-06-04 20:52:16.668786+00:00,en,indianexpress.com,indianexpress.com,2024-06-02,"Prajwal Revanna, Brij Bhushan Singh, Asaram Bapu: The time to get serious about victim protection was yesterday",https://indianexpress.com/article/opinion/columns/prajwal-revanna-brij-bhushan-singh-asaram-bapu-victim-protection-sexual-assault-cases-9367144/
5c2d833ae217257efce4e653865473aae7eda802461f2a06764d0e8f50eef4d7,2024-06-04 20:51:58.080332+00:00,en,indianexpress.com,indianexpress.com,2024-05-31,More than silent ‘beneficiaries’: What the women of West Bengal are voting for – and against,https://indianexpress.com/article/opinion/columns/more-than-silent-beneficiaries-what-the-women-of-west-bengal-are-voting-for-and-against-9362761/
38d6ea1e0b66efc013147c55d24a0f0b5d4c3140bcbe2b1b6a9fc024c8dd95bd,2024-06-04 20:48:01.761370+00:00,en,indianexpress.com,indianexpress.com,2024-05-31,Yogendra Yadav writes,https://indianexpress.com/article/opinion/columns/yogendra-yadav-elections-politics-lok-sabha-polls-9363983/
d1a4db2b4a909b621cef9c5a5bf63aed33f9fc4250e63c7a936237022ed6ab41,2024-06-04 20:46:03.618768+00:00,en,indianexpress.com,indianexpress.com,2024-05-29,How women party workers are reshaping Indian politics,https://indianexpress.com/article/opinion/columns/how-women-party-workers-are-reshaping-indian-politics-9357869/
2b90d2895baf14bf8dadf67b75e038096300ba005cfbd9c3785ed87c7a02b821,2024-06-04 20:38:34.447932+00:00,en,indianexpress.com,indianexpress.com,2024-05-26,"Vandita Mishra writes: As election enters final phase, an Opposition question",https://indianexpress.com/article/opinion/columns/lok-sabha-elections-final-phase-opposition-question-9353375/
ff364b1ec35ce341afafe0a1eda5753d6775e8edc3f668e957a4729a6c30e0b8,2024-06-04 20:38:28.972121+00:00,en,indianexpress.com,indianexpress.com,2024-06-04,"Ahead of poll results, the rise and rise of Indian stock markets",https://indianexpress.com/article/opinion/editorials/ahead-of-poll-results-the-rise-and-rise-of-indian-stock-markets-9370157/
ce3e06f79326ba98aa342499eb8dc9d9d1d8dc91c4fdefbe50c3c352e83aa119,2024-06-04 20:37:39.210048+00:00,en,indianexpress.com,indianexpress.com,2024-06-03,"Sikkim, Arunachal poll results: Pro-incumbency trends, Congress’s receding footprint",https://indianexpress.com/article/opinion/editorials/sikkim-arunachal-poll-results-pro-incumbency-trends-congresss-receding-footprint-9368178/
f18f1675128a5505763ca92af89bc04d35be96bb87a8d1bbc6eb0fc3f2133864,2024-06-04 20:37:12.766847+00:00,en,indianexpress.com,indianexpress.com,2024-06-02,Vandita Mishra writes,https://indianexpress.com/article/opinion/columns/exit-polls-bjp-vote-change-9367790/
99b47635e059b584592c1c6913185c52159d51b1a17191434caaf52ed6d80816,2024-06-04 20:37:02.658623+00:00,en,indianexpress.com,indianexpress.com,2024-06-01,"Message from exit polls: To fight the BJP, INDIA must focus on ideology and make way for young blood",https://indianexpress.com/article/opinion/columns/exit-polls-fight-bjp-india-must-focus-ideology-make-way-young-blood-9366181/
7c682a916fd8b672c39b8e8480e7d86602b00ae154f8b47eda2eaea1e0c9c806,2024-06-04 20:36:58.474225+00:00,en,indianexpress.com,indianexpress.com,2024-06-02,Exit poll message: Third Modi mandate calls for big and bold reforms,https://indianexpress.com/article/opinion/columns/elections-time-reform-agenda-9367380/
739c6955bdc78446d9a0b822789dbf38d8989fa0694220f1c2bd46ea2b3c33c8,2024-06-04 20:36:42.677469+00:00,en,indianexpress.com,indianexpress.com,2024-06-01,"With exit poll results and BJP’s return, a message: North to South, the Indian voter has evolved",https://indianexpress.com/article/opinion/columns/with-exit-poll-results-and-bjps-return-a-message-north-to-south-the-indian-voter-has-evolved-9366441/
280554429631436fd81ec044c2be31bba94ba0833b0366a127afe8fe32a92764,2024-06-04 20:36:41.023438+00:00,en,hindustantimes.com,hindustantimes.com,2024-06-05,Why and how the BJP’s tally fell short of its target,https://www.hindustantimes.com/opinion/why-and-how-the-bjp-s-tally-fell-short-of-its-target-101717524808510.html
4457d1e2454cb206d80c188616e55e2d45adb17770858fb7ec36648609f557ff,2024-06-04 20:35:28.827752+00:00,en,indianexpress.com,indianexpress.com,2024-05-28,Rishi Sunak’s call for early polls: The last card,https://indianexpress.com/article/opinion/editorials/delhi-to-london-9355424/
f8bfc5bdc88c50e9453f65b061f66777a564e157340492b16050ff5a84a7eca6,2024-06-04 20:35:22.460931+00:00,en,indianexpress.com,indianexpress.com,2024-05-31,"After June 4, two questions: Who and what won?",https://indianexpress.com/article/opinion/columns/after-june-4-two-questions-who-and-what-won-9362762/
a910ad3c5cb446aacc44c4988812ba139420bb8df991d433674bb7d13b9ddfa0,2024-06-04 20:34:53.792160+00:00,en,indianexpress.com,indianexpress.com,2024-05-30,"Punjab, unlike other states, has been known to resist a national electoral wave",https://indianexpress.com/article/opinion/columns/punjab-unlike-other-states-has-been-known-to-resist-a-national-electoral-wave-9360259/
20320f56292ab647e11c6456b2197af0271a635f414ddd8f0dc4c40bd5992966,2024-06-04 18:36:22.195611+00:00,en,ndtv.com,ndtv.com,2024-06-04,How Almost Everyone Failed To Read The Tea Leaves In Uttar Pradesh,https://www.ndtv.com/opinion/lok-sabha-election-result-how-everyone-failed-to-read-the-tea-leaves-against-bjp-in-uttar-pradesh-5818762
7f506a895e6044140234d5aa23ab69d972d04c8aacaa7e5f307b84598c8c435c,2024-06-04 17:39:23.316117+00:00,en,indianexpress.com,indianexpress.com,2024-06-04,Watch Live Video: Indian Express analysis of 2024 Lok Sabha Election Results,https://indianexpress.com/article/india/lok-sabha-election-results-2024-date-time-where-to-watch-bjp-nda-india-bloc-modi-rahul-gandhi-9370875/
0839428ff6891e916e5abe7605f3452522bb6ffe7acca576162e82d5d90b8246,2024-06-04 17:22:39.018687+00:00,en,indianexpress.com,indianexpress.com,2024-06-04,Sanjay Srivastava writes,https://indianexpress.com/article/opinion/columns/lok-sabha-election-results-triumph-of-society-independent-thoughts-statism-9372011/
169af26cd42eba860e8a23ceae58d4fc897e3bffeec436603b8f0f47ee959f34,2024-06-04 17:20:43.033778+00:00,en,thequint.com,thequint.com,2024-06-04,"Indian Politics' Course Changed, Are We Looking at a Toned-Down Modi?",https://www.thequint.com/opinion/lok-sabha-elections-2024-bjp-congress-modi-nda-weakened-government
36bf4472cfd672bd1c09e7844c65d61bbe081b115dbaea5d1e3e8ff1535ed554,2024-06-04 11:25:40.355352+00:00,en,thehindu.com,thehindu.com,2024-06-04,Fouling the public conversation around EVMs,https://www.thehindu.com/opinion/fouling-the-public-conversation-around-evms/article68250057.ece
3c15e41e8ecfebe5e6b3d7df131996e387d59f4bdb07cca07946b6ed69d6ae87,2024-06-04 02:20:10.630367+00:00,en,indiatoday.in,indiatoday.in,2024-06-03,Opinion: What helped 'Lotus' bloom in TMC vs BJP battle for Bengal? 10 reasons,https://www.indiatoday.in/opinion/story/opinion-what-helped-lotus-bloom-in-tmc-vs-bjp-battle-for-bengal-10-reasons-2547508-2024-06-03?utm_source=rss
88215030408faf3f7c83221cab2a8db517840f4def46ef78bd2b4c4e6efa3b68,2024-06-03 20:36:34.116578+00:00,en,dnaindia.com,dnaindia.com,2024-06-03,"DNA TV Show: Opposition rejects exit polls results, demands counting of postal ballots first",https://www.dnaindia.com/analysis/report-dna-tv-show-opposition-rejects-exit-polls-results-demands-counting-of-postal-ballots-first-sourabh-raaj-jain-3091839
169213eeb92155b57a2c946493c9efa8fabfd29de988c2354009f13de67efdc5,2024-06-03 20:31:58.257847+00:00,en,rediff.com,rediff.com,2024-06-03,Column: Why Modi Should Not Get 400 Plus Seats,https://www.rediff.com/news/column/india-votes-2024-shyam-g-menon-why-modi-should-not-get-400-plus-seats/20240603.htm
5dad9d3bdcef37bcbf1a74cc599981cf0a7154545c07c5f5005d3828a668591b,2024-06-03 08:19:06.129840+00:00,en,thequint.com,thequint.com,2024-06-03,Odisha Exit Polls Confirm That BJP's Calibrated Attack on BJD Has Worked,https://www.thequint.com/opinion/odisha-exit-polls-2024-lok-sabha-elections-bjps-calibrated-attack-on-bjd-has-worked
781d963eed9cb0b9c78a8028e0e717ea7887004c51d4387b538f95c6f4d9936d,2024-06-03 06:26:23.996312+00:00,en,ndtv.com,ndtv.com,2024-06-03,Exit Polls: Will BJP Score A Hat-Trick In Six Battleground States,https://www.ndtv.com/opinion/exit-polls-will-bjp-pull-a-hat-trick-in-six-battleground-states-5804828
1aa56c72059882e054e2eedef4c0dc60a2753a55786843ed017c6559fc166492,2024-06-03 06:20:37.502517+00:00,en,indiatoday.in,indiatoday.in,2024-06-02,"What state elections in Maha, Haryana, Jharkhand will see if exit poll trends hold",https://www.indiatoday.in/opinion/story/lok-sabha-polls-assembly-elections-in-maharashtra-haryana-jharkhand-2547214-2024-06-02?utm_source=rss
99fad19cc2478774ed3eed8e3b6da82d4da5103f48dc895f9f44bf46566506aa,2024-06-03 03:27:47.749941+00:00,en,indiatimes.com,indiatimes.com,2024-06-02,"View: Whichever way you cut it, the economy’s booming and is a welcome gift for the incoming government",https://economictimes.indiatimes.com/opinion/et-commentary/view-whichever-way-you-cut-it-the-economys-booming-and-is-a-welcome-gift-for-the-incoming-government/articleshow/110645002.cms
b60617b71403e51ac8fb98532097d9b72a9cff4f1314a48feba9b7d6df7772ee,2024-06-03 03:19:57.759344+00:00,en,ndtv.com,ndtv.com,2024-06-02,"Elections 2024: Looking Back, Looking Ahead",https://www.ndtv.com/opinion/elections-2024-looking-back-looking-ahead-5798176#publisher=newsstand
36983097f846220cb655ca8fe35bd7d2d1b2839165c70a192c477e1874e31be0,2024-06-03 00:24:40.967745+00:00,en,indiatimes.com,indiatimes.com,2024-06-03,PM Modi: Reflections and new Sankalp from my Sadhana at Kanyakumari,https://economictimes.indiatimes.com/opinion/et-commentary/pm-modi-reflections-and-new-sankalp-from-my-sadhana-at-kanyakumari/articleshow/110643938.cms
171a07fdb25f77e7e96c6149c5c7724c41539596f31cea299409a9a511548eab,2024-06-02 20:19:45.443987+00:00,en,thehindu.com,thehindu.com,2024-06-03,"Letters to The Editor — June 3, 2024",https://www.thehindu.com/opinion/letters/letters-to-the-editor-june-3-2024/article68244057.ece
bf38b25767ad45148e6d7d0ba1bde17487ba3ab36aefd6b1ae5b30925d8d0931,2024-06-02 17:17:47.068595+00:00,en,ndtv.com,ndtv.com,2024-06-02,Elections 2024: Two Key Trends Exit Polls Point To,https://www.ndtv.com/opinion/elections-2024-two-key-trends-the-exit-polls-point-to-5801723
cbc5605413fdbefe16af8bf7b3288e1c1c4d2e22b32567a3bed8b090a11a25e3,2024-06-02 16:21:37.365473+00:00,en,ndtv.com,ndtv.com,2024-06-02,"Opinion: Indians Remain Positive, Congress Wants To Drag India To Nihilism",https://www.ndtv.com/opinion/elections-2024-indians-remain-positive-congress-wants-to-drag-india-to-nihilism-5801513
ececc6d5fee394b9c1eeec9799cff9aef405d39e48d7927d6953e2705b94a90c,2024-06-02 11:17:43.032696+00:00,en,opindia.com,opindia.com,2024-06-02,Analysis: Exit polls are a warning sign for TMC and Mamata can lose her bastion in West Bengal in 2026,https://www.opindia.com/2024/06/lok-sabha-election-tmc-bjp-west-bengal-assembly-election-impact-voting-pattern-mamata-banerjee-troubles-explained/
5adf054f95b1284eedecc11d8d654e2d5a8b9c528a1787f3fa1372d187fe5c44,2024-06-02 10:19:44.894779+00:00,en,indiatoday.in,indiatoday.in,2024-06-02,"Opinion: Exit Poll numbers suggest BJP in the south ‘flower nahi, fire hai’",https://www.indiatoday.in/opinion/story/opinion-exit-poll-numbers-suggest-bjp-in-the-south-flower-nahi-fire-hai-2547026-2024-06-02?utm_source=rss
7c3c984dc3d07a5e749119d5b7933b45303433a15fc44aaf91d6835b05be7d5e,2024-06-02 04:18:33.888431+00:00,en,indiatimes.com,indiatimes.com,2024-06-02,"AP Exit Polls 2024 Live Updates: Exit polls predict major upset in Andhra Pradesh, TDP alliance expected to get huge mandate",https://economictimes.indiatimes.com/news/newsblogs/andhra-pradesh-exit-poll-2024-live-updates-ysrcp-brs-bjp-tdp-congress-jaganmohan-reddy-chandrababu-naidu-kcr-ap-opinion-polls-news-updates/liveblog/110612645.cms
8a23b63e49c9f482030b6bbcf2aeb14fe2afef2beb929f33ec3caeb8a14397a8,2024-06-01 14:24:01.036277+00:00,hi,india.com,india.com,2024-06-01,"Exit Poll 2024: मध्य प्रदेश में एक बार फिर BJP ने चौंकाया, सिर्फ इतनी सीटों पर सिमटी दिखी कांग्रेस",https://zeenews.india.com/hindi/india/madhya-pradesh-chhattisgarh/trending-news/exit-poll-madhya-pradesh-opinion-polls-lok-sabha-election-2024-axis-my-india-chanakya-c-voter-nda-bjp-congress/2273725
06a2a3c2c7dadb0baf7f489348ab7bcb56903af93f78d24ca05cb2153018c264,2024-06-01 13:29:54.522146+00:00,en,india.com,india.com,2024-06-01,"Mahrashtra Lok Sabha Elections Exit Poll Results 2024: NDA Losing Seats In Maharashtra, INDIA Bloc Gains",https://zeenews.india.com/india/live-maharashtra-lok-sabha-elections-exit-poll-results-2024-date-time-general-election-axis-cvoter-chanakya-chunav-results-predictions-analysis-bjp-congress-seats-2754056.html
130068f93c18489956929557d62ba5a96c96c866ac9c3a26b2120963da456981,2024-06-01 13:26:56.206637+00:00,en,indiatoday.in,indiatoday.in,2024-06-01,Opinion: Is the BJP's tried and tested poll template losing its shine in 2024?,https://www.indiatoday.in/opinion/story/is-the-bjps-tried-and-tested-poll-template-losing-its-shine-in-2024-opinion-2546560-2024-06-01?utm_source=rss
06d79479b8df7fc8c2431c9f10e098e05868323d22ea58ecb9504f0832c76997,2024-06-01 12:18:54.012225+00:00,en,india.com,india.com,2024-06-01,Uttar Pradesh Lok Sabha Elections 2024 Exit Polls LIVE Updates: Exit Poll Prediction After 6 PM,https://www.india.com/news/india/uttar-pradesh-lok-sabha-elections-2024-exit-polls-live-updates-where-to-watch-up-lok-sabha-opinion-poll-constituency-seat-wise-election-results-prediction-news-6981815/
d307715af7257a67fb65f7a37a54b53326e8d05c687c7007bf5fc8490dce4d9a,2024-06-01 09:22:58.322162+00:00,en,india.com,india.com,2024-06-01,Lok Sabha Elections 2024 Exit Polls LIVE UPDATES: When and Where To Watch General Election Predictions,https://www.india.com/news/lok-sabha-elections-2024-exit-polls-live-updates-where-to-watch-lok-sabha-opinion-poll-constituency-seat-wise-election-results-prediction-news-6981546/
a5ee525c17eff7f343458dab51f73e67d7aedd4dedb17a53c5318413e9674d03,2024-06-01 07:19:51.675703+00:00,en,india.com,india.com,2024-06-01,Lok Sabha Election Exit Poll Results 2024: When And Where To Watch?,https://zeenews.india.com/india/lok-sabha-election-exit-poll-results-2024-date-time-when-and-where-to-watch-chunav-results-prediction-analysis-2753931.html
98671fbcbb437fb2a8d02edab4b6278d0f74ef82638b85ac5e776adf5db07af2,2024-06-01 04:18:36.823118+00:00,en,indiatimes.com,indiatimes.com,2024-06-01,Exit Poll Results 2024 Live Updates: What's India's political mood? BJP's 400-paar or Congress gaining steam? All eyes on exit polls,https://economictimes.indiatimes.com/news/newsblogs/exit-poll-2024-results-live-updates-india-lok-sabha-elections-opinion-polls-c-voter-survey-chanakya-axis-my-india-bjp-congress-aap-tmc-1st-june-today-news/liveblog/110607664.cms
e27267c23abb478923e39b6417d90ba876cc63efc3c0b6bc64b8c7be7702b68d,2024-05-31 22:32:26.782017+00:00,en,hindustantimes.com,hindustantimes.com,2024-06-01,Nascent but thriving: Disha Pinky Sheikh's journey is emblematic of the political representation of trans persons,https://www.hindustantimes.com/analysis/nascent-but-thriving-disha-pinky-sheikhs-journey-is-emblematic-of-the-political-representation-of-trans-persons-101717188590726.html
bcb8f1ee978edf91d0524e689ac793d3ee68fe0333470adb279ab4c90b83363d,2024-05-31 20:38:21.609304+00:00,en,thehindu.com,thehindu.com,2024-05-31,EC’s radio silence on Modi’s ‘meditation’ spectacle raises serious concerns over its neutrality,https://frontline.thehindu.com/columns/election-commission-neutrality-silent-modi-meditation-vivekananda-kanyakumari/article68234162.ece
0d5f45ad0d56ad777b698211e7efd63759ca42af2ded8bb75419c4cd3f9a361a,2024-05-31 18:27:41.078566+00:00,en,hindustantimes.com,hindustantimes.com,2024-05-31,What the conviction of Donald Trump means,https://www.hindustantimes.com/opinion/what-the-conviction-of-donald-trump-means-101717170084842.html
53df490df90e2b7c86dbf18c1336b167285e4bfc1dc1d0ad1b649d7ccd40add6,2024-05-31 17:25:12.059748+00:00,en,indiatimes.com,indiatimes.com,2024-05-31,For Future Polls: Campaigning is over. EC got many things right. But there are areas it can do better,https://timesofindia.indiatimes.com/blogs/toi-editorials/for-future-polls-campaigning-is-over-ec-got-many-things-right-but-there-are-areas-it-can-do-better/
7f199192e5b406c6201c15f56a4c1c5e817ab2f8dc8ae81c3f536dfbb07e0329,2024-05-31 13:32:16.585519+00:00,en,indiatimes.com,indiatimes.com,2024-05-31,Lok Sabha Election 2024: Opinion polls vs. Exit polls; Here's what you need to know,https://economictimes.indiatimes.com/news/elections/lok-sabha/india/lok-sabha-election-2024-opinion-polls-vs-exit-polls-what-you-need-to-know/articleshow/110597374.cms
00071d3047dd8efff2c7496a0a0afd4d0e525b8ad674ff9dd642df72920f1939,2024-05-30 10:32:36.760969+00:00,en,thehindu.com,thehindu.com,2024-05-30,Satire,https://www.thehindu.com/society/inking-the-deal-satire-allegedly-sampath-column/article68220800.ece
67075f0c4396a3c702d80ed2d809f14be5ebff3cfe40f24226a8277deceeb065,2024-05-30 06:17:17.997272+00:00,en,thequint.com,thequint.com,2024-05-30,Why Phase 7 is Crucial for BJP to Repeat Its 2019 300+ Lok Sabha Tally,https://www.thequint.com/opinion/why-phase-7-is-crucial-for-bjp-to-repeat-its-2019-300-lok-sabha-tally
9235d24ede25407207504cfc0f1850ec951f5df5b757561820550c10b2d21642,2024-05-29 12:24:59.847573+00:00,en,indiatimes.com,indiatimes.com,2024-05-29,Average increase of 43% in assets of 324 MPs recontesting LS polls: ADR analysis of last 5 years,https://economictimes.indiatimes.com/news/elections/lok-sabha/india/average-increase-of-43-in-assets-of-324-mps-recontesting-ls-polls-adr-analysis-of-last-5-years/articleshow/110536386.cms
7fcad7ef7aec67e106a2343b599d9b4f7845fe83b0d520735c447013656e9e7a,2024-05-29 06:24:47.708713+00:00,en,thequint.com,thequint.com,2024-05-29,A Cruel Joke is Now Starting to Dawn on India's Biggest News Conglomerates,https://www.thequint.com/opinion/pm-modi-lok-sabha-2024-elections-tv-media-interviews
4a2e850777c8e85993eff6f740a29c329a39431490c1a1b3806d800b8931956b,2024-05-28 22:27:19.968551+00:00,en,thehindu.com,thehindu.com,2024-05-29,Turnout conundrum: On stocktaking on voter participation,https://www.thehindu.com/opinion/editorial/turnout-conundrum-on-stocktaking-on-voter-participation/article68225340.ece
c6149195313dae4d2aef618bed0370e39f82b76d61dbd0f8cab4b4c857248b6d,2024-05-28 09:18:49.249401+00:00,en,indiatoday.in,indiatoday.in,2024-05-28,"Opinion: In Punjab, AAP and Congress can only win at each other’s expense",https://www.indiatoday.in/opinion/story/in-punjab-aap-and-congress-can-only-win-at-each-others-expense-opinion-2544702-2024-05-28?utm_source=rss
69ae99ae4a527c610197702ace3d0d77628a5a440c31280da94f77dbd50f9666,2024-05-27 06:25:20.072367+00:00,en,thequint.com,thequint.com,2024-05-27,Has The First Assault on BJP's Direct Control Over J Begun,https://www.thequint.com/opinion/lok-sabha-election-2024-anantnag-vote-bjp-direct-control-of-jammu-and-kashmir
f054edab84602b484b1b7dcf6c05a00f617a129691ba96cad6d7dfb41b8dcedf,2024-05-27 06:24:10.589138+00:00,en,thequint.com,thequint.com,2024-05-27,Will INDIA Bloc's EBC/OBC Strategy Make a Dent in the NDA Tally in Bihar?,https://www.thequint.com/opinion/2024-lok-sabha-elections-bihar-india-bloc-caste-ebc-obc-tally-nda-bjp-rjd-modi-tejashwi-nitish
0eaa5dfcc6d2d1f10851c03e8b73b8be0fa8d47e1a14c0cd8880d054e545229f,2024-05-26 20:26:56.477425+00:00,en,thehindu.com,thehindu.com,2024-05-27,Absolute numbers: The Hindu Editorial on the ECI and faith in the process,https://www.thehindu.com/opinion/editorial/absolute-numbers-the-hindu-editorial-on-the-eci-and-faith-in-the-process/article68217858.ece
6b19e56e65de8644f073eb5ce6dda7df3c5c014da7c4dff10bf4f30c32f1ec94,2024-05-26 09:21:49.565168+00:00,en,thequint.com,thequint.com,2024-05-26,"On Amethi’s Smooth Roads, Smriti Irani’s Car is Having a Bumpy Ride",https://www.thequint.com/opinion/lok-sabha-election-2024-amethi-smriti-irani-rahul-gandhi-kl-sharma
1ea884bdf3fed84335a2bf042a438ccd31fe4113c96bb15bd2719eb5aa982672,2024-05-24 22:18:54.194419+00:00,en,thehindu.com,thehindu.com,2024-05-25,Reading the lower voter turnout scenario,https://www.thehindu.com/opinion/op-ed/reading-the-lower-voter-turnout-scenario/article68212220.ece
08890d2987c312d78b4b3040ecc2cb1e6b8f27718082141e3a7bfda10c5bee72,2024-05-24 20:30:46.913442+00:00,en,rediff.com,rediff.com,2024-05-24,Is Election Commission Scared Of Modi?,https://www.rediff.com/news/column/india-votes-2024-is-election-commission-scared-of-modi/20240524.htm
dbd30c37cdf37604bd48abfb6237c273c91ab2324a71baa98d2a13a0baa7141f,2024-05-24 13:22:16.175694+00:00,en,thequint.com,thequint.com,2024-05-24,AAP and Congress Have Common Vote Banks. Can They Sustain Alliance Beyond 2024?,https://www.thequint.com/opinion/2024-lok-sabha-elections-aap-congress-common-vote-banks-india-alliance
baf379625d42f0a6e078e42b02cf6aa89ca898d1441edbea7f520fe17f15d2dc,2024-05-24 08:26:05.808574+00:00,en,thequint.com,thequint.com,2024-05-24,J&K Polls: State Set-Up Gives Space to Potential Separatists,https://www.thequint.com/opinion/jammu-and-kashmir-lok-sabha-elections-engineer-rashid-jamaat-e-islami
55e1ed74add5488aff38213b11ec095658764807bf9b749133364ed0ca0556dc,2024-05-24 03:27:56.428399+00:00,en,indiatimes.com,indiatimes.com,2024-05-23,Ladies at the head of the lines,https://economictimes.indiatimes.com/opinion/et-commentary/ladies-at-the-head-of-the-lines/articleshow/110372599.cms
b7e97d3db70cc3794a0b3f8806282f9bffde2aa78890434fe0fe2d526e8d60ea,2024-05-23 22:24:17.934033+00:00,en,thehindu.com,thehindu.com,2024-05-24,"In Kashmir, fear gives way to election fervour",https://www.thehindu.com/opinion/op-ed/in-kashmir-fear-gives-way-to-election-fervour/article68207662.ece
68eb1d4e5beb671293475aa0211f3be3ae155ce1dd2c3a64ecc714fd84f02496,2024-05-23 08:29:09.095566+00:00,en,thequint.com,thequint.com,2024-05-23,Lok Sabha Elections 2024,https://www.thequint.com/opinion/lok-sabha-elections-2024-uttar-pradesh-up-unemployment-ram-mandir-bjp-modi-congress-sp
e308b855a42b42c52f959b6e0588b2ce26293215fc66ad59394b8852f9ed4ec5,2024-05-22 11:35:50.253763+00:00,en,ndtv.com,ndtv.com,2024-05-22,Lok Sabha Polls 2024: How Congress And BJP's Campaigns Have Evolved,https://www.ndtv.com/opinion/lok-sabha-election-2024-how-congress-and-bjps-campaigns-have-evolved-5720178
75f6b3ceb4b4851e16a22ef5a5e3a50d2aa56c762f42ed9b73cafdae62dbbe4b,2024-05-22 06:33:32.509274+00:00,en,indianexpress.com,indianexpress.com,2024-05-22,Rise in voter turnout in J,https://indianexpress.com/article/opinion/editorials/rise-in-voter-turnout-in-jk-hold-assembly-elections-9343529/
c161ef46d10b22adb503a76c51b9e1afe540306138a436be048dc5f62f001522,2024-05-21 21:27:18.349372+00:00,en,thehindu.com,thehindu.com,2024-05-22,Vote for a change: On the voter in Kashmir,https://www.thehindu.com/opinion/editorial/vote-for-a-change-on-the-voter-in-kashmir/article68200791.ece
1f31ea0cbae7074e727d825fbc87c0aba537798939bf59ebd6965c1d40363515,2024-05-20 12:36:17.265574+00:00,en,ndtv.com,ndtv.com,2024-05-20,Is Realignment Of Parties Possible Post The Big Poll Verdict,https://www.ndtv.com/opinion/is-realignment-of-parties-possible-post-the-big-poll-verdict-5705392
5096ddef3a534dc629f410ffdbdf5d6f1d227755445d13150c5a631fc38d47a3,2024-05-20 08:22:40.377970+00:00,en,thequint.com,thequint.com,2024-05-20,Electoral Battleground in Maharashtra,https://www.thequint.com/opinion/lok-sabha-election-2024-success-of-either-alliance-in-maharashtra-depends-on-seamless-transfer-of-votes
7d86e44cf19326c5a5e158d66611be35b71329a1a292c78c0de28f109ee296c9,2024-05-20 08:22:01.914236+00:00,en,thequint.com,thequint.com,2024-05-20,BJP Seeks to Capitalise on AAP's Mishandling of the Swati Maliwal Situation,https://www.thequint.com/opinion/bjp-seeks-to-capitalise-on-aap-mishandling-of-the-swati-maliwal-situation
4be36ec617458ff8808dc923ea5fea4334a9abeb6a3194db666bf6b3bdc32327,2024-05-20 06:18:20.492558+00:00,en,indiatimes.com,indiatimes.com,2024-05-20,Don’t play this game: Poll rhetoric that weaponsises women victims is a new low,https://timesofindia.indiatimes.com/blogs/toi-editorials/dont-play-this-game-poll-rhetoric-that-weaponsises-women-victims-is-a-new-low/
0a8e24fd2364d63f661fa3420020a338d8e2a745fef811ec307dd6a474b3dfd2,2024-05-20 03:26:05.547185+00:00,en,indiatimes.com,indiatimes.com,2024-05-19,Turnout's turning out all right,https://economictimes.indiatimes.com/opinion/et-commentary/turnouts-turning-out-all-right/articleshow/110254002.cms
60e2a25a2a059aa65327683e86f07aaf31978f2a4f62f3ef20a32d04dd9144df,2024-05-19 21:26:46.390991+00:00,en,thehindu.com,thehindu.com,2024-05-20,A party that sleeps through alarms,https://www.thehindu.com/opinion/op-ed/a-party-that-sleeps-through-alarms/article68193265.ece
74594b2e6864670036fc768a2c75a76a2327e8435e6b6c28952f2e678fe87d9d,2024-05-19 06:17:45.269299+00:00,en,ndtv.com,ndtv.com,2024-05-19,Lok Sabha Polls: NDA Has A Clear Upper Hand In Phase 5,https://www.ndtv.com/opinion/lok-sabha-polls-nda-has-a-clear-upper-hand-in-phase-5-5695822
9a491a2416980826cd82780b6b91e95aa3b01b561b38b853eb548638694b711d,2024-05-19 04:27:06.003944+00:00,en,indiatoday.in,indiatoday.in,2024-05-18,Opinion: Battleground Bihar,https://www.indiatoday.in/opinion/story/battleground-bihar-nitish-and-congress-weak-links-can-tejashwi-be-a-match-for-modi-opinion-2540817-2024-05-18?utm_source=rss
41f2f2b4d3ed20a0270079f88f5d0d3d9f17f90f922019e90617b806852bdc04,2024-05-18 10:23:15.603229+00:00,en,thequint.com,thequint.com,2024-05-18,Who Benefits From the Deferment of the Lok Sabha Election in Anantnag-Rajouri?,https://www.thequint.com/opinion/who-benefits-from-the-deferment-of-the-lok-sabha-election-in-anantnag-rajouri
c82b9ac9bb951d3468493fc00da8015f382d572cf5c60f58d06d0549cdc9aa4d,2024-05-18 09:29:17.048155+00:00,en,indiatoday.in,indiatoday.in,2024-05-18,Opinion: Where all can INDIA bloc hurt BJP's Mission 400?,https://www.indiatoday.in/opinion/story/where-all-can-india-bloc-hurt-bjp-mission-400-opinion-2540754-2024-05-18?utm_source=rss
9699120c84e056036c0ffa0ad0d1c9da230acf15a79f883c3771ebff130a1992,2024-05-17 13:24:55.253307+00:00,en,ndtv.com,ndtv.com,2024-05-17,Lok Sabha Elections: Why A 2004-Like Scenario Is Unlikely,https://www.ndtv.com/opinion/lok-sabha-elections-why-a-2004-like-scenario-is-unlikely-5684511
e0d23625e735ad9e4cbee82c624d306a39d99cc40374a53685e3e40172e2951e,2024-05-17 07:27:41.186118+00:00,en,ndtv.com,ndtv.com,2024-05-17,Know Your Alphabet: A Random A-Z List For 2024 Lok Sabha Polls,https://www.ndtv.com/opinion/know-your-alphabet-a-random-a-z-list-for-2024-lok-sabha-polls-5682099
c1e7ab46bb5fbdfbf23db8d6545e0f4f86e7d676561c78cc42199d8c5f19583b,2024-05-16 18:22:17.364143+00:00,en,hindustantimes.com,hindustantimes.com,2024-05-16,M factor in the polls is the mahila voter,https://www.hindustantimes.com/opinion/m-factor-in-the-polls-is-the-mahila-voter-101715869297067.html
8dba97674e44f387123b344655ccd64fa734d96bb75ba50c719b82a7cd186151,2024-05-16 07:38:03.381469+00:00,en,indianexpress.com,indianexpress.com,2024-05-16,"After four phases, six takeaways: Women’s voting patterns, the dips in voter turnout",https://indianexpress.com/article/opinion/columns/after-four-phases-six-takeaways-womens-voting-patterns-the-dips-in-voter-turnout-9331663/
feac802ec4b41f78a64ff23015ae7429cab41a4a62fc80444238f9c3c521a390,2024-05-16 07:22:16.601933+00:00,en,thequint.com,thequint.com,2024-05-16,Was Nitish Kumar’s Latest Flip-flop the Kiss of Death to His Political Career?,https://www.thequint.com/opinion/lok-sabha-2024-nitish-kumar-latest-flip-flop-the-kiss-of-death-to-his-political-career
cb7ffbb741a713b24e23b2f4ba2de54ea50dc20319636cf8e381ac384d6602f3,2024-05-15 19:33:38.974737+00:00,en,thehindu.com,thehindu.com,2024-05-16,Crime and time: On election-time incarceration,https://www.thehindu.com/opinion/editorial/crime-and-time-on-election-time-incarceration/article68179125.ece
1a1901a1000bac83a90f57b99dfe93dc55d08164270ded14ba85c6b1dab38a06,2024-05-15 14:31:52.734666+00:00,en,ndtv.com,ndtv.com,2024-05-15,Tryst with Defections: Party-Hopping As A Constant In Politics,https://www.ndtv.com/opinion/indias-tryst-with-defection-party-hopping-as-a-constant-feature-5670240
6d58a8ec06f37e2674b59e63abcf6486e9eb358cd67edea7e2fc6de3765acdfc,2024-05-15 05:26:04.779600+00:00,en,indiatimes.com,indiatimes.com,2024-05-15,Voice of J&K,https://timesofindia.indiatimes.com/blogs/toi-editorials/voice-of-jk/
9ac4ff7d35abab7c59adfbf2d074db04b7f2c9a256d40e931f37d0f544c1913c,2024-05-14 03:20:41.986628+00:00,en,thehindu.com,thehindu.com,2024-05-12,"Kejriwal, out and about",https://www.thehindu.com/opinion/columns/political-line-newsletter-kejriwal-out-and-about/article68168160.ece
6b5f719c46cdae9448e94ca92475fe6015815e4b90a9966b880d9080e77ed337,2024-05-13 20:29:55.944696+00:00,en,rediff.com,rediff.com,2024-05-13,Kashmir: Vote For Hope After A Long Decade,https://www.rediff.com/news/column/election-2024-sheela-bhatt-kashmir-vote-for-hope-after-a-long-decade/20240513.htm
b4cb79e9ac8488d086728078cb56132f82477fd6284f32a4d19cc587f23f851d,2024-05-13 20:25:38.010558+00:00,en,thehindu.com,thehindu.com,2024-05-14,Towards the endgame: on the fourth phase of the general election,https://www.thehindu.com/opinion/editorial/towards-the-endgame-on-the-fourth-phase-of-the-general-election/article68171430.ece
6ae2258d7ce42c48c3879231afa45e36af6b7643f70f4e6f1eeafdf50babc1d0,2024-05-12 15:23:19.342604+00:00,en,indiatoday.in,indiatoday.in,2024-05-12,"Opinion: Midway through Election 2024, Rajdeep Sardesai's 10 takeaways",https://www.indiatoday.in/opinion/story/opinion-is-the-2024-lok-sabha-election-turning-away-from-bjp-2538155-2024-05-12?utm_source=rss
36a6ad0bce0e8af1d6c1dbd822c59489f6e977cae4f00562531f81b3f06928dc,2024-05-12 09:21:24.953328+00:00,en,ndtv.com,ndtv.com,2024-05-12,Lok Sabha Polls: Phase 4 Is A Test For NDA-Friendly Regional Satraps,https://www.ndtv.com/opinion/lok-sabha-election-in-phase-4-a-test-for-nda-friendly-regional-satraps-5645057
ca9fdf0b1df25951e0cbc0b8e8fccf617c671ec3b5efe9a6d0198fb994d3c02f,2024-05-11 20:31:52.128646+00:00,en,thehindu.com,thehindu.com,2024-05-11,Election Commission: No longer neutral,https://frontline.thehindu.com/columns/election-commission-silernt-modi-bjp-leaders-lok-sabha-election-2024/article68157089.ece
3d4c9a09267576d8871709967de705ea0a0eff1b19b04a744a2993b81af364ba,2024-05-11 20:25:19.406799+00:00,en,rediff.com,rediff.com,2024-05-11,RSS's Lack Of Enthusiasm Is Showing,https://www.rediff.com/news/column/india-votes-2024-n-sathiya-moorthy-rsss-lack-of-enthusiasm-is-showing/20240511.htm
87685da72e18a88235df020ad19e6696945381667dd97f2ee1778da09bbf6142,2024-05-10 21:12:13.223085+00:00,en,rediff.com,rediff.com,2022-04-26,Prashant Kishor Doesn't Have A Magic Wand,https://www.rediff.com/news/column/virendra-kapoor-prashant-kishor-doesnt-have-a-magic-wand/20220426.htm
77051f438230d75b6e9186a7f6e3ca8501a28caa9ef12b6c2a8909b58cc2f94b,2024-05-10 20:32:40.231229+00:00,en,indianexpress.com,indianexpress.com,2022-04-27,PDS has had a spectacular run. That may not last,https://indianexpress.com/article/opinion/columns/pds-has-had-a-spectacular-run-that-may-not-last-7888894/
4f1c2dab64c9335efd7d56d045fc62835156b1968442ff9ed32cfa2831040286,2024-05-10 20:32:33.787964+00:00,en,indianexpress.com,indianexpress.com,2022-04-17,The message behind BSP’s loss in UP polls,https://indianexpress.com/article/opinion/columns/the-message-behind-bsps-loss-in-up-polls-7872629/
babf5c3e0aeb281b890c179c55e74c35c9f3a572943abf016b9115ecfc5b35d5,2024-05-10 10:20:56.595964+00:00,en,thequint.com,thequint.com,2024-05-10,Ladakh Polls: How Fissures in INDIA Alliance Weaken Their Fight Against BJP?,https://www.thequint.com/opinion/ladakh-polls-kargil-leh-spar-over-nomination-of-candidates-national-congress-india-alliance-vs-bjp-elections-2024
b0f5a3223271b45e560eebebef0ff7c2c2a56cf39bd9655a28a69d4941ec935a,2024-05-10 08:20:07.484572+00:00,en,ndtv.com,ndtv.com,2024-05-10,Lok Sabha Polls: Will Telangana Boost BJP's Tally In South,https://www.ndtv.com/opinion/lok-sabha-polls-can-telangana-help-bjp-boost-its-tally-in-south-india-5630604
b0e59dbe8fa1ed441c9b4865714688f41d4c1e70cda78e62592eeeb27c1064e8,2024-05-10 01:57:56.729579+00:00,en,indianexpress.com,indianexpress.com,2022-05-20,"May 20, 1982, Forty Years Ago: Polls Peaceful",https://indianexpress.com/article/opinion/editorials/forty-years-ago-polls-peaceful-7926640/
a31b50fd0bfdc5ed1b7f91874ff20722d4044b39bbbfba028c4a0cacd2a083c4,2024-05-09 21:21:00.022964+00:00,en,thehindu.com,thehindu.com,2024-05-10,Getting inked without information,https://www.thehindu.com/opinion/op-ed/getting-inked-without-information/article68158547.ece
5fd08ce4a6dd9ef68afb38a9b8894460d988c5e7053280fdebbf866d64e725eb,2024-05-09 10:15:30.708482+00:00,en,indiatimes.com,indiatimes.com,2022-05-29,"ET Analysis: Amid PM Modi's visits, it's tightrope walk for leaders of South India",https://economictimes.indiatimes.com/news/politics-and-nation/et-analysis-amid-pm-modis-visits-its-tightrope-walk-for-leaders-of-south-india/articleshow/91875444.cms
a10cbe07f6de835b432642f5deeeb6318ed5620abc8a781f75298b1c7fffdd55,2024-05-09 09:01:58.509695+00:00,en,thehindu.com,thehindu.com,2022-05-31,An epic contest between Ruto and Odinga,https://www.thehindu.com/opinion/op-ed/an-epic-contest-between-ruto-and-odinga/article65476220.ece
28230cd8e345ab46c3a21d52d197dc4d54cb0ae48fc5cbd8f2d6a6d3e4906541,2024-05-09 08:24:18.620160+00:00,en,ndtv.com,ndtv.com,2024-05-09,Opinion: Opinion | Lok Sabha Polls: Low Turnout Continues,https://www.ndtv.com/opinion/lok-sabha-polls-low-turnout-continues-in-phase-3-how-states-have-performed-5623409
6e74226932fe2577cad74845b0923980468c3969c5be0690bd784f44d893e389,2024-05-09 06:38:12.477102+00:00,en,thequint.com,thequint.com,2022-06-01,Telangana CM Meets Regional Players: Opposition Uniting for Presidential Polls?,https://www.thequint.com/voices/opinion/telangana-cm-meets-regional-players-opposition-uniting-for-presidential-polls
31e7b7827545e8a5a329a9cf5080e71ef3edabf1942cd6b7bfeab375c499fdc9,2024-05-09 05:22:54.609981+00:00,en,thequint.com,thequint.com,2024-05-09,Modi’s Demeanour Reveals His Mounting Disquiet,https://www.thequint.com/opinion/2024-lok-sabha-elections-narendra-modi-demeanour-reveals-disquiet-congress-bjp
65705f7b3e689f3531777a71e139b10aeaebd03b350b3e6723e118d1a2da46d7,2024-05-09 04:40:17.168838+00:00,en,thehindu.com,thehindu.com,2022-06-03,"A strategist, a party at a crossroads, and a revival plan",https://www.thehindu.com/opinion/op-ed/a-strategist-a-party-at-a-crossroads-and-a-revival-plan/article65488612.ece
5f92e413fe662b9c3234995598fa1e62785eb05726e9fddba5912a18aa51513a,2024-05-09 03:37:09.629754+00:00,en,rediff.com,rediff.com,2022-06-03,BJP Tactics Won't Cut Much Ice In TN,https://www.rediff.com/news/column/n-sathiya-moorthy-bjp-tactics-wont-cut-much-ice-in-tn/20220603.htm
243330b1b900d6a9fb2a03d5a77995a7e59fa8e583b1583fd7d020ae14bff199,2024-05-09 02:06:20.895669+00:00,en,thequint.com,thequint.com,2022-06-04,"BJP, State Parties, Cult Figures What's India Thinking? Assam Offers Some Clues",https://www.thequint.com/voices/opinion/bjp-regional-parties-cult-figures-assam-politics-india-modi-himanta-biswa-congress
7dd5e3fe6468baead7c64213bcd890062dc224a2acdeb5d08f1aafd519ba6dd6,2024-05-08 20:34:48.152396+00:00,en,indiatoday.in,indiatoday.in,2022-06-07,"Rajya Sabha polls: Indirect process, direct implication and ‘last resort’ politics",https://www.indiatoday.in/news-analysis/story/rajya-sabha-polls-indirect-process-direct-implication-last-resort-politics-1959523-2022-06-07?utm_source=rss
0f271371e04fe655860311c46a683519d8e5068fb4929988bb37840468f300a2,2024-05-08 19:38:24.358324+00:00,en,indianexpress.com,indianexpress.com,2024-05-08,"In Uttar Pradesh, SP and BSP are following BJP’s playbook. It’s not so easy to pull off",https://indianexpress.com/article/opinion/columns/uttar-pradesh-sp-bsp-following-bjp-playbook-not-easy-9315905/
9823dfd0b45ed86794aa7c01a347e47e09171ab98497faf65f6e693a8628115d,2024-05-08 15:04:51.377283+00:00,en,indiatimes.com,indiatimes.com,2022-06-09,No more lost votes: EC’s pilot on remote voting for migrants is a big plus for democracy. Aim for 2024 full rollout,https://timesofindia.indiatimes.com/blogs/toi-editorials/no-more-lost-votes-ecs-pilot-on-remote-voting-for-migrants-is-a-big-plus-for-democracy-aim-for-2024-full-rollout/
c6e573e665f9fe83e546399939afdc7fc1cf18148b18e3c034ccee4c0f314c1a,2024-05-08 13:54:22.836398+00:00,en,ndtv.com,ndtv.com,2024-05-08,"Haryana: BJP Tries To Retain Lead, While Congress Tackles Infighting",https://www.ndtv.com/opinion/haryana-bjp-tries-to-retain-lead-under-saini-while-congress-tackles-infighting-5615125
a6fda8aadb45160d76fab454b78cc6aae599ad2239baed1859d2a6f2d3551c97,2024-05-08 10:23:05.978281+00:00,en,indianexpress.com,indianexpress.com,2022-06-13,"EC to govt: Limit seats a person can contest to one, ban opinion & exit polls",https://indianexpress.com/article/india/ec-govt-chief-election-commissioner-rajiv-kumar-seats-contest-opinion-exit-polls-7966453/
7245bc261c7b28b5d39268547eee9e91e99df8f601938c12e281d06cd6379989,2024-05-08 06:53:10.816839+00:00,en,indiatoday.in,indiatoday.in,2022-06-15,Who will be India’s next President?,https://www.indiatoday.in/news-analysis/story/who-will-be-india-next-president-1962787-2022-06-15?utm_source=rss
da74812df54ed4d3c400245e89e2a87458438d6c719a525827bc4178d8013bf7,2024-05-08 05:35:01.478569+00:00,en,thequint.com,thequint.com,2022-06-16,Opposition Unity a Myth? Many Riddles Including Trust Deficit Stand In Its Way,https://www.thequint.com/voices/opinion/presidential-elections-mamata-banerjee-opposition-front-joint-candidate
90fd608522254d54b17288df49b6c7e6f24f047a98ef5a8ea8dbfc81209816e5,2024-05-08 05:28:15.725183+00:00,en,thehindu.com,thehindu.com,2024-05-08,Searching for a wave: On the general election so far,https://www.thehindu.com/opinion/editorial/searching-for-a-wave-on-the-general-election-so-far/article68150202.ece
71bc58fd2987553aceee5ae1688965b242c56d869ac061967fc39ce3e51003bf,2024-05-07 18:00:21.786010+00:00,en,indianexpress.com,indianexpress.com,2022-06-23,Droupadi Murmu’s nomination: The political message,https://indianexpress.com/article/opinion/columns/droupadi-murmu-nomination-the-political-message-7985382/
15bbc38ccc197375d3786330682c68c6cb221c4a0269f823d8f3cc9d9c525dc0,2024-05-07 17:36:13.729113+00:00,en,indiatoday.in,indiatoday.in,2022-06-23,Murmu for President: How NDA is splitting opposition further across states,https://www.indiatoday.in/news-analysis/story/murmu-president-how-nda-is-splitting-opposition-further-across-states-1965967-2022-06-23?utm_source=rss
6e29b4342d9d28fc90607453ea203b51dfee797838d29569fb4d244df3a0626d,2024-05-07 05:14:52.625177+00:00,en,indianexpress.com,indianexpress.com,2022-07-03,How Rajya Sabha polls came to be open ballot,https://indianexpress.com/article/opinion/columns/rajya-sabha-elections-mla-congress-open-ballot-8005759/
d063ada6430ec4b58fe880caf9cad19a8cac96ab9355efab8a7d55aa48705444,2024-05-07 03:58:22.612085+00:00,en,thequint.com,thequint.com,2022-07-04,What Next for Muslim Politics in Bihar as Four AIMIM Leaders Defect to RJD?,https://www.thequint.com/voices/opinion/muslim-politics-bihar-aimim-leaders-defect-to-rjd-owaisi
43fcdab2eb6590839311ad9de7756039fa3f85ea43bbc46a3808030f00c53c43,2024-05-06 22:48:22.804380+00:00,en,rediff.com,rediff.com,2022-07-06,Can Modi Unite The Opposition?,https://www.rediff.com/news/column/n-sathiya-moorthy-can-modi-unite-the-opposition/20220706.htm
ba90c5bcd951e80e6af2618a4f1349cf8242db086e769736c6d772fb27fe850d,2024-05-06 21:37:09.080830+00:00,en,indiatoday.in,indiatoday.in,2024-05-06,Shashi Tharoor clarifies as BJP slams him over op-ed: 'Interpolated by editors',https://www.indiatoday.in/india/story/shashi-tharoor-op-ed-row-bjp-slams-congress-amit-malviya-pakistan-kashmir-2535945-2024-05-06?utm_source=rss
8a49460fac73f822eda19f6d07d88ad9f63282f0b5ec5f47af9792c056228951,2024-05-06 19:32:26.564648+00:00,en,thequint.com,thequint.com,2022-07-08,Indian Community in UK Weighs In on Political Crisis After Boris Johnson’s Exit,https://www.thequint.com/voices/opinion/indian-community-in-uk-political-crisis-boris-johnson-exit-britain
bc5cbfd387ee096a2ed599f3f6cd74d335fc4d990f74f34f7d54741c47fa01c3,2024-05-06 11:33:06.669519+00:00,en,ndtv.com,ndtv.com,2024-05-06,Lok Sabha Polls: Congress Faces A Massive BJP Wall In Phase 3,https://www.ndtv.com/opinion/lok-sabha-polls-congress-faces-a-massive-bjp-wall-in-phase-3-5600211
5a13e1fd6df97b66909aa6ede7da7254a690c2156c9897988b10ed5785f7c222,2024-05-06 10:34:43.967467+00:00,en,indianexpress.com,indianexpress.com,2024-05-06,"Big question in West Bengal: Will BJP’s charges of corruption trump Mamata’s charisma, welfare programmes?",https://indianexpress.com/article/opinion/columns/big-question-in-west-bengal-will-bjps-charges-of-corruption-trump-mamatas-charisma-welfare-programmes-9311072/
0f0fcc71cb33b4ccbf9fef0d6f92f983d984d6bb8ca0bc16cdf30ee57e8bb335,2024-05-06 10:24:01.814554+00:00,en,thequint.com,thequint.com,2024-05-06,Karan Bhushan Singh and Brij Bhushan Singh,https://www.thequint.com/opinion/karan-bhushan-singh-brij-bhushan-bjp-lok-sabha-elections-2024
36a9e1fb73d6b9dd46deb3e4ebb499be11e74cd385137c891f2dac2f6a86300c,2024-05-06 04:40:47.999811+00:00,en,indianexpress.com,indianexpress.com,2022-07-17,Stories in the story of presidential poll losers,https://indianexpress.com/article/opinion/columns/stories-in-the-story-of-presidential-poll-losers-8033894/
11f7be2fb22a1c46c2802c1b27642ea7b6dceb94fae93ecda295c3f00f79641f,2024-05-06 04:38:36.427202+00:00,en,ndtv.com,ndtv.com,2022-07-17,Opinion: The Opposition Defeated The Opposition Again,https://www.ndtv.com/opinion/the-opposition-defeated-the-opposition-again-3165813
faac6236b82085891d611666b5036705d9c3ff1477b6a5f3e028f20fab0f843f,2024-05-06 04:31:53.065658+00:00,en,indiatimes.com,indiatimes.com,2022-07-17,"Voters believe Rishi Sunak will make good PM, UK opinion poll finds",https://timesofindia.indiatimes.com/world/uk/voters-believe-rishi-sunak-will-make-good-pm-uk-opinion-poll-finds/articleshow/92935183.cms
4171372ae1e93eb029e000d9d040441de71ba36417b381c2923451308c5f4f74,2024-05-06 04:31:22.895030+00:00,en,indiatoday.in,indiatoday.in,2022-07-17,"Rishi Sunak will make good PM, shows UK opinion poll of Tory voters",https://www.indiatoday.in/world/story/rishi-sunak-will-make-good-pm-shows-uk-opinion-poll-of-tory-voters-1976638-2022-07-17?utm_source=rss
b846ae02090a15b2c9617b7774a55c46eed2a8950c416f3818c936ae7d2fc3bd,2024-05-06 04:26:36.712263+00:00,en,thehindu.com,thehindu.com,2022-07-17,"Voters believe Rishi Sunak will make good PM, U.K. opinion poll finds",https://www.thehindu.com/news/international/voters-believe-rishi-sunak-will-make-good-pm-uk-opinion-poll-finds/article65650852.ece
9c63c009551f4d55fa1d41f357b18ef9b1e3f87d3d7adc7ed371c4b03ddfd443,2024-05-05 20:20:36.870105+00:00,en,thehindu.com,thehindu.com,2024-05-06,Yearning for change: The Hindu Editorial on Jammu and Kashmir and Ladakh going to the polls,https://www.thehindu.com/opinion/editorial/yearning-for-change-the-hindu-editorial-on-jammu-and-kashmir-and-ladakh-going-to-the-polls/article68143246.ece
afa4bd1a137364abd69fbf0f97c4e9e8ebec1b53f354ed68c8a78e0a7f282558,2024-05-05 19:49:00.562576+00:00,en,thequint.com,thequint.com,2022-07-22,Droupadi Murmu Elected President: Do the Results Indicate Chinks in Opposition Unity?,https://www.thequint.com/voices/opinion/murmu-elected-president-do-the-results-indicate-chinks-in-opposition-unity
98404c5f85522d46c8977193eab13d5f0af00ee0b0935a7b1c715733dc01aa33,2024-05-05 19:45:35.145274+00:00,en,thehindu.com,thehindu.com,2022-07-22,‘Brother-sister’ narrative at core of BJD’s plan to appropriate Droupadi Murmu’s victory,https://www.thehindu.com/news/national/other-states/analysis-brother-sister-narrative-at-core-of-bjds-plan-to-appropriate-droupadi-murmus-victory/article65669685.ece
41c3031fb94d414f17a8a7663784723de88f4cdf2e9b2ea7ffb03fabc7617328,2024-05-05 12:28:19.680142+00:00,en,indianexpress.com,indianexpress.com,2024-05-05,Girish Kuber writes: Why Maharashtra worries the BJP,https://indianexpress.com/article/opinion/columns/bjp-maharashtra-worries-girish-kuber-9309251/
3686ebdee69454853dea2df04fbb51264a754e8e19db67e89983ee03fbf55ca2,2024-05-05 06:24:49.831619+00:00,en,thequint.com,thequint.com,2024-05-05,"Sunday View: The Best Weekend Opinion Reads, Curated Just for You",https://www.thequint.com/opinion/sunday-view-the-best-weekend-opinion-reads-curated-just-for-you-146
a8a22e880b0318e6275ea63a22405a7179981f2bd5523dcfd4167d36d404f083,2024-05-05 05:26:33.745117+00:00,en,indianexpress.com,indianexpress.com,2024-05-05,P Chidambaram writes: Mr Modi acknowledges hero of LS 2024,https://indianexpress.com/article/opinion/columns/mr-modi-acknowledges-hero-of-ls-2024-9308188/
effe4f15238c4309b4156d1ca4480ef52401cf8769095758ac7c7394a05dffec,2024-05-05 05:22:48.864049+00:00,en,indianexpress.com,indianexpress.com,2024-05-05,Tavleen Singh writes: Modi appears to be throwing away his own lead in this election,https://indianexpress.com/article/opinion/columns/divide-and-win-9308185/
db30f08328a070bfe63696b5661f1010c442ff0d3c9cdd4300ce808920a85fe6,2024-05-05 03:20:03.810122+00:00,en,thequint.com,thequint.com,2022-07-26,UK Politics: Why a ‘Centrist’ Rishi Sunak Isn’t Enough for Conservative Britain,https://www.thequint.com/voices/opinion/uk-politics-why-a-centrist-rishi-sunak-isnt-enough-for-conservative-britain
5ae044f5d23e8037b5bb9ed88bc988e056ff3a5de7bab8fd283242c6f0dd87cf,2024-05-04 22:56:24.990400+00:00,en,ndtv.com,ndtv.com,2022-07-28,Opinion: Mamata Banerjee's PR Crisis Is Bad News For Opposition,https://www.ndtv.com/opinion/mamata-banerjees-pr-crisis-is-bad-news-for-opposition-3201434
6456237ad3563b88129d8905f5d5ace918035030578200303af58fe483474fb2,2024-05-04 16:30:46.428013+00:00,en,indianexpress.com,indianexpress.com,2024-05-04,History Headline: How India’s first voters got their ballot box,https://indianexpress.com/article/opinion/columns/history-headline-india-first-voters-ballot-box-9307773/
d6c779d6ea2b3ec936c65ee11dd365fd0dac512f8880f8dae3864afd3a4d8b1e,2024-05-04 16:25:41.846068+00:00,en,thehindu.com,thehindu.com,2024-05-04,India’s middle class is caught in a vortex of economic woes and divisive politics,https://frontline.thehindu.com/columns/indias-middle-class-is-caught-in-economic-woes-and-divisive-politics-more-debt-bjp-indian-citizens-religion/article68139087.ece
82c821900d8508795c49684a8c84141c2159f10d882bb60ba27fddebedefa2ff,2024-05-04 12:30:11.715476+00:00,en,india.com,india.com,2022-08-02,Rishi Sunak tables radical tax vision as Liz Truss leads in UK PM poll race,https://zeenews.india.com/world/rishi-sunak-tables-radical-tax-vision-as-liz-truss-leads-in-opinion-polls-of-british-pm-race-2492131.html
f1d042f84e65c281e88b2893617dcb272d79025b3488bea78261be724690b314,2024-05-04 11:32:28.746884+00:00,en,thehindu.com,thehindu.com,2022-08-03,Making sense of the ‘freebies’ issue,https://www.thehindu.com/opinion/lead/making-sense-of-the-freebies-issue/article65717382.ece
bc516dd59c6013196b851b841cced768cc45649c08010121a2ea05c98e6ca6b0,2024-05-04 11:29:35.388776+00:00,en,indiatoday.in,indiatoday.in,2024-05-04,Opinion: Road to 2024,https://www.indiatoday.in/opinion/story/opinion-road-to-2024-can-bjp-score-a-hat-trick-in-gujarat-2535191-2024-05-04?utm_source=rss
c14499fa293da4380a84ce54c43259742842d150d8f1a10e36697e30928df56d,2024-05-04 11:27:19.041538+00:00,en,ndtv.com,ndtv.com,2024-05-04,Opinion: Rahul Gandhi's 'Shatranj' Move In Raebareli,https://www.ndtv.com/opinion/rahul-gandhi-shatranj-move-in-raebareli-masterstroke-or-blunder-5587013
44555f69990047a8b104ec391316dade82ec32f7b19126a32e5496f9d10d48ed,2024-05-04 09:29:39.634099+00:00,en,indianexpress.com,indianexpress.com,2024-05-04,Ram Nath Kovind writes: Why elections should be conducted in better weather conditions,https://indianexpress.com/article/opinion/columns/ram-nath-kovind-writes-why-elections-should-be-conducted-in-better-weather-conditions-lok-sabha-elections-9306542/
3ebb0dffe0685780d59f81e3fcbc5d7ff50090ed1f8bce4adcb2895cdc995dca,2024-05-04 08:09:36.415946+00:00,en,indiatoday.in,indiatoday.in,2022-08-05,"Amid Congress vs BJP, why West Bengal CM Banerjee is meeting PM Modi",https://www.indiatoday.in/news-analysis/story/mamata-banerjee-meeting-pm-modi-tmc-troubles-gst-dues-1984188-2022-08-05?utm_source=rss
9d86b6b7920019f279212ca5d62ddf03de3de94375b6d03c1bb8b5409a05a1b2,2024-05-04 02:51:39.038301+00:00,en,dnaindia.com,dnaindia.com,2022-08-10,DNA Special: Souring alliances a matter of concern or part of BJP’s national political plan?,https://www.dnaindia.com/analysis/report-dna-special-souring-alliances-a-matter-of-concern-or-part-of-bjp-s-national-political-plan-2975273
dce2669c8cc18df55601cc29a120c8b687bba96b072a38a2e42867f0f3a2221d,2024-05-03 14:17:38.799022+00:00,en,indiatoday.in,indiatoday.in,2022-08-19,Why escalating BJP-AAP showdown is more about Kejriwal’s 2024 push,https://www.indiatoday.in/news-analysis/story/why-escalating-bjp-aap-showdown-is-more-about-kejriwal-2024-push-1990046-2022-08-19?utm_source=rss
3a9e1711a788417166ccbeb8fb592af5e52d8f7597587b15c3d757fdfe43b4e0,2024-05-03 12:47:10.368151+00:00,en,thehindu.com,thehindu.com,2022-08-20,Chirag Paswan interview,https://www.thehindu.com/opinion/interview/interview-with-lok-janshakti-party-ramvilas-president-chirag-paswan/article65791080.ece
a31c3ad796d8742f2216ef1cfeb83726d78c99356ff3bdb588ec1d9be953dd24,2024-05-03 12:09:17.939297+00:00,en,indianexpress.com,indianexpress.com,2022-08-21,Why Nitish Kumar’s decision to ally with RJD may energise the Opposition,https://indianexpress.com/article/opinion/columns/why-nitish-kumars-decision-to-ally-with-rjd-may-energise-the-opposition-8103287/
d6fea2f33fe6b1b8195f1d4cb5f30b73f8296ae0a7de208c27c69ea3645efa25,2024-05-03 11:11:28.316635+00:00,en,thequint.com,thequint.com,2022-08-22,Bihar Opinion Poll: Voters Split Over Nitish Kumar's Switch But NDA May Incur Losses in 2024 Lok Sabha Polls,https://www.thequint.com/news/politics/nitish-kumar-bihar-tejashwi-yadav-bjp-2024-lok-sabha-opinion-poll
02bb3796d2412dc69e8aecb666892ba266c2bbd9fad6ea167a88efffd926b557,2024-05-03 09:33:35.229543+00:00,en,indiatimes.com,indiatimes.com,2022-08-23,The Freebie Stops Here,https://economictimes.indiatimes.com/opinion/et-commentary/the-freebie-stops-here/articleshow/93738954.cms
bd35f6594c660324f22eb227be53d001ba6ccba1f7ec33cf4cf71e8cb90be835,2024-05-03 09:27:58.714672+00:00,en,thehindu.com,thehindu.com,2022-08-24,BJP’s nationalism and the Opposition’s predicament,https://www.thehindu.com/opinion/op-ed/bjps-nationalism-and-the-oppositions-predicament/article65800868.ece
4d3144399303f992dcbd162bfe1e98b3e1c659675d5f46d86369f9d5f23d6020,2024-05-03 05:29:49.635734+00:00,en,indiatimes.com,indiatimes.com,2022-08-26,View: There's new energy in opposition space but 2024 polls is unlikely to mirror 1989 elections,https://economictimes.indiatimes.com/opinion/et-commentary/view-theres-new-energy-in-opposition-space-but-2024-polls-is-unlikely-to-mirror-1989-elections/articleshow/93807186.cms
a95299d863b3ae16fa5a5b6afc07a3653a24350a9906ddc03e853020eef69b2e,2024-05-02 23:48:19.302867+00:00,en,indiatoday.in,indiatoday.in,2022-08-30,"In post-Azad Congress, Tharoor buzz for prez post opens up leadership race",https://www.indiatoday.in/news-analysis/story/in-post-azad-congress-tharoor-buzz-for-president-post-opens-up-leadership-race-1994394-2022-08-30?utm_source=rss
21f8a1bfdaae465c030f1c409643c9b2637738af6f69a7691ea6f96baf1f9071,2024-05-02 20:42:21.696241+00:00,en,thehindu.com,thehindu.com,2024-05-03,​Eastern front: On the electoral battle in West Bengal,https://www.thehindu.com/opinion/editorial/%E2%80%8Beastern-front-on-the-electoral-battle-in-west-bengal/article68132397.ece
83e611416907dcffb6ad065a59a625a48d6e23cf97f5302eae7d7ce1b63ff648,2024-05-02 18:29:12.755106+00:00,en,indiatimes.com,indiatimes.com,2024-05-02,Are you making more excuses not to vote?,https://economictimes.indiatimes.com/opinion/just-in-jest/are-you-making-more-excuses-not-to-vote/articleshow/109793957.cms
22fa882b5edbfc3614f85b6fd4ef1e74d4ef54772888c61fc79c209fc10dc3cd,2024-05-02 14:29:33.758746+00:00,en,thewire.in,thewire.in,2022-09-05,"As Forecast Lately, Liz Truss Beats Rishi Sunak To Be Britain’s PM – But Not by Huge Majority",https://thewire.in/world/liz-truss-rishi-sunak-new-prime-minister-uk-analysis
26e5da92e577f403ee6556089aedd0889e26d3fc4e7cccfaea67ce4e3621a083,2024-05-02 14:20:15.495723+00:00,en,indianexpress.com,indianexpress.com,2022-09-05,Why Labour is glad that PM is Liz Truss,https://indianexpress.com/article/opinion/columns/uk-new-prime-minister-liz-truss-8132872/
668e5247c3b21933cb3bcc552e58663994933de75977c89aa1d1130a04a405d0,2024-05-02 14:04:48.778557+00:00,en,thehindu.com,thehindu.com,2022-09-06,The difficult path to India-Pakistan peace,https://www.thehindu.com/opinion/op-ed/the-difficult-path-to-india-pakistan-peace/article65854347.ece
63fb97132fe9c595a537e1bc3bf1e2fef9b7458e14fcc3b1c06bfcbf843687d1,2024-05-02 12:09:20.212427+00:00,en,indianexpress.com,indianexpress.com,2022-09-07,"Bharat Jodo Yatra: A bold move by Congress, but why it may not be enough",https://indianexpress.com/article/opinion/columns/congress-bharat-jodo-yatra-rahul-gandhi-campaign-may-not-be-enough-8136113/
343fc466a819c9606df126e005bc27a1a2443893642281530b4f19a25cdc97aa,2024-05-02 12:06:30.114650+00:00,en,indiatoday.in,indiatoday.in,2022-09-07,Modi vs who? Opposition dreams of unity but is it even possible?,https://www.indiatoday.in/news-analysis/story/modi-vs-who-opposition-dreams-of-unity-but-is-it-even-possible-1997436-2022-09-07?utm_source=rss
91e7af5150cc539c9c14138df9b10160fba6cb6f8082c64566414b2130148b09,2024-05-02 10:50:15.377032+00:00,en,indiatoday.in,indiatoday.in,2022-09-08,Fissures in Opposition derailing Nitish Kumar’s Delhi dream,https://www.indiatoday.in/opinion-columns/story/fissures-opposition-derailing-nitish-kumar-delhi-1997794-2022-09-08?utm_source=rss
58c042b42d7897653a86ffbdd53815f9689ae1d9434512152837dbdefab95929,2024-05-02 10:31:20.133019+00:00,en,indiatoday.in,indiatoday.in,2022-09-08,What is a fair Congress president poll that some party leaders are demanding?,https://www.indiatoday.in/news-analysis/story/congress-president-poll-party-leaders-demand-fair-election-rahul-gandhi-1997919-2022-09-08?utm_source=rss
2476f319ae089e93ca351cadf6a5ebbd827dc105c6bfbe86674bb528a282e3b6,2024-05-02 09:21:56.070714+00:00,en,thequint.com,thequint.com,2024-05-02,Javadekar-Jayarajan Row Over a Cup of Tea,https://www.thequint.com/opinion/lok-sabha-2024-elections-kerala-bjp-javadekar-jayarajan-row
aae00bb335103542c838fcea14eb1cfcec231ac2a7694a63c9f689ade4aadd10,2024-05-02 09:20:53.380041+00:00,en,thequint.com,thequint.com,2024-05-02,The Limits of 'Berjeche Rajkaran',https://www.thequint.com/opinion/lok-sabha-elections-2024-nda-seat-sharing-maharashtra-ajit-pawar-fadnavis-shinde
7d7cd87ffaa20471d752ddd5ff11caf836f7218ff9724bf3b28739e1ae8eb992,2024-05-02 09:15:10.631664+00:00,en,hindustantimes.com,hindustantimes.com,2022-09-09,Bharat Jodo vs Make India #1: The race for No.2 position begins,https://www.hindustantimes.com/opinion/terms-of-trade-bharat-jodo-vs-make-india-1-the-race-for-no-2-position-begins-101662709328774.html
6d7060a81c1626cc09fbe210ca7f404eff1e2c301723f914bfa2bd3f07aac99a,2024-05-02 09:14:59.628325+00:00,en,hindustantimes.com,hindustantimes.com,2022-09-08,A way out of Congress’s gravest existential crisis,https://www.hindustantimes.com/opinion/a-way-out-of-congress-s-gravest-existential-crisis-101662648564772.html
1f7f17ea7bb48d44c474bbef9bcf6d4aefacb08405a67617d1103bafad88b0f1,2024-05-02 04:57:23.715216+00:00,en,thehindu.com,thehindu.com,2022-09-13,Nitish Kumar’s swan song or an exercise in rebranding?,https://www.thehindu.com/opinion/op-ed/nitish-kumars-swan-song-or-an-exercise-in-rebranding/article65885452.ece
893e8547abd11beeac82928c57b8e76e05d218046a5b27e9ad19f65217d6868d,2024-05-01 20:26:17.663510+00:00,en,rediff.com,rediff.com,2024-05-01,Is Election Slipping Out Of Modi's Hands?,https://www.rediff.com/news/column/is-election-slipping-out-of-modis-hands/20240501.htm
0f2bfb280b7110836c1722a9faa55dd9ea2d9bc6b8a9cac123b37e4c26c7b3c4,2024-05-01 15:19:03.200253+00:00,en,hindustantimes.com,hindustantimes.com,2024-05-01,Women’s safety ignored in election campaigns despite rising crimes,https://www.hindustantimes.com/opinion/womens-safety-ignored-in-election-campaigns-despite-rising-crimes-101714570645161.html
91491ff90b83b6f38087d7c687477e6c4043267bd29825985941531ffebb2080,2024-05-01 12:28:34.257648+00:00,en,indiatoday.in,indiatoday.in,2022-09-21,What’s behind Mamata Banerjee’s change of heart for PM Modi,https://www.indiatoday.in/opinion-columns/story/mamata-banerjee-change-of-heart-prime-minister-narendra-modi-2002849-2022-09-21?utm_source=rss
723119d4bd53d7c561b7b4429a8213d41eaba37475c42294c522c4ddcd9c9b6a,2024-05-01 03:49:40.484477+00:00,en,indianexpress.com,indianexpress.com,2022-09-28,What the Rajasthan political crisis highlights: Congress effectively has no high command,https://indianexpress.com/article/opinion/columns/what-the-rajasthan-political-crisis-highlights-congress-effectively-has-no-high-command-8176760/
12be1cff74e0c198a1c25d995da4c5c1de756b19b8bb90c5e747481f272c08da,2024-05-01 03:27:35.542112+00:00,en,indianexpress.com,indianexpress.com,2024-05-01,BJP’s uncontested wins in Indore and Surat: Selected to office,https://indianexpress.com/article/opinion/editorials/bjps-uncontested-wins-in-indore-and-surat-selected-to-office-9299746/
51fbcaa3e505e641e2b538b19565494374ea19bbd779b63d1cada6c226d2b83e,2024-05-01 02:59:14.266920+00:00,en,indiatoday.in,indiatoday.in,2022-09-28,"Sitaram Kesri, the Congress president who had his dhoti pulled",https://www.indiatoday.in/news-analysis/story/sitaram-kesri-the-congress-president-who-had-his-dhoti-pulled-2005800-2022-09-28?utm_source=rss
0e2fb837741fce77fe4a2c97770bd7e0c427474b44935970cc48bb5987064cab,2024-05-01 01:14:23.610286+00:00,en,thehindu.com,thehindu.com,2022-09-29,Kerala: the ever-elusive State for the BJP,https://www.thehindu.com/opinion/op-ed/kerala-the-ever-elusive-state-for-the-bjp/article65946291.ece
ff761344a8708363c523ea8bbad855f21cea7f28ea1b233a09cd1982ce8983e0,2024-04-30 21:42:59.246974+00:00,en,indiatoday.in,indiatoday.in,2022-09-30,Drama of the last Congress poll in 2000 when Sonia got 99% of votes,https://www.indiatoday.in/news-analysis/story/drama-of-the-last-congress-poll-in-2000-when-sonia-got-99-percent-of-votes-2006702-2022-09-30?utm_source=rss
968060484feb82cb873a4d9c24b9d421e7929c35350d60811dbe4bdbf0f445a8,2024-04-30 12:29:15.362963+00:00,en,indiatoday.in,indiatoday.in,2022-10-05,Modi vs who? Why effort to revive Janata politics is like flogging a dead horse,https://www.indiatoday.in/opinion-columns/story/modi-vs-who-why-effort-to-revive-janata-politics-is-like-flogging-a-dead-horse-opinion-2008459-2022-10-05?utm_source=rss
734016c6124368f08bbd7d833a84769a6c80be00ef93cb3552110b20240e40c0,2024-04-30 11:05:05.272525+00:00,en,indiatoday.in,indiatoday.in,2022-10-06,How KCR is chasing his national dreams with Bharat Rashtra Samithi,https://www.indiatoday.in/news-analysis/story/how-kcr-is-chasing-his-national-dreams-with-bharat-rashtra-samithi-2008883-2022-10-06?utm_source=rss
feb3ccf97495a888690268f007d4bc4d2910465dd253d7d5b729d1305c6b25f4,2024-04-30 09:54:03.285398+00:00,en,rediff.com,rediff.com,2022-10-07,In Tharoor's Loss Lies His Win,https://www.rediff.com/news/column/shyam-menon-in-tharoors-loss-lies-his-win/20221007.htm
436f28d7e55ac6abf6eb54504113f4b72e3dd785ea5db2f9932f9f3a898c9395,2024-04-30 07:46:27.900030+00:00,en,indiatoday.in,indiatoday.in,2022-10-09,"Amid Kharge vs Tharoor, a look at the history of Congress presidential polls",https://www.indiatoday.in/news-analysis/story/amid-kharge-vs-tharoor-a-look-at-the-history-of-congress-presidential-polls-2282885-2022-10-09?utm_source=rss
9f7543aed76f82797a9b4a78068ab8536e567342ba8a75fa69a1464fa964f558,2024-04-30 00:42:34.387461+00:00,en,indiatoday.in,indiatoday.in,2022-10-13,Why Tharoor should win Congress presidential poll but Kharge will,https://www.indiatoday.in/opinion-columns/story/tharoor-congress-presidential-poll-mallikarjun-kharge-2284687-2022-10-13?utm_source=rss
a19bebb8b23331d82c0d271b5dc7c60d001e36c46d57a65a6e1711252cb41140,2024-04-29 22:06:55.758882+00:00,en,hindustantimes.com,hindustantimes.com,2022-10-14,Why Himachal elections matter,https://www.hindustantimes.com/editorials/why-himachal-elections-matter-101665756611334.html
2e91b2e7c1f8b590b2a89fec150a004d2ae25833e9a3380eeb80d57982bcd47f,2024-04-29 21:29:32.451569+00:00,en,indiatoday.in,indiatoday.in,2022-10-15,Why Gujarat and other coming state polls don’t really hold the key to 2024,https://www.indiatoday.in/news-analysis/story/why-gujarat-upcoming-state-assembly-polls-do-not-hold-key-to-2024-lok-sabha-election-2285574-2022-10-15?utm_source=rss
278596b8906320c58e3da5dcfc984300bce982125a51d5df9c12c6cc00c6d51c,2024-04-29 20:48:43.877879+00:00,en,hindustantimes.com,hindustantimes.com,2022-10-15,The road ahead for the next Congress president,https://www.hindustantimes.com/opinion/the-road-ahead-for-the-next-congress-president-101665838880662.html
68e925b49c7ac700f39b4dd4d63904994fcf968f19016e2e6c124e4faf4fe713,2024-04-29 20:37:50.498993+00:00,en,thehindu.com,thehindu.com,2024-04-30,Matters of heartland: The Hindu Editorial on election 2024 and the Hindi heartland,https://www.thehindu.com/opinion/editorial/matters-of-heartland-the-hindu-editorial-on-election-2024-and-the-hindu-heartland/article68121605.ece
cb76a031859d5faf4b6061f4bed90113a087be3cde58475ee8cbe7f6e203d7ca,2024-04-29 20:19:09.205471+00:00,en,thehindu.com,thehindu.com,2024-04-30,Pulling out all the stops in Kerala,https://www.thehindu.com/opinion/op-ed/pulling-out-all-the-stops-in-kerala/article68121451.ece
06f4bc500b2f0fbee9c58a7411eecd6e993907b454ef1291a8285e5c0f858c7e,2024-04-29 19:16:38.605133+00:00,en,thehindu.com,thehindu.com,2022-10-17,A name change alone won’t help K. Chandrasekhar Rao,https://www.thehindu.com/opinion/op-ed/a-name-change-alone-wont-help-k-chandrasekhar-rao/article66017861.ece
7488f176808053dd77f662f055eb118736669cb227a577bf22e39a5b2d0403f2,2024-04-29 18:15:15.973890+00:00,en,rediff.com,rediff.com,2022-10-17,Don't Underestimate Indian Voters!,https://www.rediff.com/news/column/virendra-kapoor-dont-underestimate-indian-voters/20221017.htm
d1f251eafc11a0052e87b73ef919941aa776ffbd96384027d0f610e2400a2d8e,2024-04-29 15:31:18.247436+00:00,en,hindustantimes.com,hindustantimes.com,2024-04-29,The silence of the Muslim voter could be real and strategic,https://www.hindustantimes.com/opinion/ecostani-the-silence-of-the-muslim-voter-could-be-real-and-strategic-101714387337829.html
bc445db8abf7fece81e52d99f4e333133e0b58970e7d185c254c9cb723a50619,2024-04-29 15:28:55.044653+00:00,en,indiatoday.in,indiatoday.in,2022-10-19,Congress presidential election 2022: Does it really matter who will win?,https://www.indiatoday.in/news-analysis/story/congress-president-election-2022-does-it-really-matter-who-will-win-shashi-tharoor-or-mallikarjun-kharge-2287062-2022-10-19?utm_source=rss
2f73cece19f51737f346949ccf39786ea63bfe5031f8d61f3f01fa5c8d54f9ff,2024-04-29 15:19:32.371485+00:00,en,indiatoday.in,indiatoday.in,2024-04-29,Opinion: Will Prajwal Revanna 'scandal' hurt NDA prospects in Karnataka?,https://www.indiatoday.in/opinion/story/will-prajwal-revanna-scandal-hurt-nda-prospects-in-karnataka-opinion-2533176-2024-04-29?utm_source=rss
f31fcb35b791e335ab576072a6542097d8ab8108add2637ab43ef617abef8e86,2024-04-29 15:02:25.398450+00:00,en,rediff.com,rediff.com,2022-10-19,"Time For Stalin To Get Tough With Party, Babus",https://www.rediff.com/news/column/n-sathiya-moorthy-time-for-stalin-to-get-tough-with-party-babus/20221019.htm
ba98c68d96fcc5f7363dd88c57319a2628da8bd673c905329c825b4b93a4e07f,2024-04-29 14:40:08.250789+00:00,en,hindustantimes.com,hindustantimes.com,2022-10-19,The real story in the Congress poll,https://www.hindustantimes.com/editorials/the-real-story-in-the-congress-poll-101666189440213.html
47903238236108399efb747715f6fc99a2af0b2f997fab0d52f12cc622d382e8,2024-04-29 14:10:16.120764+00:00,en,indiatimes.com,indiatimes.com,2022-10-20,A win or two: For his and his party’s sake new GOP chief must first focus on clawing back state electoral ground,https://timesofindia.indiatimes.com/blogs/toi-editorials/a-win-or-two-for-his-and-his-partys-sake-new-gop-chief-must-first-focus-on-clawing-back-state-electoral-ground/
2fee2a843ba528851a4c0a0f435240c9e7c595674e2d333b6a193039dddbb5a7,2024-04-29 13:50:03.487018+00:00,en,indianexpress.com,indianexpress.com,2022-10-20,Why the Election Commission’s strategy to name and shame voters won’t help,https://indianexpress.com/article/opinion/columns/why-the-election-commissions-strategy-to-name-and-shame-voters-wont-help-8219527/
45f5bce7cb6011b063d4da9a4cfc9f418781b897d12c9b921db2741b32eac0f6,2024-04-29 12:44:37.760521+00:00,en,indianexpress.com,indianexpress.com,2022-10-20,Mallikarjun Kharge elected as Congress president: Election as portent,https://indianexpress.com/article/opinion/columns/mallikarjun-kharge-elected-as-congress-president-election-as-portent-8221470/
57c674b84827d110d62447acc43a4bc97567e89c37c05a7cb1eb2f67e0c5edec,2024-04-29 11:33:18.586064+00:00,en,ndtv.com,ndtv.com,2022-10-21,Opinion: Rishi Sunak's Second Chance,https://www.ndtv.com/opinion/rishi-sunaks-second-chance-by-andrew-whitehead-3453414
2640ca7b7623c822f490baacb02b6ad17c4e6c911d95aa168136e09f66114002,2024-04-29 08:40:20.089009+00:00,en,thequint.com,thequint.com,2022-10-24,Diwali Cheer For Rishi Sunak: Has the Shadow of Empire Been Erased in UK?,https://www.thequint.com/voices/opinion/diwali-cheer-for-rishi-sunak-has-the-shadow-of-empire-been-erased-in-uk-indian-origin-prime-minister-of-britain
68119f8d6226013189af3a3d38ef7baf9cc3a8f7b1d7e41e7e6aca973b21bbf2,2024-04-29 06:31:00.202572+00:00,en,indiatimes.com,indiatimes.com,2022-10-26,Kharge takes charge: Uphill task for him and Congress,https://timesofindia.indiatimes.com/blogs/toi-editorials/kharge-takes-charge-uphill-task-for-him-and-congress/
b32b4a85b3a826a19c69580d418e395a2ab3f88bb60af26aba9c6f894ea08e05,2024-04-28 20:25:42.811085+00:00,en,thehindu.com,thehindu.com,2024-04-29,Turnout and tropes: The Hindu Editorial on phase two voter turnout and election rhetoric,https://www.thehindu.com/opinion/editorial/turnout-and-tropes-the-hindu-editorial-on-phase-two-voter-turnout-and-election-rhetoric/article68117861.ece
87bb0f53288d8b7827567d43d8e5039e2a935399e44f73e1508001c9373e47c2,2024-04-28 17:48:35.254491+00:00,en,thehindu.com,thehindu.com,2022-11-05,Remote voting,https://www.thehindu.com/opinion/editorial/remote-voting/article66096200.ece
62d9cafa15370f657eef3525f04f223d3a8a529d992d8e5908fbeed60df08988,2024-04-28 17:42:24.198047+00:00,en,thehindu.com,thehindu.com,2022-11-05,Remote voting: The Hindu Editorial on postal ballot for NRIs,https://www.thehindu.com/opinion/editorial/remote-voting-the-hindu-editorial-on-postal-ballot-for-nris/article66096200.ece
b86c22049b973bfd1a1f3ad9628fc31d81ef25a50d3eb748d14a93809081ed72,2024-04-28 13:26:19.324372+00:00,en,hindustantimes.com,hindustantimes.com,2024-04-28,Everybody loves women. Especially when they’re out voting,https://www.hindustantimes.com/opinion/everybody-loves-women-especially-when-they-re-out-voting-101714305344483.html
d006f4b270a75b55730c9dde0cda26cd34fe75979da33e723bafe868c89eb409,2024-04-28 11:38:02.470247+00:00,en,hindustantimes.com,hindustantimes.com,2022-11-09,A divided America helped Democrats,https://www.hindustantimes.com/opinion/a-divided-america-helped-democrats-101668005032207.html
c73a107f1561a1ba0cff885403882ee0ba4a2053460cadabc41f0e0e24fb07e2,2024-04-28 10:26:35.874282+00:00,en,thequint.com,thequint.com,2024-04-28,Mann Ki Baat: Interrogating Modi's Political Personae & the Art of Communication,https://www.thequint.com/opinion/mann-ki-baat-interrogating-modi-political-personae-and-the-art-of-communication
10ba030072de5ec2da690477e09cace50bb2ccfe5a363d65c5612a5c816fea98,2024-04-28 08:25:44.356600+00:00,en,indiatoday.in,indiatoday.in,2022-11-12,"Amid big bang polls, why India’s capital must take MCD elections seriously",https://www.indiatoday.in/news-analysis/story/amid-big-bang-polls-why-india-capital-must-take-mcd-elections-seriously-2296316-2022-11-12?utm_source=rss
8a9378502c32ba2ed4e338794ac5a1d020938df10d8fafcb4228fa40174b3546,2024-04-28 08:18:19.809158+00:00,en,indiatimes.com,indiatimes.com,2022-11-12,"Poll body prohibits exit, opinion polls for Himachal, Gujarat elections",https://timesofindia.indiatimes.com/elections/assembly-elections/gujarat/news/poll-body-prohibits-exit-opinion-polls-for-himachal-gujarat-elections/articleshow/95466369.cms
c06a5277a44ae374a6741fc5a8ebc1354173e3521ac26f8ca37ee0d4fd055a68,2024-04-28 07:45:33.019761+00:00,en,indiatimes.com,indiatimes.com,2022-11-12,"View: Gazing at, dozing off to, America's meh-term polls",https://economictimes.indiatimes.com/opinion/et-commentary/view-gazing-at-dozing-off-to-americas-meh-term-polls/articleshow/95478833.cms
86f884801eb13c937ac8d88667991ac101959e52981f965d6e8905f1be7b13f3,2024-04-28 06:33:58.365636+00:00,en,indianexpress.com,indianexpress.com,2022-11-14,US midterms: A defeat for Trumpism,https://indianexpress.com/article/opinion/columns/us-midterm-elections-defeat-for-trumpism-8266493/
03c9c6653dc751d74b37b1702e2b41fc5a6096d47d3119a3f910665992a56e27,2024-04-28 04:17:29.052216+00:00,en,indianexpress.com,indianexpress.com,2024-04-28,"Tavleen Singh writes: Instead of freebies, the poor need tools to lift themselves out of poverty",https://indianexpress.com/article/opinion/columns/robin-hood-economics-rahul-gandhi-9294207/
06e1cb4f6f05ccc97c3406efa6525bbc3f0d3c02c7904e24cbd70eed32a53f42,2024-04-28 00:58:00.277284+00:00,en,indiatoday.in,indiatoday.in,2022-11-18,Why Trump’s White House bid could end his career,https://www.indiatoday.in/news-analysis/story/why-trump-white-house-bid-could-end-his-career-2298646-2022-11-18?utm_source=rss
bb09d1e34af5a1bbc542e1b8af42dfdfae25d03e9b4c8a17d7acebd982ef9448,2024-04-28 00:32:41.586739+00:00,en,hindustantimes.com,hindustantimes.com,2022-11-18,Decoding the pragmatism of AAP,https://www.hindustantimes.com/opinion/terms-of-trade-decoding-the-pragmatism-of-aap-101668766055321.html
2c1a1c580ab2e2fad9ac3a40677f2624efc5ad4b05a616edf239c63b1e6112de,2024-04-27 20:54:46.401463+00:00,en,hindustantimes.com,hindustantimes.com,2022-11-21,"In Gujarat elections, a battle of prestige",https://www.hindustantimes.com/opinion/in-gujarat-elections-a-battle-of-prestige-101669042173523.html
ad76115baf7b183528682ec40281a6e0b644f913cf92dd8ba7564153a8b0f3b9,2024-04-27 17:47:58.293256+00:00,en,thehindu.com,thehindu.com,2022-11-24,Perceived oppressor or saviour?,https://www.thehindu.com/opinion/op-ed/perceived-oppressor-or-saviour/article66174961.ece
7a87043981bf4903068cbef074ade2fd66955b7719402f98b5734b34b52a4d8b,2024-04-27 17:40:52.467402+00:00,en,thehindu.com,thehindu.com,2022-11-24,Perceived oppressor or saviour,https://www.thehindu.com/opinion/op-ed/muslims-and-the-bjp-perceived-oppressor-or-saviour/article66174961.ece
44e399693052954ea40b3a3ab7829e759b349ce22f8a84876548d8e3a8fbbaea,2024-04-27 14:04:32.305242+00:00,en,thewire.in,thewire.in,2022-11-26,"Muslims Are Changing Their Opinion of BJP, Says Party's MCD Candidate Irfan Malik",https://thewire.in/politics/irfan-malik-bjp-mcd-candidate-interview
fd1fdcd67c9b4ef6f4bede3d716eebbf0ae2612313a3e26c553b51eba2ea1853,2024-04-27 13:00:14.453528+00:00,en,hindustantimes.com,hindustantimes.com,2022-11-27,Safeguarding the poll panel’s independence,https://www.hindustantimes.com/opinion/safeguarding-the-poll-panel-s-independence-101669560908815.html
28ef93b3b98d3d2b6d384e21e0b9ab5e9e0084647c94997edf7057f58ae86cbf,2024-04-27 08:02:43.361673+00:00,en,indianexpress.com,indianexpress.com,2022-12-01,Nepal election: Sher Bahadur Deuba as PM may make US and India feel more comfortable — but that doesn’t mean stability,https://indianexpress.com/article/opinion/columns/nepal-election-sher-bahadur-deuba-prime-minister-us-india-8299966/
765b1932fa8bc88059f86514d5a641aaa4e5bed9bf51b47d80af642a953961a2,2024-04-27 06:24:34.808168+00:00,en,hindustantimes.com,hindustantimes.com,2022-12-02,The caste question in the upcoming Khatauli bypoll,https://www.hindustantimes.com/opinion/keeping-up-with-up-the-caste-question-in-the-upcoming-khatauli-bypoll-101669973860158.html
b1b8d4d2b1bf4d1942c089fa0c5a9718aa776b7fc21f706dfd8e40db03bda3f2,2024-04-27 03:49:26.655273+00:00,en,thehindu.com,thehindu.com,2022-12-05,"New faces in Nepal’s politics, a phase of change",https://www.thehindu.com/opinion/lead/new-faces-in-nepals-politics-a-phase-of-change/article66223342.ece
2aa31da49688a0cd7ded240f77c1afc91c757f4881cb3b0dd1e9ac819481528f,2024-04-27 02:03:35.530487+00:00,en,indiatoday.in,indiatoday.in,2022-12-06,Gujarat to Delhi: Who are the people not using their right to vote?,https://www.indiatoday.in/news-analysis/story/gujarat-to-delhi-who-are-the-people-not-using-their-right-to-vote-2305781-2022-12-06?utm_source=rss
f5c1898d3842c0593b485895794d51d419caf03575dab6f6383cdf5e5fd30646,2024-04-27 01:24:08.614705+00:00,en,hindustantimes.com,hindustantimes.com,2022-12-06,India is paving the way for truly accessible elections,https://www.hindustantimes.com/opinion/india-is-paving-the-way-for-truly-accessible-elections-101670332334037.html
a4d3492b5651a7b37a229e6a1ad71f6e894b0191cbea80b1f31f368c6da95c1a,2024-04-27 00:36:14.957833+00:00,en,ndtv.com,ndtv.com,2024-04-26,How EVMs Have Evolved Despite Controversies,https://www.ndtv.com/opinion/how-evms-have-evolved-despite-controversies-5529019#publisher=newsstand
13f90152fa7a1ea2f2577ece59f90e4d13bc5602e014c19e92976d74251c1f44,2024-04-27 00:31:22.650404+00:00,en,indiatoday.in,indiatoday.in,2022-12-07,What made Delhi’s AAP go to fight BJP in Modi’s Gujarat,https://www.indiatoday.in/news-analysis/story/delhi-aap-bjp-modi-gujarat-assembly-elections-kejriwal-modi-2306190-2022-12-07?utm_source=rss
450ecf739dbed04d8fb22d398d5e101d893a6dccdf49cc518ac3c1e2b4a0b8da,2024-04-26 22:55:25.305955+00:00,en,rediff.com,rediff.com,2022-12-08,Why Modi Campaigned So Hard In Gujarat,https://www.rediff.com/news/column/shekhar-gupta-will-congresss-gujarat-gamble-pay-off/20221208.htm
b5c02705919631418753bf59f52001783fdf5f61d815bb09656d5057125f77fc,2024-04-26 22:39:16.186807+00:00,en,indiatoday.in,indiatoday.in,2022-12-08,AAP sprints to national party status. What will change now?,https://www.indiatoday.in/news-analysis/story/aap-sprints-to-national-party-status-what-will-change-now-2306753-2022-12-08?utm_source=rss
5815ca95e5d7fcebfca24a16928c839dedc25c0991012d8e227062622edc5089,2024-04-26 22:23:11.308130+00:00,en,thehindu.com,thehindu.com,2024-04-27,"Letters to The Editor — April 27, 2024",https://www.thehindu.com/opinion/letters/letters-to-the-editor-april-27-2024/article68110670.ece
63c248d27b4bb2b54ea1ed6caa1d67a08738ea0e7cf1df4743394055b2e761ad,2024-04-26 22:19:06.096585+00:00,en,indiatoday.in,indiatoday.in,2022-12-08,"With 'jhaadu' in hand, Kejriwal leads AAP into elite club of national parties",https://www.indiatoday.in/news-analysis/story/arvind-kejriwal-leads-aap-national-party-club-2306910-2022-12-08?utm_source=rss
d00ae4b588dd26115ee660f6bde4b438ab449a137ffb40592b3b3c884d0d35c8,2024-04-26 22:09:12.998676+00:00,en,ndtv.com,ndtv.com,2022-12-08,Opinion: 'Moditva' Sweeps Gujarat But Himachal Proves PM Can Be Defeated,https://www.ndtv.com/opinion/moditva-sweeps-gujarat-but-himachal-proves-pm-can-be-defeated-3589953
6e1ece4598ede65f4d44e53b326cfc46be613325fce81d11604afc5abf142040,2024-04-26 22:06:46.134964+00:00,en,ndtv.com,ndtv.com,2022-12-08,"Opinion: PM's Star Power, Sure. But Amit Shah Gets Equal Credit",https://www.ndtv.com/opinion/pms-star-power-sure-but-amit-shah-gets-equal-credit-3590194
13fe3454796bb47953ad67e03aa158d0945bae77f0e60b22709feb22620a2a8b,2024-04-26 21:56:25.415271+00:00,en,hindustantimes.com,hindustantimes.com,2022-12-08,"Reading the fine print of Gujarat, Himachal, MCD",https://www.hindustantimes.com/opinion/reading-the-fine-print-of-gujarat-himachal-mcd-101670511172010.html
3c3b19e2cb1e21c6a60b6d789d59eeb9d0cbfdce651b6064bd5957c338137ecf,2024-04-26 20:44:21.667687+00:00,en,hindustantimes.com,hindustantimes.com,2022-12-09,"Elections 2022: Three parties, three messages",https://www.hindustantimes.com/opinion/elections-2022-three-parties-three-messages-101670595218391.html
2201d7e0a7287fcdf38b2156b1518ec96f20a4e75972fddb914ffbf654ce87ac,2024-04-26 20:35:44.449216+00:00,en,thequint.com,thequint.com,2022-12-09,"From Bharat Jodo To 'Gujarat Chodo', How Congress Charted Its Exit Plan In Polls",https://www.thequint.com/voices/opinion/from-bharat-jodo-to-gujarat-chodo-how-congress-charted-its-exit-plan-in-polls-narendra-modis-big-win-rahul-gandhi-loses-gujarat-elections-2022
34db8a6d11ccb0596372ca1d4ef766538e8fbb0fce454625086e2a3f30683bdc,2024-04-26 19:22:39.412009+00:00,en,thehindu.com,thehindu.com,2022-12-10,"Hardik, Alpesh, Dimple, Kedar: caste tales from Gujarat, U.P., Bihar",https://www.thehindu.com/newsletter/newsletter-analysis/hardik-alpesh-dimple-kedar-caste-tales-from-gujarat-up-bihar/article66248561.ece
b3f2178eaa4e482a421b6c105e9918662f479b9a07f00e0b6d8d178a428a0ce5,2024-04-26 16:11:08.614251+00:00,en,thehindu.com,thehindu.com,2022-12-13,Why the BJP’s Himachal and Delhi reverses may not matter in 2024,https://www.thehindu.com/opinion/op-ed/why-the-bjps-himachal-and-delhi-reverses-may-not-matter-in-2024/article66257531.ece
ea2a62d352ae24af3da1f021b35e10967b91787c199ced027be0ab4b8272d6bf,2024-04-26 13:33:07.384025+00:00,en,indiatimes.com,indiatimes.com,2022-12-15,"2024 is not 2004: Opposition unity is tough to achieve, even tougher is for opposition to counter Modi in a national vote",https://timesofindia.indiatimes.com/blogs/toi-editorials/2024-is-not-2004-opposition-unity-is-tough-to-achieve-even-tougher-is-for-opposition-to-counter-modi-in-a-national-vote/
9b9eeaaf54f783c6c034583d5f51d021c7e1e9f1f04a31636b82446594fa9521,2024-04-26 12:36:37.569565+00:00,en,thequint.com,thequint.com,2022-12-15,BJP's Poll Outcome: What Annual Report Card Signal For Party's Electoral Future? |OPINION,https://www.thequint.com/voices/opinion/bjps-poll-outcome-what-annual-report-card-signal-for-partys-electoral-future
c8c4eef980f3925faa8f128e7e217ea149e3697fea73194a7182918d5be0a568,2024-04-26 10:00:38.936038+00:00,en,hindustantimes.com,hindustantimes.com,2022-12-17,"In 2023, a new road map for India’s Opposition",https://www.hindustantimes.com/opinion/in-2023-a-new-road-map-for-india-s-opposition-101671285701191.html
46a618288b1aef86457434f3112fc4c0e46f4fc330e07bf21f91796970f4bd0a,2024-04-26 09:04:05.314663+00:00,en,hindustantimes.com,hindustantimes.com,2022-12-18,The Northeast elections hold huge significance,https://www.hindustantimes.com/opinion/the-northeast-elections-hold-huge-significance-101671371364311.html
f6ffc6e6d2c4c4c409dc75c3270606c751dba807a02340dd7327e68cd663ed18,2024-04-26 02:18:41.651613+00:00,en,thehindu.com,thehindu.com,2024-04-26,Lok Sabha election 2024: Analysis of Candidates contesting in phase 2 polling,https://www.thehindu.com/data/lok-sabha-election-2024-analysis-of-candidates-contesting-in-phase-2-polling/article68107488.ece
8c8711c7456f1cda2deb7e0de012a3e2249fbe18849630704645227b9528e089,2024-04-25 21:53:00.958131+00:00,en,thequint.com,thequint.com,2022-12-26,BJD vs BJP: Can Naveen Patnaik’s Political Legacy Be Maintained Post 2024 Polls?,https://www.thequint.com/voices/opinion/bjd-vs-bjp-can-naveen-patnaiks-political-legacy-be-maintained-post-2024-polls
3d7e0f8c8d8770a0c30236416687c9556bf1bf6371ff065c1bc54d9fd34b8912,2024-04-25 20:33:16.695312+00:00,en,thequint.com,thequint.com,2022-12-27,"India-Nepal Ties: As Comrades Prachanda-Oli Unite, Is China Having Last Laugh?",https://www.thequint.com/voices/opinion/india-nepal-ties-as-comrades-prachanda-oli-unite-is-china-having-last-laugh
28a7f5ece8af35ef8507131e109aaf4808cd0a0616301dd3dd4c9b34ebca03b0,2024-04-25 19:26:29.522426+00:00,en,hindustantimes.com,hindustantimes.com,2024-04-25,Federal voices in national politics,https://www.hindustantimes.com/editorials/federal-voices-in-national-politics-101714059812178.html
48e2889dba38ec139c1aeb6235b74b0e7320e2b8e2dd586e58faf6ed9c763554,2024-04-25 19:00:19.353159+00:00,en,indiatoday.in,indiatoday.in,2022-12-28,Reimagining Rahul Gandhi: Can Congress RaGa resonate with India in 2024?,https://www.indiatoday.in/news-analysis/story/reimagining-rahul-gandhi-congress-raga-resonate-india-in-2024-2314480-2022-12-28?utm_source=rss
8f2ccd7050e8913fd761b8670eb17f6ce62c8d61139e94fd9ac5981ea31d97d7,2024-04-25 18:52:23.289620+00:00,en,indiatoday.in,indiatoday.in,2022-12-28,Nine crucial state elections in 2023. What’s at stake?,https://www.indiatoday.in/news-analysis/story/nine-crucial-state-elections-in-2023-what-at-stake-2314551-2022-12-28?utm_source=rss
b238c333a25224b798cb2ad585d45ced2fe91a0897b8f73c3483b9e3ed7d1239,2024-04-25 18:49:21.621886+00:00,en,rediff.com,rediff.com,2022-12-28,How Did TN BJP Chief Own A Rafale Watch?,https://www.rediff.com/news/column/how-did-tn-bjp-chief-own-a-rafale-watch/20221228.htm
138ab47fc17a65c62aa39e93c4bb982b54799d264cba7df47d956becb33f4e01,2024-04-25 17:02:38.377320+00:00,en,indianexpress.com,indianexpress.com,2022-12-29,Lessons from BJP’s win in Gujarat 2022,https://indianexpress.com/article/opinion/columns/bjp-gujarat-2022-elections-results-pm-modi-8349532/
2ff947c42202d96245deef60014637fbd9ebcdcf520ec94d580f8e7194665240,2024-04-25 16:27:27.358901+00:00,en,hindustantimes.com,hindustantimes.com,2024-04-25,View: Congress’ minority empowerment vs BJP’s development pitch shapes 2024 Lok Sabha polls,https://www.hindustantimes.com/opinion/congress-minority-empowerment-vs-bjp-s-development-pitch-shapes-lok-sabha-polls-101714052311665.html
5558b297adfc61bc24021cda817e89eaec2febac51477f2de378d82b9adc15e8,2024-04-25 14:54:52.773177+00:00,en,indiatoday.in,indiatoday.in,2022-12-30,"Curious case of Varun, the other Gandhi who has been BJP’s own Modi critic",https://www.indiatoday.in/news-analysis/story/curious-case-varun-gandhi-who-has-been-bjp-own-modi-critic-2315438-2022-12-30?utm_source=rss
1097ab8fb3cbc8ca8952b33595fc2a7f128ef088679c01e7f24682f8a3979b24,2024-04-25 14:27:53.148179+00:00,en,hindustantimes.com,hindustantimes.com,2022-12-30,Celebrate civic political action for its own sake,https://www.hindustantimes.com/opinion/celebrate-civic-political-action-for-its-own-sake-101672414748601.html
a18aa17091a40653ee0aeea34c072d565df6ca024a318d1bda8e4d66b05aac46,2024-04-25 12:52:46.400300+00:00,en,rediff.com,rediff.com,2022-12-31,3 Faces That Defined Politics In 2022,https://www.rediff.com/news/column/aditi-phadnis-3-faces-that-defined-politics-in-2022/20221231.htm
08798d42887a82f74cee6600fe350e800d91f6247cff591e84e7622a8b6e05fb,2024-04-25 12:48:53.585748+00:00,en,indiatoday.in,indiatoday.in,2023-01-01,Holding the political crystal ball to gaze at 2023,https://www.indiatoday.in/news-analysis/story/holding-the-political-crystal-ball-to-gaze-at-2023-2315904-2023-01-01?utm_source=rss
5cb446245f12f3e8868f71ae336514cf3743be4400704bf8974d72409be3c0f7,2024-04-25 11:34:44.456269+00:00,en,ndtv.com,ndtv.com,2024-04-25,Lok Sabha Polls Phase 2: Can NDA Maintain Its 2019 Lead? What Numbers Say,https://www.ndtv.com/opinion/lok-sabha-polls-phase-2-can-nda-maintain-its-lead-what-numbers-say-5520177
f36ba9e78cc483ebe93c0b486a3f3b9c61dcbc00a5e240a9137256531348eee8,2024-04-25 06:24:50.696861+00:00,en,indianexpress.com,indianexpress.com,2024-04-25,What phase 1 voter turnout says about BJP’s chances at the polls,https://indianexpress.com/article/opinion/columns/what-phase-1-voter-turnout-says-about-bjps-chances-at-the-polls-9289186/
cec46bddc42d45cf074c9ec0c5208bda2d21c8e3beefe81618f63b766140987d,2024-04-25 06:19:09.859232+00:00,en,thequint.com,thequint.com,2024-04-25,BJP Faces Tough Challenge in Karnataka to Maintain 2019 Tally,https://www.thequint.com/opinion/lok-sabha-2024-bjp-faces-tough-challenge-in-karnataka-to-maintain-2019-tally
74b4bbc3f0ddc1474b3a1af9f43122237b9f6de0743b1d996883a52d2ca5484e,2024-04-25 01:48:47.348105+00:00,en,thehindu.com,thehindu.com,2024-04-25,Hot button: On the voter and heat exposure,https://www.thehindu.com/opinion/editorial/hot-button-on-the-voter-and-heat-exposure/article68102378.ece
07c07734cdf3e626863392f5b008c56bd00d857a5c8074ad9cb89193bba9d638,2024-04-25 00:40:12.484914+00:00,en,hindustantimes.com,hindustantimes.com,2024-04-24,Missing in the campaign heat,https://www.hindustantimes.com/editorials/missing-in-the-campaign-heat-101713968980022.html
9b711a8f147e9c411170c2151556f4306c88e4074debc79d0ef97a45855599a4,2024-04-24 11:37:00.999320+00:00,en,thequint.com,thequint.com,2024-04-23,The Chaos at Thrissur Pooram Has Become a Hot Poll Topic,https://www.thequint.com/opinion/elections-2024-the-chaotic-thrissur-pooram-has-become-a-hot-poll-topic
2d09b906bc197c7df69a1c73e7ffd7f85f7210171b021edccd2e62adfd604093,2024-04-24 08:57:10.105171+00:00,en,ndtv.com,ndtv.com,2024-04-23,Lok Sabha Polls: Intense Heatwave Behind Low Voter Turnout,https://www.ndtv.com/opinion/lok-sabha-polls-intense-heatwave-behind-low-voter-turnout-5504148
e7f11536eb59e07495392544d9a8acc853422d5a5c424c04e07a533a0f4ce988,2024-04-24 02:49:36.341719+00:00,en,hindustantimes.com,hindustantimes.com,2024-04-23,The importance of Karnataka,https://www.hindustantimes.com/editorials/the-importance-of-karnataka-101713884795662.html
4562af79cecb4607c2a4d04599b3740fb29c541c2d4fb28b1cd0a23f779e0d4c,2024-04-24 02:43:37.562876+00:00,en,thehindu.com,thehindu.com,2024-04-24,All eyes on Kadapa,https://www.thehindu.com/opinion/op-ed/all-eyes-on-kadapa/article68098390.ece
1b139be609455b33659155336e11ab77c8def02e4b117d0bf4ce3c84c24361ab,2024-04-24 01:34:34.450473+00:00,en,hindustantimes.com,hindustantimes.com,2024-04-23,Voter apathy or political discontent? What low voter turnout means for 2024 polls,https://www.hindustantimes.com/opinion/ecostani-voter-apathy-or-political-discontent-what-low-voter-turnout-means-for-2024-polls-101713874456354.html
66fcebd873294cce65c32d732f67555209810d412b905d12fcb7e708737676e8,2024-04-24 00:12:26.108480+00:00,en,indianexpress.com,indianexpress.com,2024-04-21,Inside Track by Coomi Kapoor: Why the BJP is worried about Maharashtra and Bihar,https://indianexpress.com/article/columns/lok-sabha-elections-2024-narendra-modi-bjps-mission-400-rahul-gandhi-mamata-banerjee-anti-incumbency-modi-factor-9281725/
31d314f6221320bc676dd5b451e7f1ae88bdb32e675f5f7d8c1b2a35c693a5a4,2024-04-23 23:20:36.522081+00:00,en,indianexpress.com,indianexpress.com,2024-04-22,"In remotest parts of India, the challenges and successes of conducting elections",https://indianexpress.com/article/opinion/columns/nagaland-districts-boycotted-elections-9284185/
6deebf05861e897f1608fd5b357edacacafe07a3232a1c4bc493cc5b213d7456,2024-04-23 21:47:30.553164+00:00,en,indianexpress.com,indianexpress.com,2024-04-22,How voter apathy puts our democracy at risk,https://indianexpress.com/article/opinion/columns/m-venkaiah-naidu-writes-the-cost-of-voter-apathy-lok-sabha-elections-low-voter-turnout-9283362/
bada0efa8bfc0c7acb2e99eb3d8f7b2ca87c07dc32b6f52f3d0bd4a7320ae834,2024-04-23 19:20:48.617244+00:00,en,hindustantimes.com,hindustantimes.com,2024-04-23,Swinging between two secular fronts,https://www.hindustantimes.com/opinion/swinging-between-two-secular-fronts-101713793454874.html
0c3735f2925f057fe3abfd12823460515faf73f97c582546c111f27777ca48c7,2024-04-23 15:41:33.294683+00:00,en,thequint.com,thequint.com,2024-04-22,Lok Sabha Elections 2024: What Explains the Low Voter Turnout During Phase One?,https://www.thequint.com/opinion/lok-sabha-elections-phase-one-voting-low-voter-turnout-bjp-congress-state-wise-analysis
ee41e7b95dda6badae93687917658ed91e2d9b7a7999526b06ce46dde36c9cfb,2024-04-23 14:32:29.822784+00:00,en,ndtv.com,ndtv.com,2024-04-22,Is Polarised Politics Pushing People Out Of The Political Process,https://www.ndtv.com/opinion/lok-sabha-elections-turnout-is-polarisation-pushing-people-out-of-political-process-5498331
2dc159754355ceea137da54191067e42b2098e4914bae2418454c9071e0abfbb,2024-04-23 05:38:26.602389+00:00,en,indianexpress.com,indianexpress.com,2024-04-21,"From the Opinions Editor: As Lok Sabha polls begin, it’s over to the young voter",https://indianexpress.com/article/opinion/columns/lok-sabha-polls-2024-young-voters-9283096/
04473f0045579b9f4c416be64123bf451dabfa8fb4f81e9783d8ad9eb773fa4f,2024-04-22 03:44:44.274232+00:00,en,thequint.com,thequint.com,2024-04-20,"As EVMs-VVPATs Matter Gathers Steam, Key Reasons Why the Ball Is in SC’s Court| OPINION",https://www.thequint.com/opinion/evm-vvpat-hearing-in-supreme-court-election-commission-of-india-ballot-paper-key-rebuttals
89f0b793d0df71b3f30b498e4870083bcb6a143cdd56bc2b362b11ce4dc77195,2024-04-22 03:44:43.693475+00:00,en,thequint.com,thequint.com,2024-04-20,"In J , A Lack of Unity In Leadership Hints At Fractured Politics Ahead Of Polls",https://www.thequint.com/opinion/jk-polls-gupakr-alliance-nc-pdp-omar-abdullah-mehbooba-mufti-lok-sabha-2024
f0e186830e0d3ba4427f18db4eaca5c40643aae546f454c2dda820b7e9e46fac,2024-04-22 00:53:27.348561+00:00,en,indianexpress.com,indianexpress.com,2024-04-20,India’s Ambassador to Ireland crossed the political line by praising PM,https://indianexpress.com/article/opinion/india-ambassador-to-ireland-crossed-the-political-line-by-praising-pm-modi-9281020/
b5b24b78a32ca9fa6d13aa7f5f6d3379e67f243de01b7582ef3132642f0a3765,2024-04-22 00:52:38.775334+00:00,en,indianexpress.com,indianexpress.com,2024-04-20,"How India’s ‘one citizen, one vote’ democracy came to be",https://indianexpress.com/article/opinion/columns/story-of-one-citizen-one-9280304/
5ae589ebd46bae786bb4836c3158dbdbdf705da35975ddbc55075206e24550e4,2024-04-22 00:24:09.329005+00:00,en,hindustantimes.com,hindustantimes.com,2024-04-20,The power of a North Indian migrant in Maharashtra,https://www.hindustantimes.com/opinion/keeping-up-with-up-the-power-of-a-north-indian-migrant-in-maharashtra-101713627820755.html
7a50cc4c91164dbe5a5e7eaff7747d79cc8d5c13956c4ab18b34f6f1375f7a97,2024-04-21 02:18:11.616203+00:00,en,thehindu.com,thehindu.com,2024-04-20,"First step: on the general election, the BJP’s southern push",https://www.thehindu.com/opinion/editorial/first-step-on-the-general-election-the-bjps-southern-push/article68084180.ece
16a78f5126bf38137d663ca88dbeebae37edfa0f040940d51c135195864d85be,2024-04-21 02:18:11.570359+00:00,en,thehindu.com,thehindu.com,2024-04-20,"Letters to The Editor — April 20, 2024",https://www.thehindu.com/opinion/letters/letters-to-the-editor-april-20-2024/article68085196.ece
89cecc0bd5be43ee17cc3776d6304dcff4c85164092b2c649f109faecf993b84,2024-04-21 01:07:11.529748+00:00,en,hindustantimes.com,hindustantimes.com,2024-04-19,"No wave in sight, big surprises are unlikely in the offing",https://www.hindustantimes.com/opinion/no-wave-in-sight-big-surprises-are-unlikely-in-the-offing-101713536297211.html
051f88899f888a134c62de52c5e2ff0d90e1966defbccc78a95caa32173ad069,2024-04-20 05:53:47.608338+00:00,en,hindustantimes.com,hindustantimes.com,2024-04-18,How ECI intends to push voter turnout,https://www.hindustantimes.com/opinion/how-eci-intends-to-push-voter-turnout-101713447523019.html
67736ffe667016f6365fa43089e1bbbb12e99d574e45bd5fb08e8d2cf2e17114,2024-04-20 05:53:42.825630+00:00,en,hindustantimes.com,hindustantimes.com,2024-04-18,A referendum on Modi’s leadership,https://www.hindustantimes.com/opinion/a-referendum-on-modi-s-leadership-101713447318052.html
85307b644b8dc8159c3c5f383fa158ce5135f088a44e300138e268baed07b3d8,2024-04-20 05:53:20.515588+00:00,en,hindustantimes.com,hindustantimes.com,2024-04-18,All eyes on Tamil Nadu: Can Modi's BJP breach Periyarist bastion in 2024 Lok Sabha elections?,https://www.hindustantimes.com/analysis/all-eyes-on-tamil-nadu-can-modis-bjp-breach-periyarist-bastion-in-2024-lok-sabha-elections-101713447202772.html
b738d98cf1a67008896e6be04519314980bac4a184f89620651d1be0ddac2903,2024-04-20 00:22:15.718209+00:00,en,indiatimes.com,indiatimes.com,2024-04-18,"Trust is key: As SC again hears petitions on poll process, EC should consider increasing VVPAT verification",https://timesofindia.indiatimes.com/blogs/toi-editorials/trust-is-key-as-sc-again-hears-petitions-on-poll-process-ec-should-consider-increasing-vvpat-verification/
f2a5c0582df19a3eb652d16d451ebc00afe49a315ed786de91cce8c0e0429801,2024-04-20 00:17:15.636111+00:00,en,indiatimes.com,indiatimes.com,2024-04-18,"Lok Sabha election 2024 begins: Here we go again, India",https://economictimes.indiatimes.com/opinion/et-commentary/lok-sabha-election-2024-begins-here-we-go-again-india/articleshow/109411145.cms
2b5a5ea1d74636d4ca5f5c998aa2ce14df1d69c0166501dd88803213491e874e,2024-04-19 13:13:12.851192+00:00,en,thequint.com,thequint.com,2024-04-17,"West Bengal: As Modi Firms His Grip, Can Mamata Bridge the North-South Divide?",https://www.thequint.com/opinion/west-bengal-elections-first-phase-polls-mamata-banerjee-narendra-modi-bjp-tmc-north-south-divide
e1f8f75ab0e44168f81365ed34ed84f8f1e60b746488e58c8971296c88349941,2024-04-19 02:23:21.726457+00:00,en,hindustantimes.com,hindustantimes.com,2024-04-17,"In Manipur, what does violence hold out for voters",https://www.hindustantimes.com/analysis/northeastern-view-in-manipur-what-does-violence-hold-out-for-voters-101713368681888.html
22fd90f707a434a18f87f650d98538f555b948ee0ced3b13167121e04a66490e,2024-04-19 02:23:14.491727+00:00,en,hindustantimes.com,hindustantimes.com,2024-04-17,"In Tamil Nadu, a clash of visions",https://www.hindustantimes.com/editorials/in-tamil-nadu-a-clash-of-visions-101713363523654.html
252840eccab69fcca2c7242dfb10513effa89d9e7e0c08468ea0c8be51803083,2024-04-19 00:26:49.950263+00:00,en,ndtv.com,ndtv.com,2024-04-17,Will NDA Achieve '400 Paar'? What Poll Of Opinion Polls Shows,https://www.ndtv.com/india-news/lok-sabha-election-poll-of-opinion-polls-nda-to-outdo-itself-but-will-it-go-400-paar-poll-of-opinion-polls-shows-5461665
5794da18131e71eadde9fd831d5e82a84cedc1b5b7495f910ce8e17fd0eb6527,2024-04-18 05:22:06.967619+00:00,en,thehindu.com,thehindu.com,2024-04-17,A referendum on India’s future,https://www.thehindu.com/opinion/lead/a-referendum-on-indias-future/article68072822.ece
2e76ced824535528a2f59487d458a8e56a80947afd09c2296152e1a1af01626a,2024-04-18 05:20:18.962897+00:00,en,thehindu.com,thehindu.com,2024-04-17,"No support from the BJP, ‘partial allies’ in the Opposition",https://www.thehindu.com/opinion/op-ed/no-support-from-the-bjp-partial-allies-in-the-opposition/article68072866.ece
32432ff6d083bddd4e5fc16f606d0c30f9bd6f48ebee9510054629f4654ddc6e,2024-04-18 02:03:42.060170+00:00,en,hindustantimes.com,hindustantimes.com,2024-04-16,Will the 2024 Lok Sabha polls be a watershed or inconsequential in India’s democratic journey,https://www.hindustantimes.com/opinion/terms-of-trade-will-the-2024-lok-sabha-polls-be-a-watershed-or-inconsequential-in-india-s-democratic-journey-101713266425659.html
cf371d6d06ccd586267fa968d4059cbe426a3fccce92ee3fb84f9928cb6ccc51,2024-04-18 00:40:21.374465+00:00,en,indianexpress.com,indianexpress.com,2024-04-16,Lok Sabha polls Phase-2: ADR analysis shows 21% of candidates have criminal cases against them,https://indianexpress.com/elections/lok-sabha-polls-adr-candidates-criminal-cases-9274100/
dc586e2d6f541ca72f53b562a1ebdb15b2d246a44e725f4ad2272d1d02f28ecd,2024-04-18 00:11:53.609668+00:00,en,indiatimes.com,indiatimes.com,2024-04-16,LS polls Phase-2: ADR analysis shows 21 pc of candidates have criminal cases against them,https://economictimes.indiatimes.com/news/elections/lok-sabha/india/ls-polls-phase-2-adr-analysis-shows-21-pc-of-candidates-have-criminal-cases-against-them/articleshow/109351876.cms
bc0e4b0e2b18dea4f6e64183d9daf59921ddb4aacbcf53836a9cbf0c3f57ba73,2024-04-17 01:32:38.241242+00:00,en,hindustantimes.com,hindustantimes.com,2024-04-15,How will the Northeast vote?,https://www.hindustantimes.com/analysis/how-will-the-northeast-vote-101713184608085.html
01d375dadc37d7b1f5c1f940ba817b134e69fd849eff82804e70e86afad06dd4,2024-04-17 00:36:54.864225+00:00,en,ndtv.com,ndtv.com,2024-04-15,With An Eye On The Future: Decoding The BJP's Tamil Nadu Strategy,https://www.ndtv.com/opinion/lok-sabha-elections-2024-decoding-the-bjps-tamil-nadu-strategy-against-dmk-aiadmk-5447835
079883f0b94a4b3f726cb7ac7663920683ffba43138a145b57bdf318973539c9,2024-04-16 02:44:25.075697+00:00,en,thehindu.com,thehindu.com,2024-04-15,"An offer, an uproar, and a rejection",https://www.thehindu.com/opinion/op-ed/an-offer-an-uproar-and-a-rejection/article68064941.ece
274887953a82753f8093964fcc833dc0cd8f288011b70b1cf63740db8d2e5ba9,2024-04-16 00:22:44.857057+00:00,en,hindustantimes.com,hindustantimes.com,2024-04-15,Has ECI taken the colour off election campaigns?,https://www.hindustantimes.com/opinion/has-eci-taken-the-colour-off-election-campaigns-101713118058118.html
b33ee106a8f7a3fbb1e21d9acd69ec209309041ed00123552ca7ba3448280a0f,2024-04-15 03:05:36.677727+00:00,en,thequint.com,thequint.com,2024-04-13,Well Begun but Not Yet Done,https://www.thequint.com/opinion/congress-shiv-sena-ncp-on-the-mva-seat-sharing-deal-in-maharashtra
50bbb112f3941e45ae569714381bb8f286bac2cd11ea6f7acb644da108f7d40e,2024-04-15 00:18:13.681400+00:00,en,hindustantimes.com,hindustantimes.com,2024-04-13,What’s on the mind of Indian voters as we go in for general elections in a week,https://www.hindustantimes.com/analysis/ecostani-what-s-on-the-mind-of-indian-voters-as-we-go-in-for-general-elections-in-a-week-101713018910178.html
bea25352241b8ba216ded8d5d6ed7623214d02a5a13bf9299bf94df9221091e4,2024-04-15 00:18:11.755467+00:00,en,hindustantimes.com,hindustantimes.com,2024-04-13,"Analysts predict Muslim consolidation, say the community will vote en bloc in UP",https://www.hindustantimes.com/opinion/keeping-up-with-up-analysts-predict-muslim-consolidation-say-the-community-will-vote-en-bloc-in-up-101713021448403.html
d13a8eecfa0f8f964781939be52e09f41530998113050650a59cbb5d6ede1a61,2024-04-15 00:18:03.995241+00:00,en,hindustantimes.com,hindustantimes.com,2024-04-13,Ink that protects the sanctity of elections,https://www.hindustantimes.com/opinion/ink-that-protects-the-sanctity-of-elections-101713009097217.html
25d4d72799f702df104f69e323ca84ae3716ce58f4b48a28d2f9067084d5a1b7,2024-04-14 00:28:04.160491+00:00,en,hindustantimes.com,hindustantimes.com,2024-04-12,How the BSP ceased to be the force it once was in UP,https://www.hindustantimes.com/opinion/how-the-bsp-ceased-to-be-the-force-it-once-was-in-up-101712930368507.html
efffa65111c22ab3ac13257c1b54e47fe5ebbe88f35daf2d9c177c4548f8caf4,2024-04-12 00:48:16.855630+00:00,en,hindustantimes.com,hindustantimes.com,2024-04-10,Banking on parivar to win in Karnataka,https://www.hindustantimes.com/opinion/banking-on-parivar-to-win-in-karnataka-101712757613678.html
fead1fc3a28a42edc32ac7aab355851ed74c2372b562596e62a7667e26c4e592,2024-04-11 08:16:45.930525+00:00,en,opindia.com,opindia.com,2024-04-09,'Columnist' Andy Mukherjee goes on a blocking spree after Indians point out gaping holes in his Bloomberg op-ed,https://www.opindia.com/2024/04/andy-mukherjee-goes-on-a-blocking-spree-after-indians-point-out-gaping-holes-in-his-bloomberg-op-ed/
08848d71e553bcceacb12f5a5a833022425eb404f5af1dfe099c302b5d6dbef5,2024-04-11 06:11:58.186914+00:00,en,ndtv.com,ndtv.com,2024-04-09,Road To 2024: Can Economic Performance Affect A Party's Winnability,https://www.ndtv.com/opinion/road-to-2024-can-economic-performance-affect-a-partys-winnability-5404893
76738feab99a42112bdb4cc13046b3b9a0c1e804166462eeb8a6a3a2ccdb08c5,2024-04-11 00:43:41.937801+00:00,en,hindustantimes.com,hindustantimes.com,2024-04-09,"As young leaders emerge, Dalit community seeks their share of power",https://www.hindustantimes.com/opinion/keeping-up-with-up-as-young-leaders-emerge-dalit-community-seeks-their-share-of-power-101712663793148.html
a6ca44396aef4a522fd87254ff0c8f67735073c3646e4cdb21dbab61ec0b2325,2024-04-10 09:40:30.817033+00:00,en,thequint.com,thequint.com,2024-04-08,"Operation Ganga Jal: In Rajasthan, With the Jat Revolt On, Is BJP in Deep Water?",https://www.thequint.com/opinion/operation-gangajal-jats-vs-the-bjp-bharatpur-dholpur-east-rajasthan-bhajan-lal-sharma
4802b9102440823a8aee88d0fc5c7b3e093a796fa9774c2b8554190052d26b8d,2024-04-10 03:38:52.546301+00:00,en,rediff.com,rediff.com,2024-04-08,41% 'red alert' constituencies in Phase 1 of LS polls,https://www.rediff.com/news/report/ls-poll-phase-1-adr-analysis-shows-41-constituencies-have-3-or-more-candidates-with-criminal-cases/20240408.htm
96a2e8604a8a30ef325e4f3cd08add8d10492cdc36cf9184b383881e0fe88074,2024-04-10 02:35:57.874512+00:00,en,ndtv.com,ndtv.com,2024-04-08,Tamil Nadu: Can BJP Emerge As An Alternative To Dravidian Politics,https://www.ndtv.com/opinion/tamil-nadu-can-bjp-emerge-as-an-alternative-to-dravidian-politics-5399483
acb2c4d475e326bfb9281c477043e9cfca05b97feabc93d4f8c7e51cbc6b7204,2024-04-10 02:35:49.910104+00:00,en,ndtv.com,ndtv.com,2024-04-08,BJP's 44 Years: How Strong Is Its Fort Going Into 2024 Polls,https://www.ndtv.com/opinion/bjps-44-years-how-strong-is-its-fort-going-into-2024-polls-5397430
e39037dc8e85c059ad93c563c80111d3ebe256b85d867e157e135fe161a137e9,2024-04-09 06:58:17.739801+00:00,en,thequint.com,thequint.com,2024-04-07,"Sunday View: The Best Weekend Opinion Reads, Curated Just for You",https://www.thequint.com/opinion/sunday-view-the-best-weekend-opinion-reads-curated-just-for-you-142
d772ee78764600a37ab7c7045c60afe5988d3084f6bdd6b0df1ea08262e8dd29,2024-04-09 00:43:27.932335+00:00,en,indianexpress.com,indianexpress.com,2024-04-07,Vandita Mishra writes: BJP has upped the stakes in this election. Can the Opposition step up to it?,https://indianexpress.com/article/opinion/columns/lok-sabha-elections-bjp-opposition-9256554/
4a49855f11623451f7a5721fc8c5541a2ce1c8f8e57c096e7c53e4dc86208fd2,2024-04-07 02:32:37.478028+00:00,en,ndtv.com,ndtv.com,2024-04-05,The Dynamics of Muslim Political Participation,https://www.ndtv.com/opinion/the-dynamics-of-muslim-political-participation-in-india-5380468
945cd4a3576327026904c715f3d76d37a9791db731bbc814aa5976e6fdc87a3e,2024-04-06 07:33:54.112804+00:00,en,thequint.com,thequint.com,2024-04-04,"Elections 2024: In the Battle Against Modi, Mahua is Mamata's Strongest Warrior",https://www.thequint.com/opinion/mamata-banerjee-mahua-moitra-saga-trinamool-congress-narendra-modi-bjp-government-lok-sabha-elections-2024
6ad368ccf2f58b80862ee5dc9b9ebdf6788fdeefa574c7340a1787e60aa7236c,2024-04-06 02:16:34.350582+00:00,en,thehindu.com,thehindu.com,2024-04-05,Overkill: On only a 100% recount of VVPATs,https://www.thehindu.com/opinion/editorial/overkill-on-only-a-100-recount-of-vvpats/article68029040.ece
536e3a1204dffdfa3b1bb51b332411058d0c074e56d6689b4255450e86737fb2,2024-04-06 02:00:57.443564+00:00,en,ndtv.com,ndtv.com,2024-04-04,"With Kejriwal's Arrest, Opposition Gets A Poll Plank On A Platter",https://www.ndtv.com/opinion/lok-sabha-elections-2024-with-arvind-kejriwals-arrest-opposition-gets-a-poll-plank-on-a-platter-5371680
139aaa6e720d2254d3ad567ba4fd64827b7f4d4e0e083ce0415657779a63d9e0,2024-04-06 01:42:56.689504+00:00,en,indianexpress.com,indianexpress.com,2024-04-04,"Nirmala Sitharaman, election finances and revelations about BJP’s limitations",https://indianexpress.com/article/opinion/columns/nirmala-sitharaman-election-finances-revelations-bjp-limitations-9251387/
417fc3f8c863c9af26ab5292a5c933bd802c8a95e16cf427ffc8109a03d06adf,2024-04-06 01:42:07.925510+00:00,en,indianexpress.com,indianexpress.com,2024-04-04,The playing field for 2024 is level. Opposition should trust the voters,https://indianexpress.com/article/opinion/columns/playing-field-2024-level-opposition-trust-voters-9251893/
ccdf423541486b379e245cf34d0f2be8098114221864d22526725ceea8f597f8,2024-04-05 01:58:56.369905+00:00,en,indiatoday.in,indiatoday.in,2024-04-03,"Fact Check: India Today opinion poll DID NOT predict 4 seats for Opposition in Delhi, viral post is misleading",https://www.indiatoday.in/fact-check/story/india-today-opinion-poll-did-not-predict-4-seats-for-opposition-in-delhi-viral-post-is-misleading-2522792-2024-04-03?utm_source=rss
ccaf315c9e4b8b617e90c74d2049d545bc5e5d202c947631446d886601a60001,2024-04-05 01:26:13.327973+00:00,en,ndtv.com,ndtv.com,2024-04-03,"US Presidential Polls: Trump or Biden, India's Stakes Are Higher Than Ever",https://www.ndtv.com/opinion/us-presidential-polls-trump-or-biden-indias-stakes-are-higher-than-ever-5365757
e5afbb7c57541304d6b09c95f9e1a279eba3f46b2ca0f5c49edfe0a2cc9d98c5,2024-04-05 01:25:35.762642+00:00,en,ndtv.com,ndtv.com,2024-04-03,"Telangana: Congress Is Upbeat, But A Bipolar Fight With BJP Looms",https://www.ndtv.com/opinion/telangana-congress-is-upbeat-but-a-bipolar-fight-with-bjp-looms-5364513
2e0ca32349711344ecd12a7075d6add05d63240499d4f436a121c837255c03a4,2024-04-04 02:01:27.144596+00:00,en,ndtv.com,ndtv.com,2024-04-02,Elections 2024: Why Gujarat Continues To Be BJP's Fortress,https://www.ndtv.com/opinion/elections-2024-why-gujarat-continues-to-be-bjps-fortress-5358422
e3af781e56de94a742ee6fa0391d6d582fb813921c9d7651e088a52185476abd,2024-04-04 01:26:40.308887+00:00,en,indiatoday.in,indiatoday.in,2024-04-02,Opinion: Lok Sabha 2024,https://www.indiatoday.in/opinion/story/lok-sabha-2024-predicting-maharashtra-is-a-nightmare-for-pollsters-opinion-2522345-2024-04-02?utm_source=rss
40b773c3ccd89c80e80c4c6c6eeab6dac57027440515cc85d9ea6aa27a358737,2024-04-04 01:26:38.153530+00:00,en,indiatoday.in,indiatoday.in,2024-04-02,Opinion: Lessons for India’s Opposition from Erdogan’s big defeat in local Turkey polls,https://www.indiatoday.in/opinion/story/lessons-for-indias-opposition-from-erdogans-big-defeat-in-local-turkey-polls-opinion-2522433-2024-04-02?utm_source=rss
786c6b7773b1ada842167e925952c1240a8d9f7b56c3f014c9d204d7af84c65e,2024-04-04 01:10:08.150755+00:00,en,indianexpress.com,indianexpress.com,2024-04-02,From UPA government to CM Manohar Parrikar: When governments listen to the Election Commission,https://indianexpress.com/article/opinion/columns/election-commission-governments-9247059/
a04da5d849f5c5519888e20b7ca501f4ebb193fe41f78dbe158159ce19e5a3cb,2024-04-03 01:49:50.087317+00:00,en,ndtv.com,ndtv.com,2024-04-01,"How 'Victim' Mindset, Lack Of Narrative Is Hurting The INDIA Bloc",https://www.ndtv.com/opinion/lok-sabha-election-2024-whats-hurting-india-bloc-victim-mindset-lack-of-narrative-5351687
22a3cff6d8bc0a9cd75edf48823218a439041f70626836ed7dd2c1a40bc1b698,2024-04-03 01:48:50.566250+00:00,en,ndtv.com,ndtv.com,2024-04-01,Lok Sabha Elections 2024: A Tale Of 'Friendly Contests,https://www.ndtv.com/opinion/lok-sabha-elections-2024-a-look-at-friendly-contests-over-the-years-5350645
02d885c8cc6e8e3eeadde2d5709527c85574b56e16f83c034500ea1ace607d9e,2024-04-03 01:22:49.252672+00:00,en,thehindu.com,thehindu.com,2024-04-02,"AI in elections, the good, the bad and the ugly",https://www.thehindu.com/opinion/op-ed/ai-in-elections-the-good-the-bad-and-the-ugly/article68017085.ece
f3722fdb660ff1b288667340ba580208dc7be235bcf359ff5771e64fd56a5d7c,2024-04-03 01:03:03.981348+00:00,en,hindustantimes.com,hindustantimes.com,2024-04-01,Onus is on the ECI to build trust in elections,https://www.hindustantimes.com/opinion/onus-is-on-the-eci-to-build-trust-in-elections-101711980732978.html
143da9849d1bfec1e3b5461c4dcfdeafe6421dbd38889cf55566c185ad1c98b5,2024-04-01 01:35:25.058959+00:00,en,rediff.com,rediff.com,2024-03-30,What's BJP's Game Plan In Haryana?,https://www.rediff.com/news/column/whats-bjps-game-plan-in-haryana/20240330.htm
d59e2a8eb386309ea3875e9fb95073163b9354480d2229447b409963aa8dd2f1,2024-03-31 00:52:49.567417+00:00,en,ndtv.com,ndtv.com,2024-03-29,"Why BJP Faces An Uphill Battle In Karnataka, Its 'Gateway' To South",https://www.ndtv.com/opinion/why-bjp-faces-an-uphill-battle-in-karnataka-its-gateway-to-south-5332263
e5626705fee6baf3ebf8674a2254db715f06a0c278df1b3fd17bfbc18533bd04,2024-03-31 00:10:04.228827+00:00,en,india.com,india.com,2024-03-29,Lok Sabha Elections 2024: Historic Win For BJP Predicted In All 5 Uttarakhand Seats,https://zeenews.india.com/india/zee-news-matrize-opinion-poll-historic-win-for-bjp-predicted-in-uttarakhand-lok-sabha-elections-2735343.html
4bd5eda2319612a368891df09fa14f8a076a194984538aa65ada3c7b586bdaa1,2024-03-30 03:19:33.371344+00:00,en,thequint.com,thequint.com,2024-03-28,"The Legal, Economic, and Logistical Aspects of One Nation, One Election",https://www.thequint.com/opinion/the-legal-economic-and-logistical-aspects-of-one-nation-one-election
c1803b235ecf8eb329ee88a3793fe34d6aa13b164f56a99212f9205bc95ef38c,2024-03-30 02:31:14.498083+00:00,en,hindustantimes.com,hindustantimes.com,2024-03-28,CAA and the TMC’s solo act blur poll picture in Bengal,https://www.hindustantimes.com/opinion/caa-and-the-tmc-s-solo-act-blur-poll-picture-in-bengal-101711633971167.html
dbf68650e93d3578ab6cda8aed9a915557033e0b2a78bf07a13fff66657acba5,2024-03-30 01:27:49.057609+00:00,en,ndtv.com,ndtv.com,2024-03-28,Elections 2024: The Growing Relevance Of India's Backroom Strategists,https://www.ndtv.com/opinion/opinion-lok-sabha-elections-2024-the-growing-relevance-of-indias-backroom-strategists-5326586
40ee5f0937b8a060e0ea6a250ac51927f9a9770ac82c6d8e50e580dee5be5d84,2024-03-29 01:49:23.154213+00:00,en,thequint.com,thequint.com,2024-03-27,Anantkumar Hegde Dropped: Was He a Millstone Around the BJP's Neck in Karnataka?,https://www.thequint.com/opinion/anantkumar-hegde-dropped-karnataka-was-he-a-millstone-around-the-bjp-neck
ef28f0d44ed2070bfe6f0901604133a32a68e74645552292f63773d086e08af6,2024-03-29 00:49:47.586039+00:00,en,thehindu.com,thehindu.com,2024-03-28,"Letters to The Editor — March 28, 2024",https://www.thehindu.com/opinion/letters/letters-to-the-editor-march-28-2024/article67999242.ece
b929861db588eb702d83800869e22152e9725a615844a1741d8cb9cdd29fcce9,2024-03-29 00:49:11.301855+00:00,en,thehindu.com,thehindu.com,2024-03-27,"Opinion divided on how inflation, unemployment will sway voters in Kerala",https://www.thehindu.com/elections/lok-sabha/opinion-divided-on-how-inflation-unemployment-will-sway-voters-in-kerala/article67998152.ece
3d242d9201ea4df28e45d349e8d9c7930cb8208d65ae6151821b68e3ca56403c,2024-03-29 00:20:20.382832+00:00,en,indiatimes.com,indiatimes.com,2024-03-27,Swot analysis: Parties in dire need of Telangana Lok Sabha booster,https://timesofindia.indiatimes.com/city/hyderabad/swot-analysis-parties-in-dire-need-of-telangana-lok-sabha-booster/articleshow/108807261.cms
189a19788ab7ec933f14adcefcc70709ce7701cd59885d8c366534cd72ddcc33,2024-03-28 00:58:09.408133+00:00,en,indiatoday.in,indiatoday.in,2024-03-26,Opinion: Can Kejriwal’s arrest generate sympathy and propel AAP in Delhi?,https://www.indiatoday.in/opinion/story/can-arvind-kejriwals-arrest-generate-sympathy-and-propel-aap-in-delhi-opinion-2519623-2024-03-26?utm_source=rss
0805672d45cb73dea4b1cb25d8bedec455395b5fac0fdc4158de926303dd4920,2024-03-27 03:55:12.612435+00:00,en,rediff.com,rediff.com,2024-03-25,1 Nation 1 Poll: What's Modi's Thinking?,https://www.rediff.com/news/column/n-sathiya-moorthy-1-nation-1-poll-whats-modis-thinking/20240325.htm
e469293f8ef27ab9bb70bfb78622ce78b9d1eb2840376fad901b60b1a6eaf36c,2024-03-27 03:43:42.421479+00:00,en,thequint.com,thequint.com,2024-03-25,Arvind Kejriwal Arrest: Has the BJP Given Delhi 2025 on a Platter to AAP?,https://www.thequint.com/opinion/arvind-kejriwal-arrest-ed-has-bjp-increased-aaps-chances-in-2025-delhi-government-modi-government
1e603af1448f6daba9ab509f403b0f9ac9e1ecc945169e02f32cdc3000b3b224,2024-03-27 03:25:34.344155+00:00,en,ndtv.com,ndtv.com,2024-03-21,Can BJP Benefit From A Long Poll Schedule? Here's What Data Shows,https://www.ndtv.com/opinion/can-bjp-benefit-from-a-long-poll-schedule-heres-what-data-shows-5283242
7bf3eaa8af10a864680da7927bcf040a0f64099da5ef29b897b735ec8e506a10,2024-03-26 01:49:46.838059+00:00,en,indianexpress.com,indianexpress.com,2024-03-24,P Chidambaram writes: The soup kitchen,https://indianexpress.com/article/opinion/columns/lok-sabha-elections-2024-evm-nota-option-caa-nrc-9230734/
f896f167e81c2b3456ba04b68a65f5ac669485072d77281d5705360e25fb8c0a,2024-03-25 00:34:49.961200+00:00,en,indianexpress.com,indianexpress.com,2024-03-23,"Kejriwal in custody, Congress without money: BJP government’s attack on Opposition shows how little it thinks of the voter",https://indianexpress.com/article/opinion/columns/kejriwal-in-custody-congress-without-money-bjp-governments-attack-on-opposition-shows-how-little-it-thinks-of-the-voter-9229757/
82cd1f15282a9424d7460317b53c892eb2c5611c168284391076e0cf70def569,2024-03-24 06:40:59.847519+00:00,en,thequint.com,thequint.com,2024-03-22,Arresting Arvind Kejriwal is the BJP's Strategic Misstep,https://www.thequint.com/opinion/arvind-kejriwal-arrest-bjp-strategic-misstep-aap-delhi
c730d4e9208adac474387fd170dd225b7064d161782b2ac15f04872908b48396,2024-03-24 01:33:52.201150+00:00,en,indiatoday.in,indiatoday.in,2024-03-22,"Opinion: In Odisha, impending BJP-BJD alliance throws up as many questions as scenarios",https://www.indiatoday.in/opinion/story/in-odisha-impending-bjp-bjd-alliance-throws-up-as-many-questions-as-scenarios-opinion-2518045-2024-03-22?utm_source=rss
b7f563969efb6b9c106d9a8fdfec712b52d96f94eb6e1512c605ce876d51a9c8,2024-03-24 00:50:53.974641+00:00,en,indianexpress.com,indianexpress.com,2024-03-22,Express View on Arvind Kejriwal in custody: A moment of deep disquiet,https://indianexpress.com/article/opinion/editorials/express-view-on-arvind-kejriwal-in-custody-a-moment-of-deep-disquiet-9229169/
24b9fe2bc13818c74b135311c31839695145806b30b2c44961c0f2662d39365d,2024-03-23 06:14:50.488929+00:00,en,hindustantimes.com,hindustantimes.com,2024-03-21,"Lok Sabha Election 2024 highlights: BJP fields Annamalai, Murugan, Soundararajan from Tamil Nadu",https://www.hindustantimes.com/india-news/lok-sabha-election-2024-live-updates-bjp-congress-candidates-list-india-general-elections-opinion-poll-latest-news-march-21-101710983343691.html
881874644e000b30a429cc74998af1b0c47ea12c3362b64dc947bc1408f48370,2024-03-23 01:47:08.679436+00:00,en,thehindu.com,thehindu.com,2024-03-21,"In Britain, the Establishment confronts the Movement",https://frontline.thehindu.com/columns/europeside-in-britain-the-establishment-confronts-the-movement-susan-ram-on-pro-palestine-campaign-uk-political-class-vs-voters-tories-labour/article67971635.ece
ed603097a7fd21fe219c6c43f006146ab1388b291155034869cdc03febd392a6,2024-03-22 07:27:23.973959+00:00,en,thequint.com,thequint.com,2024-03-20,One Nation One Election is a Double-Edged Sword: Examining 5 Crucial Aspects,https://www.thequint.com/opinion/one-nation-one-election-is-a-double-edged-sword-examining-5-crucial-aspects
efe5f69c39ede3f0d017743e0d61e17f35ac22acb254f31299c91bbab2875bab,2024-03-22 06:50:31.234692+00:00,en,rediff.com,rediff.com,2024-03-20,BJP's TN Gameplan: Knock AIADMK Out Of The Ring,https://www.rediff.com/news/column/n-sathiya-moorthy-bjps-tn-gameplan-knock-aiadmk-out-of-the-ring/20240320.htm
1deeed6a376113f34221f18d8695fffc7eacb5a74b212ca305cb6d4a8e81f8fe,2024-03-22 01:27:10.037734+00:00,en,hindustantimes.com,hindustantimes.com,2024-03-21,Analysing BJP’s focus seats in Kerala for 2024 general elections,https://www.hindustantimes.com/analysis/analysing-bjp-s-focus-seats-in-kerala-for-2024-general-elections-101710959901709.html
cb2404f3bdd98c5e3a346655ac43ee9840f3100f08025de7c0eaf5fc4af536dd,2024-03-22 01:23:20.384573+00:00,en,hindustantimes.com,hindustantimes.com,2024-03-20,"Lok Sabha Election 2024 Live: EC directs all states, UTs to remove unauthorised political ads",https://www.hindustantimes.com/india-news/lok-sabha-election-2024-live-updates-bjp-sp-bsp-candidates-list-india-general-elections-opinion-poll-latest-news-101710892755763.html
7d6c7147493f3ef5edc638daceb05c10de3ebb383bfe4ddb67d14a264f4c9753,2024-03-21 05:43:33.592270+00:00,en,hindustantimes.com,hindustantimes.com,2024-03-19,Lok Sabha Election 2024 LIVE: Former JMM MLA Sita Soren joins BJP,https://www.hindustantimes.com/india-news/lok-sabha-election-2024-live-updates-schedule-date-all-states-bjp-congress-sp-bsp-opinion-poll-nda-india-march-19-101710806179154.html
3e30387539c7e773ea878591267d49cec70f13d9409d335bb8a54d8298089886,2024-03-21 00:43:17.562926+00:00,en,thehindu.com,thehindu.com,2024-03-20,The fight for minority votes in Kerala,https://www.thehindu.com/opinion/op-ed/the-fight-for-minority-votes-in-kerala/article67968525.ece
d0c37558293a2ae01316e097fdc0fba7bd100081b9d7905537b3228ef3d92fc1,2024-03-20 01:23:28.435616+00:00,en,ndtv.com,ndtv.com,2024-03-18,Opinion: Simultaneous Polls May Help Regional Parties Much More Than BJP,https://www.ndtv.com/opinion/simultaneous-polls-not-bjp-regional-parties-stand-to-gain-more-5261126
5008fbb1e8425cd3707b8fa5fda5b4d1a5e904b5c75eeea9ae8081abef573ae4,2024-03-20 01:20:36.157339+00:00,en,indiatimes.com,indiatimes.com,2024-03-18,"Polls, put the kettle on",https://economictimes.indiatimes.com/opinion/et-commentary/polls-put-the-kettle-on/articleshow/108595822.cms
4fc07654456d8343dce3db9323fcc282590cdea2457e0948baf38f0b14b2f76c,2024-03-19 04:40:03.506968+00:00,en,thequint.com,thequint.com,2024-03-17,"Electoral Bonds One of Many Allegations. Yet, 'Teflon' Modi Eyes Election Win",https://www.thequint.com/opinion/electoral-bonds-is-one-of-many-allegations-teflon-modi-eyes-election-win
c953fbca0f75dc2c65b0a6d8f9906b6caec8f00bb128be1aa3cfd6dff934b18c,2024-03-19 04:40:02.113696+00:00,en,thequint.com,thequint.com,2024-03-17,"Sunday View: The Best Weekend Opinion Reads, Curated Just for You",https://www.thequint.com/opinion/sunday-view-the-best-weekend-opinion-reads-curated-just-for-you-139
32f4a3eb3158f53d8ed3f499fa2a5be01569c685509af1d5cfa15313b62b1d5f,2024-03-19 01:35:56.726852+00:00,en,rediff.com,rediff.com,2024-03-17,Will BJP win with a bigger margin? A SWOT analysis,https://www.rediff.com/news/report/will-bjp-win-with-a-bigger-margin-a-swot-analysis/20240317.htm
fb9a20202f4c9e32fc6a28d0018def5a94084c52211bf043da1cabbf0626d13c,2024-03-19 01:10:23.728444+00:00,en,indianexpress.com,indianexpress.com,2024-03-17,From the Opinions Editor: Release of electoral bonds data is a watershed moment,https://indianexpress.com/article/opinion/columns/electoral-bonds-data-watershed-moment-9219462/
557ff86b08205ff40e31e5768b496b2602deb41066cff3634d2c37cd682a3668,2024-03-19 00:32:38.901251+00:00,en,thehindu.com,thehindu.com,2024-03-18,On the ballot: The Hindu Editorial on the general election to the 18th Lok Sabha,https://www.thehindu.com/opinion/editorial/on-the-ballot-the-hindu-editorial-on-the-general-election-to-the-18th-lok-sabha/article67961517.ece
7b19bf448ef3650a519af4d0401f58ffec77bc67b2c80e8061c462e543d6811b,2024-03-19 00:19:56.828832+00:00,en,hindustantimes.com,hindustantimes.com,2024-03-18,Another Lok Sabha election nears with change in the air,https://www.hindustantimes.com/opinion/another-lok-sabha-election-nears-with-change-in-the-air-101710701031532.html
c31e76d0317d91e0b31881d0ef4f12a4ee5e39de6018270d4f28040c827ac5d8,2024-03-18 06:16:21.702814+00:00,en,indianexpress.com,indianexpress.com,2024-03-16,"Ashutosh Varshney writes: Why and how One Nation, One Election is divisive",https://indianexpress.com/article/opinion/ashutosh-varshney-writes-why-how-one-nation-one-election-divisive-9217944/
cb82d6ce713fcfbdd6b23896602900a94d3cd4bf19400c9f87e257e3b42f8372,2024-03-18 06:15:41.650927+00:00,en,indianexpress.com,indianexpress.com,2024-03-16,Lok Sabha polls in Maharashtra: SWOT analysis of parties,https://indianexpress.com/article/cities/mumbai/lok-sabha-polls-in-maharashtra-swot-analysis-of-parties-9218229/
42f5bf7ac172c0495895bd3f7d22b64a393e4b38d9a2cda53eb955eddf94a83a,2024-03-18 02:02:47.094337+00:00,en,thequint.com,thequint.com,2024-03-16,K Kavitha's Arrest Could Not Have Come at a Worse Time for KCR and the BRS,https://www.thequint.com/opinion/k-kavitha-arrest-could-not-have-come-at-a-worse-time-for-kcr-and-the-brs
599c4e6c5029a5243f51f1a1f4237414395f2e36de9dd0dff251c1465c090a8b,2024-03-18 00:23:14.685540+00:00,en,hindustantimes.com,hindustantimes.com,2024-03-16,"On election eve, a tale of two BJPs 20 years apart",https://www.hindustantimes.com/opinion/on-election-eve-a-tale-of-two-bjps-20-years-apart-101710610756811.html
89da292c6571708baa9bf4939fdbb92734c677a76ca6c0e6038fe2e776e270fe,2024-03-18 00:11:28.503898+00:00,en,indiatimes.com,indiatimes.com,2024-03-16,AAP seeks to expand footprint this Lok Sabha polls: A SWOT analysis,https://economictimes.indiatimes.com/news/politics-and-nation/aap-seeks-to-expand-footprint-this-lok-sabha-polls-a-swot-analysis/articleshow/108547764.cms
cd3faac00d90d7e49d378912ba11399e32506a539039e969d8282dc2ec44d8ad,2024-03-18 00:11:20.079874+00:00,en,indiatimes.com,indiatimes.com,2024-03-16,Lok Sabha polls in Gujarat: SWOT analysis of parties,https://economictimes.indiatimes.com/news/politics-and-nation/lok-sabha-polls-in-gujarat-swot-analysis-of-parties/articleshow/108550978.cms
054ff81dd8da56256fe6c8335cfc303b1ed30da6653cd15ed0842c556f210460,2024-03-18 00:11:17.378797+00:00,en,indiatimes.com,indiatimes.com,2024-03-16,How a dunce of democracy feels part of something much bigger than himself,https://economictimes.indiatimes.com/opinion/et-commentary/how-a-dunce-of-democracy-feels-part-of-something-much-bigger-than-himself/articleshow/108551634.cms
ea468550c37eeabddde304fb8e42c48e747e142a12ac7d1b006f9a73f97e45fb,2024-03-18 00:10:55.190774+00:00,en,indiatimes.com,indiatimes.com,2024-03-16,"Delhi Lok Sabha seats: SWOT analysis of BJP, Congress, AAP",https://economictimes.indiatimes.com/news/elections/lok-sabha/india/delhi-lok-sabha-seats-swot-analysis-of-bjp-congress-aap/articleshow/108549084.cms
8a3fda18fca030a69ffa5294288bb87544c15d677842459d77d59f8bd828f137,2024-03-18 00:10:11.158024+00:00,en,indiatimes.com,indiatimes.com,2024-03-16,Lok Sabha polls in Gujarat: SWOT analysis of parties,https://economictimes.indiatimes.com/news/elections/lok-sabha/india/lok-sabha-polls-in-gujarat-swot-analysis-of-parties/articleshow/108550785.cms
a5321f92e5f4d932499debc19c26e816c8a63a0df8c9f3d6ffdebfc72553a96d,2024-03-18 00:09:59.138888+00:00,en,indiatimes.com,indiatimes.com,2024-03-16,BJP chases third straight poll win with bigger margin: A SWOT analysis,https://economictimes.indiatimes.com/news/elections/lok-sabha/india/bjp-chases-third-straight-poll-win-with-bigger-margin-a-swot-analysis/articleshow/108546558.cms
dac27cf3a39a065a5614b9df21970cfbea52e82544f1cdda19206a22aa6b6630,2024-03-18 00:09:57.659168+00:00,en,indiatimes.com,indiatimes.com,2024-03-16,"At their lowest, Left parties in battle for survival: A SWOT analysis",https://economictimes.indiatimes.com/news/politics-and-nation/at-their-lowest-left-parties-in-battle-for-survival-a-swot-analysis/articleshow/108546711.cms
e12e35c51fd023747acac616da082ccd4b0d9aeac37cbacf63bd0fde43bae9da,2024-03-18 00:09:44.357543+00:00,en,indiatimes.com,indiatimes.com,2024-03-16,AAP seeks to expand footprint this Lok Sabha polls: A SWOT analysis,https://economictimes.indiatimes.com/news/elections/lok-sabha/india/aap-seeks-to-expand-footprint-this-lok-sabha-polls-a-swot-analysis/articleshow/108547627.cms
a77b4856eead1386a75a0aa5b301fff989f00711669d84ec429ef20d05c89db3,2024-03-18 00:09:44.053419+00:00,en,indiatimes.com,indiatimes.com,2024-03-16,Lok Sabha polls in Maharashtra: SWOT analysis of parties,https://economictimes.indiatimes.com/news/elections/lok-sabha/india/lok-sabha-polls-in-maharashtra-swot-analysis-of-parties/articleshow/108547663.cms
49198142f5671f424fdecd195acb7e315e43dfb78658e43a51189b36a38b1595,2024-03-18 00:08:25.244964+00:00,en,indiatimes.com,indiatimes.com,2024-03-16,Lok Sabha polls: SWOT analysis of parties in Madhya Pradesh,https://economictimes.indiatimes.com/news/elections/lok-sabha/india/lok-sabha-polls-swot-analysis-of-parties-in-madhya-pradesh/articleshow/108550922.cms
14dee09cd4622cce823a2b018b450b02863776d648ed32e20e09e804b4a584a4,2024-03-17 04:27:23.800550+00:00,en,ndtv.com,ndtv.com,2024-03-15,"Opinion: NRC, But Not CAA",https://www.ndtv.com/opinion/why-many-in-bengals-rajbongshi-community-want-nrc-but-not-caa-5244548
214e3baeb7d2928a8c6d6a49358997dd05c9a51467be0a6831c078f0b89567dc,2024-03-17 04:27:17.835573+00:00,en,ndtv.com,ndtv.com,2024-03-15,Opinion: Election 2024 Is Not A Done Deal. Three Voting Patterns Show Why,https://www.ndtv.com/opinion/election-2024-is-not-a-done-deal-three-voting-patterns-show-why-5243250
dfab21cd0204be159743871a2ceed44e44c5cecdac2ebc1e9a1e6bf15c23bfde,2024-03-17 04:18:33.092612+00:00,en,indianexpress.com,indianexpress.com,2024-03-15,"The case for one nation, one election",https://indianexpress.com/article/opinion/columns/the-case-for-one-nation-one-election-9216230/
275d70d5530677b3378e6a341de7a9202791c5e9a68d7a07395611235e36a376,2024-03-17 04:18:12.275285+00:00,en,indianexpress.com,indianexpress.com,2024-03-15,"Former CEC writes: With One Nation One Election, getting India back in sync",https://indianexpress.com/article/opinion/columns/simultaneous-elections-undemocratic-centre-former-cec-9216578/
7d943797f28812f2268616dd71bdf1df8a9327cfb6f8de1b95ab88584ec63202,2024-03-17 01:59:52.135331+00:00,en,opindia.com,opindia.com,2024-03-15,Opinion Poll: BJP led NDA set to get 411 seats in Lok Sabha poll,https://www.opindia.com/2024/03/ls-opinion-poll-bjp-led-nda-to-secure-a-hat-trick-set-to-surpass-400-seats/
46e3e33b974fed02726ffbc9e6afc2d34c5134b8f37b3c568f12d88a2df32213,2024-03-17 00:52:57.395379+00:00,en,thequint.com,thequint.com,2024-03-15,"In Rajasthan’s Churu, a Long-Drawn Jat-Rajput Battle and a New Political Hotspot",https://www.thequint.com/opinion/churu-polls-2024-rahul-kaswan-joins-congress-faction-in-bjp-jat-votes-jaichand-barbs-lok-sabha-elections
a53a577602a45a8c04cb9079e9480d291d674d1160d55b8cca23ceb0b1daa10c,2024-03-17 00:31:06.804013+00:00,en,hindustantimes.com,hindustantimes.com,2024-03-15,"Modi juggernaut, INDIA dreams and the power of number 80",https://www.hindustantimes.com/opinion/keeping-up-with-up-modi-juggernaut-india-dreams-and-the-power-of-number-80-101710505811056.html
33a4c70badf2d32eab200ba9e5fbffbfc7dfc6c6838b740a4cf98f5807a2ad7c,2024-03-17 00:14:37.357924+00:00,en,india.com,india.com,2024-03-15,Zee News-Matrize LS Elections 2024 Opinion Poll Gives NDA Edge Over Others,https://www.india.com/news/india/zee-news-matrize-lok-sabha-elections-2024-opinion-poll-nda-gets-comfortable-edge-over-india-alliance-6790477/
b4ad01469915531c39030e9b26f27ef093d209fb28d705a533ae9b1d97791840,2024-03-17 00:14:37.299282+00:00,en,indiatimes.com,indiatimes.com,2024-03-15,Abki Baar 400 Paar for BJP? What Opinion Poll is predicting about Lok Sabha Elections 2024 results?,https://economictimes.indiatimes.com/news/elections/lok-sabha/india/abki-baar-400-paar-for-bjp-what-opinion-poll-is-predicting-about-lok-sabha-elections-2024-results/articleshow/108512453.cms
9cfcb56729ec019a1c6bd6b91fc82476620e7e580d9bd4477fd86f6bcec47d4f,2024-03-16 03:31:59.723168+00:00,en,thequint.com,thequint.com,2024-03-14,Rahul Gandhi’s 5 'Yuva Nyay' Promises are Important. Will They Appeal to Voters?,https://www.thequint.com/opinion/bharat-jodo-yatra-rahul-gandhis-5-yuva-nyay-guarantees-limited-electoral-appeal
81116dbeaf0ba78679c8b71b3c3f856a1f6b12905b7ca2e237c752e9105eef13,2024-03-16 01:46:59.767416+00:00,en,indianexpress.com,indianexpress.com,2024-03-14,"Kovind Committee makes it real — India needs One Nation, One Election",https://indianexpress.com/article/opinion/columns/kovind-committee-india-one-nation-one-election-9214570/
bea31c9c7a72b16cb9e71c86160374b10630a8785fef50482a73460b283cd6de,2024-03-15 01:47:11.141452+00:00,en,ndtv.com,ndtv.com,2024-03-13,Will BJP's Experiment With A Non-Jat Chief Minister Pay Off,https://www.ndtv.com/opinion/haryana-will-bjps-experiment-with-a-non-jat-chief-minister-nayab-singh-saini-pay-off-5231949
cdac47ecb84b4e13fa2e387a5599b7297f350d601735910af5f28b2d5aac7d7e,2024-03-14 00:46:36.370137+00:00,en,ndtv.com,ndtv.com,2024-03-12,Opinion: Mamata's Solo Act In West Bengal Is A Big Setback For INDIA,https://www.ndtv.com/opinion/mamatas-solo-act-in-west-bengal-is-a-big-setback-for-india-5225002
70970b85d85edde967a4eb7a2e068e9215ec5f428bc3f075689745d902bf672a,2024-03-14 00:18:08.461242+00:00,en,indiatimes.com,indiatimes.com,2024-03-12,Election Commission: Arun Goel's sudden resignation brings to fore grey areas,https://economictimes.indiatimes.com/opinion/et-commentary/election-commission-arun-goels-sudden-resignation-brings-to-fore-grey-areas/articleshow/108442273.cms
f56a7bc22cc2b618183ec6dc84bfa9f02b75d207f3e8a28436a8da8b6b6a047b,2024-03-13 06:25:02.172887+00:00,en,ndtv.com,ndtv.com,2024-03-11,"Opinion: In Andhra's TDP-BJP Alliance, Stakes Are Higher For Naidu",https://www.ndtv.com/opinion/in-andhras-tdp-bjp-alliance-stakes-are-higher-for-naidu-5217372
97c39a6cfd112bfa8e70ddee1970c79b1095751f17b17e24f5c0679ff41cde3f,2024-03-13 04:15:00.756426+00:00,en,thequint.com,thequint.com,2024-03-11,"Why Did Chandrababu Naidu Return to BJP and NDA? A Gamble for TDP-BJP, Alarm Bells for YSR Congress and Jagan Mohan Reddy",https://www.thequint.com/opinion/tdp-bjp-alliance-andhra-pradesh-what-made-chandrababu-naidu-return-to-nda-ysr-congress-jagan-mohan-reddy-pawan-kalyan
506d78e221f602388385d5a565f630d4a8770c7051fa090778c6e950c52dc0c5,2024-03-13 01:26:32.240282+00:00,en,rediff.com,rediff.com,2024-03-11,Deepfakes And The Threat To 2024 Elections,https://www.rediff.com/news/column/tech-ajay-kumar-deepfakes-and-the-threat-to-2024-elections/20240311.htm
3b9e647cfc3a56f5def263fb728a1f36938b8ab3e83e46f6e304864ad4bc9455,2024-03-12 02:05:20.263700+00:00,en,hindustantimes.com,hindustantimes.com,2024-03-10,Ecostani| What does commissioner Arun Goyal’s resignation before the 2024 elections say about the Election Commission?,https://www.hindustantimes.com/analysis/ecostani-what-does-commissioner-arun-goyal-s-resignation-before-the-2024-elections-say-about-the-election-commission-101710085286648.html
0d1ab699263242d3fe1a44714ac99d47c8cfa9cacd6f8cfc8cd209bcec87b732,2024-03-12 02:04:15.314467+00:00,en,hindustantimes.com,hindustantimes.com,2024-03-11,Getting the youth to engage with elections,https://www.hindustantimes.com/opinion/getting-the-youth-to-engage-with-elections-101710092172025.html
733cee4175dd3f8418362ef1f478a4fc5b3e2858b6bf06b6453f57aced5f5e19,2024-03-12 01:00:56.338624+00:00,en,indianexpress.com,indianexpress.com,2024-03-10,Tavleen Singh writes: If Cong loses again it would be because it still clings to defunct economic ideas,https://indianexpress.com/article/opinion/columns/prosperity-is-good-poverty-horrible-9205359/
2ccfa1aa550696fc6f7abf7f48d2c76432b99cb286f367d169be6b7ed84c2eba,2024-03-12 00:29:31.405638+00:00,en,thehindu.com,thehindu.com,2024-03-11,We need limits on election campaign spending,https://www.thehindu.com/opinion/op-ed/we-need-limits-on-election-campaign-spending/article67935379.ece
9389622a9f62a67a7478103d2256078d1373ab2c6cbf97653c3efc22d1397f22,2024-03-11 00:22:34.191186+00:00,en,hindustantimes.com,hindustantimes.com,2024-03-10,"Revival of the NDA, on terms set by BJP",https://www.hindustantimes.com/opinion/revival-of-the-nda-on-terms-set-by-bjp-101709974234355.html
4430e3dd6b9de7b7a41b030b92d11712ac226ec4c92864abe3a0d232295aa759,2024-03-10 20:32:09.660198+00:00,en,hindustantimes.com,hindustantimes.com,2023-01-01,Remote voting for migrants will bolster democracy in India,https://www.hindustantimes.com/opinion/remote-voting-for-migrants-will-bolster-democracy-in-india-101672584806632.html
1470b5c45f1692fc56e29c978c131e895688e8f0f1c289e101176c74199ed5c6,2024-03-10 20:05:31.462117+00:00,en,indiatoday.in,indiatoday.in,2023-01-02,"J&K polls: What election fever in winter chill means amid Bharat Jodo Yatra, Gupkar cracks and delimitation",https://www.indiatoday.in/news-analysis/story/jk-polls-amid-bharat-jodo-yatra-gupkar-cracks-delimitation-2316160-2023-01-02?utm_source=rss
76196c46ac32ba4a6fac7514bd877f6a3da5924d1e9398580d65538c66489010,2024-03-10 18:59:36.368965+00:00,en,indiatoday.in,indiatoday.in,2023-01-03,What’s behind Akhilesh Yadav’s cold shoulder to Congress? And what it means for Bharat Jodo in 2024,https://www.indiatoday.in/news-analysis/story/akhilesh-yadav-cold-shoulder-congress-bharat-jodo-yatra-lok-sabha-elections-2316579-2023-01-03?utm_source=rss
f617d523e90f917881c3a28e237aecc723c4400e75cb122d92fff5823f7d5ef7,2024-03-10 16:12:48.301612+00:00,en,indiatoday.in,indiatoday.in,2023-01-05,Is Bihar again heading for high political drama?,https://www.indiatoday.in/opinion-columns/story/is-bihar-again-heading-for-high-political-drama-opinion-2317374-2023-01-05?utm_source=rss
d93774c91d7c854bb0547fc2f588acedf09ef6f8db8ed0e93dcb34ee63dc442e,2024-03-10 09:47:13.313086+00:00,en,hindustantimes.com,hindustantimes.com,2023-01-10,Why delimitation in Assam is important,https://www.hindustantimes.com/opinion/why-delimitation-in-assam-is-important-101673360158265.html
821606d77bdf06777a18e20c5bace2023164053bb484f5fe671c2b0326b3e95b,2024-03-10 09:23:37.620821+00:00,en,thehindu.com,thehindu.com,2023-01-11,The race for the Dalit vote in U.P.,https://www.thehindu.com/opinion/op-ed/the-race-for-the-dalit-vote-in-up/article66362371.ece
2d18e23ecff344266854a708e133defd19eb594530524499b18cb72dd1bb2a48,2024-03-10 05:41:43.430933+00:00,en,thequint.com,thequint.com,2023-01-13,Tripura Polls: Can CPI(M) and Congress Review West Bengal Results To Defeat BJP?,https://www.thequint.com/voices/opinion/tripura-polls-can-cpim-and-congress-review-west-bengal-results-to-defeat-bjp
b918fc749cd3c087964f9daf6afb0061abae7a9e98fec0ab43e85c5f99bdbe05,2024-03-10 05:39:52.577872+00:00,en,thequint.com,thequint.com,2024-03-08,Was PM Modi's Kashmir Rally Aimed at the Local Audience or a National One?,https://www.thequint.com/opinion/pm-modi-kashmir-visit-rally-srinagar-article-370
0517803c250adb99d72eb06f441ae4633183b2c8d9766ed73e9115b8dfa373cb,2024-03-10 03:34:00.234465+00:00,en,indiatoday.in,indiatoday.in,2023-01-15,Battle for Karnataka: Why the real battle is in the regions,https://www.indiatoday.in/news-analysis/story/battle-for-karnataka-the-real-battle-old-mysore-mumbai-karnataka-hyderabad-regions-assembly-elections-2023-2321698-2023-01-15?utm_source=rss
50807255c7474f21eff30c5ea5dc0872ad978b9e6ae3639f39d6b28ee0356964,2024-03-10 02:44:49.074217+00:00,en,ndtv.com,ndtv.com,2024-03-08,Opinion: Why Is Naveen Patnaik's BJD Keen To Rejoin BJP-led NDA?,https://www.ndtv.com/opinion/why-is-naveen-patnaiks-bjd-keen-to-rejoin-bjp-led-nda-5199843
3a2a63f168aa69be511794295482831bd9f0d7a112e728b55479155724b61dd1,2024-03-10 02:29:00.122189+00:00,en,indianexpress.com,indianexpress.com,2024-03-08,"Express View on TIPRA and RLD aligning with BJP: NDA, then and now",https://indianexpress.com/article/opinion/editorials/express-view-on-tipra-and-rld-aligning-with-bjp-nda-then-and-now-9202014/
bf68d7765c2ff120183c6c28e884d067086ebf39bc9b9e9ccb2a55697a8a55f2,2024-03-10 01:14:46.149234+00:00,en,indianexpress.com,indianexpress.com,2023-01-17,Election Commission’s initiative to enfranchise migrant voters is a step in the right direction,https://indianexpress.com/article/opinion/columns/election-commissions-initiative-to-enfranchise-migrant-voters-is-a-step-in-the-right-direction-8385665/
b4938331e14a801dfef99c6ea39a5d3711d240dfb9fbbc4b0570765004f0e99e,2024-03-10 00:47:14.173629+00:00,en,hindustantimes.com,hindustantimes.com,2024-03-08,The fine print of Karnataka caste census,https://www.hindustantimes.com/opinion/the-fine-print-of-karnataka-caste-census-101709905960498.html
feb0d08591721520fdaffa21488a295b905e800e0fb33dc8ee60329702d61e50,2024-03-10 00:14:00.634385+00:00,en,thehindu.com,thehindu.com,2023-01-18,"New free foodgrain scheme as an illusion, doublespeak",https://www.thehindu.com/opinion/op-ed/new-free-foodgrain-scheme-as-an-illusion-doublespeak/article66388065.ece
e97afcb40c924aa473a93445b0ff1827755b5a18ccdd3e0f225f485f047f837f,2024-03-09 23:24:26.705070+00:00,en,indiatoday.in,indiatoday.in,2023-01-18,400 days for Lok Sabha polls: Why 2024 will be historic in many ways,https://www.indiatoday.in/news-analysis/story/400-days-for-lok-sabha-polls-why-2024-will-be-historic-in-many-ways-2323177-2023-01-18?utm_source=rss
69eb3a14d1b66212191698d6cb0c93e5928fd809c1a5bfc02bc20b25e4473bca,2024-03-09 14:48:13.446090+00:00,en,indiatimes.com,indiatimes.com,2023-01-24,Why the 'gift' of universal adult franchise must not be treated as ordinary and frittered away,https://economictimes.indiatimes.com/opinion/et-commentary/why-the-gift-of-universal-adult-franchise-must-not-be-treated-as-ordinary-and-frittered-away/articleshow/97289361.cms
3a372d13a69108cce561f7669f427c4043f5b9bb759ec446f8ec1add1e894438,2024-03-09 08:44:15.652344+00:00,en,indiatimes.com,indiatimes.com,2023-01-30,"At yatra’s end: Rahul Gandhi has been considerably rebranded, but his party awaits an electorally combative avatar",https://timesofindia.indiatimes.com/blogs/toi-editorials/at-yatras-end-rahul-gandhi-has-been-considerably-rebranded-but-his-party-awaits-an-electorally-combative-avatar/
1464809881f591ea2954e312393f65115622bb8287e5c98455963805e72ac5a2,2024-03-09 00:33:28.536625+00:00,en,rediff.com,rediff.com,2023-02-04,Mood Of The Nation Poll: What Modi-Shah Must Worry About,https://www.rediff.com/news/column/n-sathiya-moorthy-mood-of-the-nation-poll-what-modi-shah-must-worry-about/20230204.htm
61798a7889de31bda4b42321358c409797ffd7f252decfa48312e86a4af1e6f7,2024-03-09 00:32:37.354042+00:00,en,hindustantimes.com,hindustantimes.com,2024-03-07,BJP’s push to bridge the North-South gap,https://www.hindustantimes.com/opinion/bjps-push-to-bridge-the-north-south-gap-101709818777726.html
93fdb14fe2066ac150ec4acc1aac8720b196520614e689c051eeb1681caab63d,2024-03-08 11:22:00.505861+00:00,en,thehindu.com,thehindu.com,2023-02-14,A dream that could upset the BRS apple cart,https://www.thehindu.com/opinion/op-ed/a-dream-that-could-upset-the-brs-apple-cart/article66504258.ece
cd87bade7b1aa1cc6dfbd2ddeaca771f39ea8c03e4950a0db46fa0af93b2a294,2024-03-08 10:31:57.564082+00:00,en,indiatoday.in,indiatoday.in,2023-02-14,Why a weak Opposition is not PM Modi’s biggest strength. It’s something else,https://www.indiatoday.in/opinion-columns/story/why-a-weak-opposition-is-not-pm-modis-biggest-strength-its-something-else-opinion-2334604-2023-02-14?utm_source=rss
3bfd73fecbaade12f13254ea83bb52b7f76c24e3643d739bc65fe9881bb60501,2024-03-08 05:25:29.761107+00:00,en,indiatoday.in,indiatoday.in,2023-02-17,"Despite his hard bargain, Yediyurappa is BJP’s poll totem in Karnataka",https://www.indiatoday.in/opinion-columns/story/despite-his-hard-bargain-yediyurappa-is-bjps-poll-totem-in-karnataka-opinion-2336110-2023-02-17?utm_source=rss
19c65f5076974807e370d59ffdac2f52ed77f4ecdf4e76e00434658b78199bd1,2024-03-08 02:58:13.722664+00:00,en,indiatoday.in,indiatoday.in,2024-03-05,Opinion: Will Siddaramaiah’s ‘reverse polarisation’ trip BJP in Lok Sabha polls?,https://www.indiatoday.in/opinion/story/will-siddaramaiah-reverse-polarisation-trip-bjp-in-karnataka-lok-sabha-polls-opinion-2510956-2024-03-05?utm_source=rss
51702b5dfe41eaa89d77e4a907c5f4bbc95d6e1e8bca9c2582f87cf9ca253d75,2024-03-08 01:55:56.321078+00:00,en,indiatoday.in,indiatoday.in,2023-02-20,Nitish versus Kushwaha: Why Janata politics never had a cure for its splitting headache,https://www.indiatoday.in/news-analysis/story/nitish-versus-kushwaha-why-janata-politics-never-had-a-cure-for-its-splitting-headache-2337162-2023-02-20?utm_source=rss
fff8ad8570ff82ec9c67289663b4f39a311a3188518e0c12287108918404e13c,2024-03-08 01:53:28.098768+00:00,en,indiatoday.in,indiatoday.in,2023-02-20,Jana Sena's 2024 poll game plan will prove Pawan Kalyan’s political prowess,https://www.indiatoday.in/opinion-columns/story/jana-senas-2024-poll-game-plan-will-prove-pawan-kalyans-political-prowess-opinion-2337165-2023-02-20?utm_source=rssfeed
97bcf8cde9eb70cd91578790d892a9fdfc8e033bcfcedb34e249b8fff5704988,2024-03-08 01:21:48.090800+00:00,en,rediff.com,rediff.com,2024-03-06,Can Modi Achieve 'DMK mukt' Tamil Nadu?,https://www.rediff.com/news/column/n-sathiya-moorthy-can-modi-achieve-dmk-mukt-tamil-nadu-tn/20240306.htm
9121b5968434f553ff345647025f0bac63912a3da9d94417e794ba8ecaf5c479,2024-03-08 00:45:15.923726+00:00,en,ndtv.com,ndtv.com,2024-03-06,Opinion: Elections 2024-Can A Slogan Alter Poll Outcome? Not Possible,https://www.ndtv.com/opinion/elections-2024-can-a-single-slogan-alter-poll-outcome-not-possible-5184776
e7c8e328916521c11c906e44df1993c9e8070d0cc067d580e9cdaec1408808f5,2024-03-07 23:30:11.640369+00:00,en,thehindu.com,thehindu.com,2022-08-20,Chirag Paswan interview,https://www.thehindu.com/opinion/interview/chirag-paswan-interview-no-going-back-to-nda-will-find-an-ally/article65791080.ece
a4803b889d9824ab0553ca8b43585426cc1d06d6e6f57ff6f5ce804602be3e10,2024-03-07 14:48:26.025280+00:00,en,thequint.com,thequint.com,2023-02-28,"Congress Plenary Session: Post Bharat Jodo, Party Must Innovate To Challenge BJP",https://www.thequint.com/voices/opinion/congress-plenary-session-post-bharat-jodo-party-must-innovate-to-challenge-bjp
962c24618790413c1412c1d9d2f5c9365c0af902977fa5ede183adb1b38b2328,2024-03-07 12:04:55.521812+00:00,en,thehindu.com,thehindu.com,2023-03-02,The AIMIM expansion in question,https://www.thehindu.com/opinion/op-ed/the-aimim-expansion-in-question/article66567520.ece
75c1f76f0a02dbf4cce6afe15113cd874fe83e0fc445e79e5f3e8a8543593d86,2024-03-07 10:47:42.009795+00:00,en,hindustantimes.com,hindustantimes.com,2023-03-02,Results ring alarm bells for Opposition alliance plans,https://www.hindustantimes.com/opinion/results-ring-alarm-bells-for-opposition-alliance-plans-101677773090431.html
5228a6f2b897b89e60ba9f801fed4bea55d2495372c5053b31bc1047c6bbd940,2024-03-07 10:47:41.808555+00:00,en,hindustantimes.com,hindustantimes.com,2023-03-02,BJP’s N-E triumph is a remarkable feat,https://www.hindustantimes.com/opinion/bjps-n-e-triumph-is-a-remarkable-feat-101677773029902.html
c056f6ca53b8193d679b779c1ac410f039f2b582bcbadd41f243ca2aab495389,2024-03-07 09:53:37.778689+00:00,en,indiatoday.in,indiatoday.in,2023-03-03,"How Rahul, Mamata and Kejriwal may actually be gifting PM Modi his third term",https://www.indiatoday.in/news-analysis/story/how-rahul-mamata-kejriwal-actually-be-gift-pm-modi-his-third-term-2342113-2023-03-03?utm_source=rss
30e14e66bcac9e3088bcf97064559040d0aada4ba6ecb78d208d8d06346ca2d1,2024-03-07 09:03:47.218694+00:00,en,indiatimes.com,indiatimes.com,2023-03-03,"ET Analysis: Increasing footprint not easy, discovers Trinamool Congress",https://economictimes.indiatimes.com/news/politics-and-nation/et-analysis-increasing-footprint-not-easy-discovers-trinamool-congress/articleshow/98398489.cms
aed522c8e1501274203158ba92a5fedb2ba24d6a1e4713b6f4f76d05cac1cc26,2024-03-07 06:19:07.132514+00:00,en,rediff.com,rediff.com,2023-03-06,Who Stoked Migrant Labour 'Exodus' From Tamil Nadu?,https://www.rediff.com/news/column/n-sathiya-moorthy-who-stoked-migrant-labour-exodus-from-tamil-nadu/20230306.htm
1d4eb96160107d0f97ee1468115cabd79ca7061cb0066d25a8dcc14772a7897f,2024-03-07 04:54:01.058023+00:00,en,ndtv.com,ndtv.com,2023-03-07,Opinion: Didi's Solo Plan For 2024 Can Work If She Nails Bengal,https://www.ndtv.com/opinion/didis-solo-plan-for-2024-can-work-if-she-nails-bengal-3840827
14ff7fca84871f0b2344efb826ad83232b1e419ba4090091a9f2e34a8ddae7b6,2024-03-07 02:30:22.428075+00:00,en,indiatimes.com,indiatimes.com,2023-03-09,Pune to Mumbai: Bypolls in Maharashtra made for interesting political reading. But when on earth will BMC polls be held?,https://timesofindia.indiatimes.com/blogs/toi-editorials/pune-to-mumbai-bypolls-in-maharashtra-made-for-interesting-political-reading-but-when-on-earth-will-bmc-polls-be-held/
e140e9552121cb47b0cda9f1dd41f156a46380cfd870b2b70873977b79c22077,2024-03-07 01:45:24.250768+00:00,en,thequint.com,thequint.com,2023-03-09,"Congress' Political Isolation: As Opposition Reorients, Rahul Must Sort Out 2024",https://www.thequint.com/opinion/congress-political-isolation-as-opposition-reorients-rahul-must-sort-out-2024
a7c90c49570c7f0b6fd1c1b99cf42e4d15ae61099ef9d24de2b632b82b7e3997,2024-03-07 01:44:51.143153+00:00,en,thehindu.com,thehindu.com,2024-03-06,The question of Rajya Sabha seats in Kerala,https://www.thehindu.com/opinion/op-ed/the-question-of-rajya-sabha-seats-in-kerala/article67917547.ece
a011aa2a8f38425586822a8bfad8592fdfbf006c0f3219359b50e002bfcd9b97,2024-03-05 01:46:59.092673+00:00,en,thequint.com,thequint.com,2024-03-03,The 1967 Elections Heralded the End of Congress' Monopoly Over Political Power,https://www.thequint.com/opinion/the-1967-elections-heralded-the-end-of-congress-monopoly-over-political-power
dbcd371ba6afabce913fbd3295e54e016d16307e3d217f74991c3aba07d7b939,2024-03-05 01:46:58.960389+00:00,en,thequint.com,thequint.com,2024-03-03,Lok Sabha 2024: Shifting Sands in Kerala,https://www.thequint.com/opinion/lok-sabha-2024-general-election-kerala-congress-left-cpi-ldf
c1b6e77c0a80b7cf33210288704d05c3e89c1cd4a33d4a0455e5a9e9fa855655,2024-03-05 00:28:57.347710+00:00,en,indianexpress.com,indianexpress.com,2024-03-03,"History Headline: 60 years ago, when a Rajya Sabha election was declared void",https://indianexpress.com/article/opinion/columns/rajya-sabha-elections-history-first-void-9192427/
8647a277487785de651662846973e6166819f18bd14923f610c8d8a4d952fe74,2024-03-04 00:18:15.114599+00:00,en,hindustantimes.com,hindustantimes.com,2024-03-02,Learning from Jakarta on simultaneous polls,https://www.hindustantimes.com/opinion/learning-from-jakarta-on-simultaneous-polls-101709372962133.html
6689a263e5ef48839894a5f51e4b942663e808fefc75596bd2adb0111492498b,2024-03-03 00:36:29.237278+00:00,en,hindustantimes.com,hindustantimes.com,2024-03-01,Tips for Rahul Gandhi from the world of media,https://www.hindustantimes.com/opinion/tips-for-rahul-gandhi-from-the-world-of-media-101709300407567.html
31517ae221c1048ef8593925055a3b866bcfb3133db393b42de6ebebb2410d57,2024-03-02 14:51:14.608252+00:00,en,hindustantimes.com,hindustantimes.com,2023-03-15,What Nepal president Poudel's visit to BP Koirala Museum says about his politics,https://www.hindustantimes.com/opinion/what-nepal-president-poudel-s-visit-to-bp-koirala-museum-says-about-his-politics-101678877150294.html
e7b6ab5dccb8c6f689c8f2d8034e82a4916c7d86e94abf283f00d2332e102149,2024-03-02 11:16:02.692712+00:00,en,indianexpress.com,indianexpress.com,2023-03-17,"The Road to 2024: Going by recent assembly poll results, BJP sits pretty",https://indianexpress.com/article/opinion/columns/road-to-2024-lok-sabha-polls-bjp-pm-modi-8503806/
bd1adc1762f61ef908e7e645b75e77ae9297a235467ef11df992da87c0e8fbe5,2024-03-02 11:16:01.020840+00:00,en,indianexpress.com,indianexpress.com,2023-03-12,"In politics and bureaucracy, women are severely under-represented",https://indianexpress.com/article/opinion/columns/in-politics-and-bureaucracy-women-are-severely-under-represented-8492805/
9f797299b052a2d0d3289466553588453c9ac0ee295a1d302af98114fe637457,2024-03-02 04:58:26.866740+00:00,en,opindia.com,opindia.com,2024-02-29,TMC and BJP likely to have difference of just 1 per cent in vote share in Bengal in Lok Sabha election: Zee-Matrize survey,https://www.opindia.com/2024/02/tmc-bjp-bengal-lok-sabha-opinion-poll/
70649ad2397bc720ed066c606c4e581135898eee56537bc9c184aeac94c25047,2024-03-02 03:13:54.005916+00:00,en,indiatoday.in,indiatoday.in,2023-03-24,Can BJP turn the tide in Southern Karnataka?,https://www.indiatoday.in/news-analysis/story/can-bjp-turn-tide-southern-karnataka-assembly-elections-congress-jds-2350818-2023-03-24?utm_source=rss
f52d735ea08ad4b57c2d11b115f5bed62079750734b0ef62a41484859ed0b33e,2024-03-02 03:06:49.195055+00:00,en,indiatoday.in,indiatoday.in,2023-03-24,Why Rahul Gandhi's sentencing could also be good news for Congress,https://www.indiatoday.in/news-analysis/story/why-rahul-gandhis-sentencing-could-also-be-good-news-for-congress-2350894-2023-03-24?utm_source=rss
b577dbe5c055c101a2a2c2748a5b0c3bab7dd1d141d63738831d85c2fbd374dc,2024-03-02 01:27:55.872762+00:00,en,hindustantimes.com,hindustantimes.com,2023-03-25,Can a regional front put up a credible challenge to BJP?,https://www.hindustantimes.com/opinion/can-a-regional-front-put-up-a-credible-challenge-to-bjp-101679752172929.html
07c4d5e096a7eb71ade9c5de3a095cface4ba06feb9ee37da0bcc80489b41199,2024-03-02 00:59:34.638277+00:00,en,ndtv.com,ndtv.com,2024-02-29,Opinion: The Looming Irrelevance Of The Bahujan Samaj Party,https://www.ndtv.com/opinion/the-looming-irrelevance-of-the-bahujan-samaj-party-bsp-5149198
a7110dbcb8282123d09b688c374cc7d3c309bcda189b68e2253f64c35f6337e0,2024-03-01 22:53:06.836618+00:00,en,thehindu.com,thehindu.com,2023-03-28,"Nepal, a crucible of fragile coalitions",https://www.thehindu.com/opinion/lead/nepal-a-crucible-of-fragile-coalitions/article66669014.ece
f698a6f01630d20fcade2de3a8ee3ed1826534cc5616e850046fdc2708d1d967,2024-03-01 18:58:42.692994+00:00,en,indiatoday.in,indiatoday.in,2023-03-30,"Karnataka polls: BJP needs to break 38-year-old ‘jinx’, while onus is on Congress not to mess it up",https://www.indiatoday.in/news-analysis/story/karnataka-polls-bjp-break-38-year-old-jinx-onus-on-congress-not-to-mess-it-up-2353528-2023-03-30?utm_source=rss
428a658c60a0545e41bf46cd3ea2d93f1a0f1d1f8fd4065d14134256159637c7,2024-03-01 17:01:18.321775+00:00,en,indiatimes.com,indiatimes.com,2023-03-31,How India’s gargantuan electoral exercise is the primary indicator of its democratic heft,https://economictimes.indiatimes.com/opinion/et-commentary/how-indias-gargantuan-electoral-exercise-is-the-primary-indicator-of-its-democratic-heft/articleshow/99153721.cms
ff0c9ae1e43e974a7ec298070361a8eb5dfea76c72556eec19e47576e69c9b12,2024-03-01 13:01:11.551254+00:00,en,ndtv.com,ndtv.com,2023-04-04,Opinion: Criticising 2-Faced Ilamas,https://www.ndtv.com/opinion/criticising-2-faced-ilamas-a-case-for-simultaneous-elections-3916614#publisher=newsstand
48eec566161e613e6605eb5ebfd6a2e4c530d66af57a7a777de9f25a9043e22c,2024-03-01 11:06:08.504693+00:00,en,indiatoday.in,indiatoday.in,2023-04-05,Karnataka election: Why this southern state is important for the BJP,https://www.indiatoday.in/opinion-columns/story/karnataka-election-why-this-southern-state-is-important-for-the-bjp-opinion-2356116-2023-04-05?utm_source=rss
782045f4ba5abe575e1f09a8bfeea1376eacfd9d911ea72582c851ac4f899ae3,2024-03-01 08:55:00.839118+00:00,en,indiatimes.com,indiatimes.com,2023-04-06,Election funding: What makes India's campaign finance regime ripe for reforms,https://economictimes.indiatimes.com/opinion/et-commentary/election-funding-what-makes-indias-campaign-finance-regime-ripe-for-reforms/articleshow/99305073.cms
a63b19305b8b506d0a6b861e61b9ee34b65ce5665da65f61c7c2a7f0792d3887,2024-03-01 06:26:37.592540+00:00,en,hindustantimes.com,hindustantimes.com,2023-04-09,How the Karnataka elections may play out,https://www.hindustantimes.com/opinion/how-the-karnataka-elections-may-play-out-101681034521925.html
f890f81f4e90872bbfe46a87865a257a439fe1209fb566d084f08586100e9cbc,2024-03-01 03:52:35.797666+00:00,en,ndtv.com,ndtv.com,2023-04-11,"Opinion: AAP Zooms To National Party Status, Catapulted By Gujarat Polls",https://www.ndtv.com/opinion/aap-zooms-to-national-party-status-catapulted-by-gujarat-polls-3938841#publisher=newsstand
b69a22fe20f360280288c27693b0d07dffb751a5db8dbde8816d6b36ba0dc23d,2024-03-01 03:14:48.994500+00:00,en,rediff.com,rediff.com,2024-02-28,Farmers Stir 2.0: Advantage Akali Dal?,https://www.rediff.com/news/column/aditi-phadnis-farmers-stir-20-advantage-akali-dal/20240228.htm
ca9557e89aaac67ae8db70732c4a6a64396e4cdfc615e2858a9f4359aee80fa6,2024-03-01 02:32:01.303838+00:00,en,ndtv.com,ndtv.com,2024-02-28,Opinion: Making Sense Of Karnataka Government's Language Mandate,https://www.ndtv.com/opinion/making-sense-of-karnataka-governments-language-mandate-5143740
d539a6ac26b8c99dc3fb4e95adeb50e3c4eff547fb09047e2e654d5ad44c6fed,2024-03-01 00:11:04.451023+00:00,en,india.com,india.com,2024-02-28,Zee News-MATRIZE Opinion Poll: NDAs Vote Share Likely To Increase By Over 5% In 2024 Polls,https://zeenews.india.com/india/2024-lok-sabha-elections-zee-news-matrize-opinion-poll-2024-opinion-polls-live-nda-india-bjp-congress-narendra-modi-rahul-gandhi-opposition-congress-2725981.html
9d8c0fd395ea36a231afef57427b781c6a8fd51e47a608b33e37f22cf181c516,2024-02-29 23:33:44.445716+00:00,en,rediff.com,rediff.com,2023-04-14,Can Modi Swing It For BJP In Karnataka?,https://www.rediff.com/news/column/ramesh-menon-can-modi-swing-it-for-bjp-in-karnataka/20230414.htm
9e40b4442cf8641b27b0730d3210fdd089fc35d2a1cbe50ae681a465fc4a6c2f,2024-02-29 20:27:14.653529+00:00,en,hindustantimes.com,hindustantimes.com,2023-04-16,"For Oppn unity, parties must find solid issues",https://www.hindustantimes.com/opinion/opposition-unity-gains-momentum-as-nitish-kumar-pitches-for-it-in-delhi-but-challenges-remain-in-achieving-a-common-goal-101681654007698.html
a0c919736c9237f529fa711b23910f10a6bbdf67a1d8c5875d9d4a07626f1cdb,2024-02-29 19:42:44.804067+00:00,en,indianexpress.com,indianexpress.com,2023-04-17,"Former CEC S Y Qureshi writes: EC order on national parties is based on well-defined criteria, not a subjective interpretation of their history or influence",https://indianexpress.com/article/opinion/columns/former-cec-s-y-qureshi-writes-ec-order-on-national-parties-is-based-on-well-defined-criteria-not-a-subjective-interpretation-of-their-history-or-influence-8559945/
2bbad9e6ff21a8dbd1ea89e5272a7e88db2e36d88becd23f5b75be2037ca4493,2024-02-29 19:36:33.024135+00:00,en,indiatoday.in,indiatoday.in,2023-04-17,"Amid Atiq’s killing row, why Bihar is pushing for Don Anand Mohan’s release",https://www.indiatoday.in/news-analysis/story/atiq-ahmed-killing-bihar-pushing-don-anand-mohan-release-2361054-2023-04-17?utm_source=rss
6b7f789abed2d7dfa69a59e30be47985f09a25461b3b7316162c2ba7d61224d9,2024-02-29 18:21:45.170647+00:00,en,thequint.com,thequint.com,2023-04-18,"In Karnataka's Criss-Cross Politics, PM Modi and Hindutva Have Limited Appeal",https://www.thequint.com/opinion/karnataka-elections-criss-cross-politics-pm-modi-hindutva-limited-appeal
22ea8024786b6e86fd899947160211774f8156aabd022b891bcadafe3c9ea516,2024-02-29 18:00:06.689511+00:00,en,indiatoday.in,indiatoday.in,2023-04-18,What’s behind Oppn’s caste census chorus? Can it challenge PM Modi in 2024?,https://www.indiatoday.in/news-analysis/story/whats-behind-oppns-caste-census-chorus-can-it-challenge-pm-modi-in-2024-2361498-2023-04-18?utm_source=rss
af5cf07bb4031adb0ca0cf8523dcda64915efc9964cc66c1ff0a4ef9d309a3b8,2024-02-29 17:40:54.751844+00:00,en,hindustantimes.com,hindustantimes.com,2023-04-18,A history lesson from past coalitions,https://www.hindustantimes.com/opinion/distantly-close-a-history-lesson-from-past-coalitions-101681821429081.html
1b5b4416b9d03c5f28eaf6de620898c7761f00d72728fbbcd63764143315d405,2024-02-29 07:25:17.822292+00:00,en,thehindu.com,thehindu.com,2023-04-26,Trinamool caught in a political flux,https://www.thehindu.com/opinion/op-ed/trinamool-caught-in-a-political-flux/article66778957.ece
e53509fe5d73d5ee9a29eb90c3dee1145d9c42a0033b2ff79bda7184461a8ada,2024-02-29 05:03:38.036849+00:00,en,indiatoday.in,indiatoday.in,2023-04-27,Anand Mohan out of jail: Why Nitish Kumar’s move may be shocking but not surprising,https://www.indiatoday.in/news-analysis/story/anand-mohan-out-of-jail-why-nitish-kumars-move-may-be-shocking-but-not-surprising-2365309-2023-04-27?utm_source=rss
f47c527e8ff710d3a17c86c46eeadbc9b5efcc14d399e2214afa7dc79c582deb,2024-02-29 03:25:51.846568+00:00,en,indiatoday.in,indiatoday.in,2023-04-28,The leadership tussle and the CM conundrum for Congress and BJP in Karnataka,https://www.indiatoday.in/news-analysis/story/karnataka-polls-leadership-tussle-cm-face-congress-bjp-pm-modi-rahul-gandhi-2365701-2023-04-28?utm_source=rss
de66f25d9f67c20a4a4ea27c52b7a29f98c0d6cb9b244c9da264151004656335,2024-02-29 01:45:10.587693+00:00,en,indianexpress.com,indianexpress.com,2023-04-29,A political space for all: Towards greater inclusion of persons with disabilities,https://indianexpress.com/article/opinion/columns/a-political-space-for-all-towards-greater-inclusion-of-persons-with-disabilities-8582807/
2ecae926a874ceed27c19234d1e865a681720c54885949f00e34abf2525d4525,2024-02-29 00:41:34.417085+00:00,en,ndtv.com,ndtv.com,2024-02-27,"Opinion: Modi Dives Right In For A Win, Congress Continues To Tread Water",https://www.ndtv.com/opinion/modi-dives-right-in-for-a-win-congress-and-rahul-continue-to-tread-water-5135997
134b6131db983c99510cf700a7c70ecf88b28a8e20b3c10b271a0ec26ac02373,2024-02-29 00:40:56.194821+00:00,en,ndtv.com,ndtv.com,2024-02-27,"Opinion: AAP-Congress Alliance Is Good Optics, But It Can Confuse Voters",https://www.ndtv.com/opinion/aap-congress-alliance-is-good-optics-but-it-can-confuse-voters-5137579
3f24228d7d9cec6a1f80b33994c5af06ae54efad85ec90d9adba538babe88284,2024-02-29 00:40:36.488808+00:00,en,thehindu.com,thehindu.com,2024-02-28,Stop the dithering and encourage green elections in India,https://www.thehindu.com/opinion/op-ed/stop-the-dithering-and-encourage-green-elections-in-india/article67892855.ece
a7c88f2b2976fe0db5b163a032d11b6663aed37510464dada70d8da1debf59e6,2024-02-28 23:36:16.561759+00:00,en,india.com,india.com,2023-05-01,Analysis: Congress President Kharge's Personal 'KRA',https://zeenews.india.com/india/analysis-congress-president-kharges-personal-kra-victory-at-home-turf-kalaburagi-2601443.html
98addddfe61ffdbd531f51f3f11fa3f6ad03200f1dba826d3845532d3431313f,2024-02-28 22:34:09.461697+00:00,en,india.com,india.com,2023-05-02,Analysis: Karnataka Set For Close Contest But Congress Has An Upper Edge This Time,https://zeenews.india.com/india/analysis-karnataka-set-for-close-contest-but-congress-has-an-upper-edge-this-time-2601757.html
baa106b3022c678c3bbc2601bafad6172ab3d778ca4c90ce9875893403bb6e88,2024-02-28 20:51:26.013116+00:00,en,ndtv.com,ndtv.com,2023-05-03,"Opinion: ""Mufflerman"" Kejriwal Can't Muffle Questions On His Ethics",https://www.ndtv.com/opinion/mufflerman-kejriwal-cant-muffle-questions-on-his-ethics-4000379#publisher=newsstand
7c18d77d8f452d2d95ecc7055c83ac522d67cf6b681ad6d98cf095ee4a4d6a94,2024-02-28 20:25:19.340634+00:00,en,hindustantimes.com,hindustantimes.com,2023-05-03,"For 2024, parties must focus on young voters",https://www.hindustantimes.com/opinion/2024-lok-sabha-polls-hinge-on-young-voters-bjp-targets-welfare-and-nationalism-opposition-on-non-performance-and-corruption-101683122667602.html
9edc59fd381201a94dd76fbfa1e0ac0461f464437f089f00406768fb60e1b356,2024-02-28 18:42:07.482137+00:00,en,hindustantimes.com,hindustantimes.com,2023-05-04,Will the double-engine rhetoric work in Karnataka?,https://www.hindustantimes.com/opinion/will-the-double-engine-rhetoric-work-in-karnataka-101683208911274.html
34dd62e01efebc3710561115655e8b298310b8a333815cd266aa3562b4591270,2024-02-28 17:16:15.566941+00:00,en,ndtv.com,ndtv.com,2023-05-05,Opinion: Modi Roadshows In Bengaluru And BJP's Karnataka Hope,https://www.ndtv.com/opinion/modi-roadshows-in-bengaluru-and-bjps-karnataka-hope-4007386
1adc4eee69ad5c2b8ecf57dec036e0e46b9f67c65637fa583336f35706751d51,2024-02-28 15:54:46.878122+00:00,en,hindustantimes.com,hindustantimes.com,2023-05-06,Karnataka results could pave the road to 2024,https://www.hindustantimes.com/opinion/karnataka-elections-ideological-battle-between-bjp-and-congress-with-long-term-implications-for-india-s-political-landscape-101683382301720.html
7dda3dd4eae46b5635d7a01d7878aeec560780afbb9188e065284865f2544765,2024-02-28 15:11:24.404419+00:00,en,indianexpress.com,indianexpress.com,2023-05-07,Silence is spurious golden,https://indianexpress.com/article/opinion/columns/silence-is-spurious-golden-8595568/
7a5d2bd9ab84305c7f106c3a31d93d0dbbefeddbaf594e5989698e5a405535ac,2024-02-28 13:33:12.738680+00:00,en,indiatoday.in,indiatoday.in,2023-05-08,Erdogan or Erdogone? How India's Opposition could resemble Turkey's Table of Six,https://www.indiatoday.in/opinion-columns/story/erdogan-or-erdogone-how-indias-opposition-could-resemble-turkeys-table-of-six-opinion-2376481-2023-05-08?utm_source=rss
0e0dab97bc05c7ef00fbbaeee73d8f8c57b74ba301909376887ddcf0202d1960,2024-02-28 13:17:10.763350+00:00,en,ndtv.com,ndtv.com,2023-05-08,Opinion: Congress Looks Ready For Anti-Incumbency Dividend,https://www.ndtv.com/opinion/congress-looks-ready-for-anti-incumbency-dividend-4015757#publisher=newsstand
aa6c0e74dc7c3f71faacf45ca1845aff132a1d4e539063d37591e297b9f3ed4b,2024-02-28 11:49:02.494273+00:00,en,hindustantimes.com,hindustantimes.com,2023-05-09,Can the malady of urban voter apathy be remedied?,https://www.hindustantimes.com/opinion/can-the-malady-of-urban-voter-apathy-be-remedied-101683636616738.html
af73c4e6335e58b0bd32f8fd47695c8b408248f5b537927fef5ed78ab203f4df,2024-02-28 09:15:10.515414+00:00,en,indiatimes.com,indiatimes.com,2023-05-11,Manifest(o) risks: Cong’s Bajrang ban decoded – The party targeted the rightwing outfit to court Mysuru Muslim votes. The bet will pay off and become a crucial difference between GOP & BJP only if JDS’s Muslim voters switch to Congress,https://timesofindia.indiatimes.com/blogs/toi-editorials/manifesto-risks-congs-bajrang-ban-decoded-the-party-targeted-the-rightwing-outfit-to-court-mysuru-muslim-votes-the-bet-will-pay-off-and-become-a-crucial-difference-between-gop-bjp-onl/
2ffc5d31528f5026e89895929932ec48ea21c6c0402d0ad34b3d18f92a75b7a7,2024-02-28 08:30:29.854102+00:00,en,thequint.com,thequint.com,2023-05-11,"In Assam, Congress’s Bid for Opposition Unity Against NDA Needs ‘AIUDF’ Element",https://www.thequint.com/opinion/in-assam-congresss-bid-for-opposition-unity-against-nda-needs-aiudf-element
7ef6bef7421dac359313e8207e7c8b6cb47ec90e6aaee2dcdf93cd84eb405e82,2024-02-28 07:10:35.234697+00:00,en,thequint.com,thequint.com,2024-02-26,Lone Battle or a Bigger Game Plan? Behind NC’s Solo Stride in J Elections,https://www.thequint.com/opinion/national-conference-goes-solo-jammu-and-kashmir-farooq-abdullah-elections-lok-sabha-2024
6a3e91ee403a06680f681314c030600e43fc0e64b965d8dbdbedde3bae4bb883,2024-02-28 05:55:42.986823+00:00,en,indiatoday.in,indiatoday.in,2023-05-13,"CM Bommai concedes defeat, says will re-organise Karnataka BJP",https://www.indiatoday.in/elections/karnataka-assembly-polls-2023/story/karnataka-cm-basavaraj-bommai-bjp-detail-analysis-do-better-lok-sabha-2024-2378640-2023-05-13?utm_source=rss
e7247bc2d65126cbfe5dedaf18da61c49570bdc285d1a8ce6f9d7bceecca5653,2024-02-28 05:13:34.582277+00:00,en,hindustantimes.com,hindustantimes.com,2023-05-13,Win sketches contours of future election plans,https://www.hindustantimes.com/opinion/win-sketches-contours-of-future-election-plans-101683997762763.html
db9ae90713f90ff93a495ebcd8a42215b403f629bad00caaaa30089e34d773a4,2024-02-28 05:06:32.255564+00:00,en,thequint.com,thequint.com,2023-05-14,Local Leadership & Vote Banks: The Success Formula of the Congress in Karnataka,https://www.thequint.com/opinion/equal-parts-vote-bank-and-leadership-congresss-success-formula-in-karnataka
eea4dcdb5b34987f8c638961d9e305395afee37a1c0106e21dce6d09e6142418,2024-02-28 04:32:48.525318+00:00,en,indianexpress.com,indianexpress.com,2023-05-14,"From Supreme Court judgments to Karnataka verdict, the BJP’s week of horrors",https://indianexpress.com/article/opinion/columns/from-supreme-court-judgments-to-karnataka-verdict-the-bjps-week-of-horrors-8608811/
218692ab7a10ca3cd7c08e60f38940207030a2f585264390b2b43de962e578c9,2024-02-28 04:21:24.436419+00:00,en,indiatimes.com,indiatimes.com,2023-05-14,"View: Things go South for BJP as its 'all states, one campaign' strategy falls short in Karnataka",https://economictimes.indiatimes.com/opinion/et-commentary/view-things-go-south-for-bjp-as-its-all-states-one-campaign-strategy-falls-short-in-karnataka/articleshow/100233609.cms
76e3c3d17d2c0e18a84515fe4d255885f60f5796da697a549e03f44baae5de89,2024-02-28 04:14:00.166336+00:00,en,thequint.com,thequint.com,2023-05-15,"Welfare Politics, Not Gandhis: Karnataka Win Must Guide Congress’ 2024 Plan",https://www.thequint.com/opinion/welfare-politics-over-gandhis-karnataka-win-must-guide-congresss-2024-plan
af26c9dc0bfa052f3a89c2265be8df5f7d2bcd000ee22a17894c78329548050a,2024-02-28 03:13:57.947550+00:00,en,thequint.com,thequint.com,2023-05-15,Karnataka Election Results: Gandhis’ Supporting Role Did What PM Modi’s Overdrive Failed To Nail,https://www.thequint.com/opinion/gandhi-supporting-role-modis-overdrive-failed-to-nail
20a402d6d2c21fab56d9b6d713d1920c9909606563d66ef44ad8cba6780f2b99,2024-02-28 02:57:49.880618+00:00,en,indiatimes.com,indiatimes.com,2023-05-15,Competitive populism bad for India's health,https://economictimes.indiatimes.com/opinion/et-editorial/competitive-populism-bad-for-indias-health/articleshow/100259432.cms
d3f7ffd1f4e57a254c4f6d9d8784561910ebd5026f3272d8635ecfcb894aa584,2024-02-28 01:39:27.722218+00:00,en,indiatoday.in,indiatoday.in,2023-05-16,Mandal 2.0 vs Kamandal: Has Congress got its political antidote for BJP’s Hindutva?,https://www.indiatoday.in/news-analysis/story/mandal-kamandal-has-congress-got-its-political-antidote-for-bjp-hindutva-2379967-2023-05-16?utm_source=rss
f8fd6a2046bb84fb6c09717340c6e8447a677d4193c0aa5b459737007a3934be,2024-02-28 00:27:23.758715+00:00,en,hindustantimes.com,hindustantimes.com,2024-02-26,"A call to battle, and fight will be pitched",https://www.hindustantimes.com/analysis/ecostani-a-call-to-battle-and-fight-will-be-pitched-101708956135900.html
788efb29bd7d1a640ce37f8d709b0160c3154bcbe7b57589f785e916d431dfb2,2024-02-28 00:25:38.766916+00:00,en,hindustantimes.com,hindustantimes.com,2024-02-26,Can the Congress-SP alliance slow down the BJP tornado,https://www.hindustantimes.com/opinion/keeping-up-with-up-can-the-congress-sp-alliance-slow-down-the-bjp-tornado-101708944725972.html
5dc625d8b8716dc5218da36fb531b312dfe516b8d42e38f95e5553ca2ffcd35f,2024-02-28 00:25:19.155255+00:00,en,hindustantimes.com,hindustantimes.com,2024-02-26,"Congress to BJP, the art of making poll slogans",https://www.hindustantimes.com/opinion/congress-to-bjp-the-art-of-making-poll-slogans-101708929103051.html
62a9005c8ea6eb92c318d6f07945a834f3581cd30dc257595a6e596d33606bc0,2024-02-28 00:10:35.151525+00:00,en,indiatimes.com,indiatimes.com,2024-02-26,2024 general elections will put the very process of polls under the scanner,https://economictimes.indiatimes.com/opinion/et-commentary/2024-general-elections-will-put-the-very-process-of-polls-under-the-scanner/articleshow/108021776.cms
2a428571e55eb53832e8ca7838e516ac1c9be72dd35850d57140058a5f4f3770,2024-02-27 23:36:55.099372+00:00,en,rediff.com,rediff.com,2023-05-17,How Karnataka Results Will Impact Tamil Nadu Politics,https://www.rediff.com/news/column/n-sathiya-moorthy-how-karnataka-results-will-impact-tamil-nadu-politics/20230517.htm
f95f8e19046f51ef4daf7129ae98f269dd39f57cf3f3dab9801d7dca3132636a,2024-02-27 23:31:13.724765+00:00,en,hindustantimes.com,hindustantimes.com,2023-05-17,Lessons for Imran Khan,https://www.hindustantimes.com/opinion/distantly-close-lessons-for-imran-khan-101684323410688.html
14ed77953f233a6f03b76c90bd4c392993243fa2ffabc2d18a9413e4e882257e,2024-02-27 22:18:43.522699+00:00,en,rediff.com,rediff.com,2023-05-18,"Congress Challenge: To Keep Siddaramaiah, Shivakumar Happy",https://www.rediff.com/news/column/ramesh-menon-congress-challenge-to-keep-siddaramaiah-shivakumar-happy/20230518.htm
208b026c28236902d3de23b18a942ca74b4717f555cb3694d6569d11adf1dab0,2024-02-27 22:15:49.093613+00:00,en,thequint.com,thequint.com,2023-05-18,Turkey Elections: Erdogan’s Return to Power Might Douse Last Hope for Democracy,https://www.thequint.com/opinion/turkey-elections-erdogans-return-to-power-will-douse-last-hope-for-democracy
0d6d8e90b0ebe6488ea34d6366bccd0bae51a1cd5c191540d337366efe5c3516,2024-02-27 19:41:09.065329+00:00,en,ndtv.com,ndtv.com,2023-05-19,Opinion: I Congratulated Sonia Gandhi For Karnataka 5 Months Ago,https://www.ndtv.com/opinion/i-congratulated-sonia-gandhi-for-karnataka-5-months-ago-4047907#publisher=newsstand
85cd6ba6a59f5215ac4a58d056e2808cca6ca5645a0f59906994f71036e1e163,2024-02-27 19:39:07.352538+00:00,en,hindustantimes.com,hindustantimes.com,2023-05-19,A win in Karnataka holds lessons for UP-Bihar,https://www.hindustantimes.com/opinion/keeping-up-with-up-a-win-in-karnataka-holds-lessons-for-upbihar-101684489073794.html
af37788db3d8e287ed936233a8f18809a245119634860d9c37782fb9b3d53eaf,2024-02-27 19:11:17.817814+00:00,en,indianexpress.com,indianexpress.com,2023-05-19,Triple engine sarkar: How to read BJP victory in UP’s local body polls,https://indianexpress.com/article/opinion/columns/triple-engine-sarkar-bjp-victory-in-up-local-body-polls-8618543/
b271b94f33e64e2242a89a822f4d4a410f57ceb1110e0b1e89ea29ff5e98d3f3,2024-02-27 17:39:18.222887+00:00,en,hindustantimes.com,hindustantimes.com,2023-05-20,Signals from the south for next round of polls,https://www.hindustantimes.com/opinion/indias-extended-election-season-assembly-polls-in-five-states-to-shape-national-politics-ahead-of-2024-general-elections-101684592154051.html
5ac91af48f0da4d310b2d6e877a942b1281c2b7b8b05ee7394d3bf922fcfda09,2024-02-27 16:59:34.555434+00:00,en,thequint.com,thequint.com,2023-05-21,"Sunday View: The Best Weekend Opinion Reads, Curated Just for You",https://www.thequint.com/opinion/sunday-view-the-best-weekend-opinion-reads-curated-just-for-you-113
ba52c6e823de4b6e6c1e1995d0e461711bf7cfa1e05e3e237f47813c9ae4551f,2024-02-27 15:24:05.822451+00:00,en,rediff.com,rediff.com,2023-05-22,Why Is The Congress Afraid?,https://www.rediff.com/news/column/shyam-g-menon-why-is-the-congress-afraid/20230522.htm
8965073a0b6d226f78b82124781e84fd87424c35e676f386de35679dd70c78fb,2024-02-27 15:15:12.355961+00:00,en,ndtv.com,ndtv.com,2023-05-22,"Opinion: After Karnataka, Reading The Tea Leaves For 2024",https://www.ndtv.com/opinion/after-karnataka-reading-the-tea-leaves-for-2024-4055029
8e69ab3de81af711b117b35e8c3971e92d10fae637ee97df79e725a9b50c47b9,2024-02-27 15:01:16.692900+00:00,en,indiatoday.in,indiatoday.in,2023-05-22,"Downfall of a behemoth: As 2024 approaches, Mayawati risks fading into political oblivion",https://www.indiatoday.in/news-analysis/story/downfall-of-a-behemoth-as-2024-approaches-mayawati-risks-fading-into-political-oblivion-2382613-2023-05-22?utm_source=rss
160704920bbf459a972415f9043681bee30c11de3624a3b97250a12b8360dc40,2024-02-27 12:58:54.832285+00:00,en,ndtv.com,ndtv.com,2023-05-23,NDTV Public Opinion: Over 55% People Satisfied With Centre's Work On Various Fronts,https://www.ndtv.com/india-news/ndtv-public-opinion-9-years-of-modi-government-over-55-people-satisfied-with-centres-work-on-various-fronts-4059500
78cbd9b22a99edaa50d5d343d512f4503f3e5dc251e2fbe5a964fbc6cefc94df,2024-02-27 12:07:39.132981+00:00,en,thequint.com,thequint.com,2023-05-24,"May, Rajeev Gandhi the Congress Saga: A Tragic Tale of Endless Possibilities",https://www.thequint.com/opinion/may-rajeev-gandhi-the-congress-saga-a-tragic-tale-of-endless-possibilities
22cc8c41afdca327ef2660c352e2618688212edd4fc02f98d36d776cf8805a65,2024-02-27 11:21:17.426029+00:00,en,thehindu.com,thehindu.com,2023-05-25,"After Karnataka, more lessons for the BJP",https://www.thehindu.com/opinion/lead/after-karnataka-more-lessons-for-the-bjp/article66889931.ece
8dd51bae85d4752e7701e4780f7c1c17884eaa7e42eabf698168d7d55a4c4264,2024-02-27 00:38:34.731950+00:00,en,indianexpress.com,indianexpress.com,2024-02-25,Inside Track: Priyanka hesitates,https://indianexpress.com/article/opinion/columns/inside-track-priyanka-hesitates-9179235/
a54244ee5b6b020d8fad4e926bd1d858f9a59937e97378c60700f6053d943712,2024-02-26 22:51:44.636174+00:00,en,hindustantimes.com,hindustantimes.com,2023-06-02,Nuanced economic debates will not matter in 2024,https://www.hindustantimes.com/opinion/terms-of-trade-nuanced-economic-debates-will-not-matter-in-2024-101685716452519.html
005f56297e66a9b8c80551c3d24f1f06d00c36e1a1bcbd25c23ab8ffda3561ec,2024-02-26 21:01:30.705370+00:00,en,indiatoday.in,indiatoday.in,2023-06-04,ABC of united Opposition in soup of its own for fight against BJP,https://www.indiatoday.in/opinion-columns/story/abc-of-united-opposition-in-soup-of-its-own-for-fight-against-bjp-2388632-2023-06-04?utm_source=rss
0ef71f0bcf36ee1dbf8e9c5251efb8e7480a6363a839e3b373c62150c2deb8c5,2024-02-26 15:56:13.070320+00:00,en,indianexpress.com,indianexpress.com,2023-06-07,Message from Istanbul: How not to challenge Modi,https://indianexpress.com/article/opinion/columns/message-from-istanbul-how-to-challenge-modi-8650990/
3e0d6e7ec12a40eebf24cd0ab5452e808f37725ecd6f975ecb7a17471f3adc93,2024-02-26 14:37:45.692088+00:00,en,indiatoday.in,indiatoday.in,2023-06-08,"One sheath, two swords: What Kamal Nath and Digvijaya Singh bring to Congress table in MP",https://www.indiatoday.in/news-analysis/story/one-sheath-two-swords-what-kamal-nath-and-digvijaya-singh-bring-to-congress-table-in-mp-2390431-2023-06-08?utm_source=rss
b77620d8fe2d7eec66c506a09c3e852a3f5c1ea7500fed7ffe758aff63905538,2024-02-26 12:08:58.858047+00:00,en,indianexpress.com,indianexpress.com,2023-06-10,"June 10, 1983, Forty Years Ago: British Elections",https://indianexpress.com/article/opinion/40-years-ago/june-10-1983-forty-years-ago-british-elections-8655067/
e7305d7a7b14b468209051d5e14eb7922b44f430449666c741cebda2d6245177,2024-02-26 11:57:01.756062+00:00,en,indiatoday.in,indiatoday.in,2023-06-10,How Bilaspur division is the big daddy of upcoming Chhattisgarh Assembly polls,https://www.indiatoday.in/news-analysis/story/chhattisgarh-assembly-polls-bilaspur-division-big-daddy-2391307-2023-06-10?utm_source=rss
fb1298e493197430f6a9b871dfb248b420f66a2bea9dfc9267c64ce4d90557c5,2024-02-26 09:26:52.290738+00:00,en,hindustantimes.com,hindustantimes.com,2023-06-12,"As the opposition attempts to form a unified front, the JP movement serves as a good reminder",https://www.hindustantimes.com/opinion/whats-up-with-u-p-as-the-opposition-attempts-to-form-a-unified-front-the-jp-movement-serves-as-a-good-reminder-101686555275593.html
008351f50fd49c6d68c282cb23a838304e9c60ae8cd903b385d02e44e09eea6a,2024-02-26 00:46:28.879754+00:00,en,thequint.com,thequint.com,2023-06-19,Congress is Right in Playing 'Hindu Card' While Fighting BJP. 4 Graphs Show Why,https://www.thequint.com/opinion/congress-hindutva-hinduism-bjp-aap-arvind-kejriwal-trinamool
635cbff65bbda914875fc7234a4dfe016d30d8a00c3f878e5a963308082ef923,2024-02-26 00:45:31.943693+00:00,en,indianexpress.com,indianexpress.com,2024-02-24,"Express View on SC verdict on Chandigarh mayor election: Small poll, large lesson",https://indianexpress.com/article/opinion/editorials/express-view-on-sc-verdict-on-chandigarh-mayor-election-small-poll-large-lesson-9177785/
92cd2741064c538f80f7ce8720bfa3209c86ef92810daa1cc1dcab917dcb5238,2024-02-25 21:44:33.265210+00:00,en,ndtv.com,ndtv.com,2023-06-21,Opinion: Kejriwal's Condition As Opposition Preps For Patna,https://www.ndtv.com/opinion/kejriwals-condition-as-opposition-preps-for-patna-4139672#publisher=newsstand
887436b61b8f629fa8848677f84122f2f09544632038a79ee0a5a25df0ec5a49,2024-02-25 19:49:54.861005+00:00,en,hindustantimes.com,hindustantimes.com,2023-06-22,Why poll violence in West Bengal persists,https://www.hindustantimes.com/opinion/why-poll-violence-in-west-bengal-persists-101687445812893.html
f55fc56f9048d2fc5417d9bdca8b99975e65c208646163e57b0cd25b5e952c4f,2024-02-25 14:38:48.957048+00:00,en,indiatimes.com,indiatimes.com,2023-06-26,How Opposition can untangle the Gordian knot to form a powerful anti-BJP front,https://economictimes.indiatimes.com/opinion/et-commentary/how-opposition-can-untangle-the-gordian-knot-to-form-a-powerful-anti-bjp-front/articleshow/101287712.cms
a6a54baa6bdee056c5787d324e2dfec13b26c766e36adb55773c1eca8ea177f1,2024-02-25 12:51:13.367044+00:00,en,indiatimes.com,indiatimes.com,2023-06-28,"UCC joins Article 370, Ram Temple as key issues for BJP in 2024 elections",https://economictimes.indiatimes.com/opinion/et-commentary/ucc-joins-article-370-ram-temple-as-key-issues-for-bjp-in-2024-elections/articleshow/101331368.cms
63d8f12d893c74fc3921237b23be8077d80a510e3c3be7b3581f10b63b36ed85,2024-02-25 12:33:57.733377+00:00,en,indianexpress.com,indianexpress.com,2023-06-28,Sagarika Ghose writes: Democracy is not in India’s DNA,https://indianexpress.com/article/opinion/columns/sagarika-ghose-writes-democracy-is-not-in-indias-dna-8690816/
5acf270354731bb7c993ce1ea41e558dbc3253fe1f44ef8bdc610333ab2eb8fb,2024-02-25 09:58:17.959052+00:00,en,ndtv.com,ndtv.com,2023-06-30,"Opinion: From ""AI"" In US To UCC In Bhopal",https://www.ndtv.com/opinion/from-ai-in-us-to-ucc-in-bhopal-modis-diverse-bandwidth-4164083
a4ce807d89df90c485a8443250c5ac08f539f3a139a4befed8fb3ae44749a364,2024-02-25 07:56:26.256464+00:00,en,indianexpress.com,indianexpress.com,2023-07-02,Tavleen Singh writes: It’s time for PM Modi to get rid of his speechwriters,https://indianexpress.com/article/opinion/columns/seen-and-heard-before-8696395/
c0dcd5c573713a92b7b7f9b3ef4b7ca6324544ce0b7977a49eb0c467dcd13a70,2024-02-25 05:12:41.725807+00:00,en,indiatoday.in,indiatoday.in,2023-07-04,"Why BJP needs Ajit Pawar for Lok Sabha 2024, not the other way round",https://www.indiatoday.in/news-analysis/story/bjp-needs-ajit-pawar-for-lok-sabha-2024-not-the-other-way-round-maharashtra-politics-2401757-2023-07-04?utm_source=rss
342e9b7bd59e9161f8e9c7968f1eee5adfbf2c029ea4893fb40f2ce13c25ce1b,2024-02-25 04:43:08.408561+00:00,en,thehindu.com,thehindu.com,2023-07-05,"One step forward, two steps back: The BJP’s new challenges in Kerala",https://www.thehindu.com/opinion/op-ed/one-step-forward-two-steps-back-the-bjps-new-challenges-in-kerala/article67041346.ece
c88110776961faee9596f507b9428790f4678d9af0dd7000fd4714815fcc8aec,2024-02-25 03:49:45.919867+00:00,en,hindustantimes.com,hindustantimes.com,2023-07-05,A small party plays a big role,https://www.hindustantimes.com/opinion/keeping-up-with-up-a-small-party-plays-a-big-role-101688552204926.html
a38741222dd75a06cd18794b1f722119373b3e46dd10a1a30fa921e1bec5809f,2024-02-25 02:41:30.480884+00:00,en,indiatoday.in,indiatoday.in,2023-07-06,Madhya Pradesh Assembly Polls 2023: Will urination episode undo BJP's tribal outreach,https://www.indiatoday.in/opinion-columns/story/opinion-madhya-pradesh-assembly-polls-2023-will-urination-episode-undo-bjps-tribal-outreach-2402659-2023-07-06?utm_source=rss
5200cb3957ba61619a8720492f369742c103fdf2ceabf89dbdfa2163279152a9,2024-02-25 00:32:31.735649+00:00,en,indianexpress.com,indianexpress.com,2024-02-23,Express View on Pakistan elections: Crown of thorns,https://indianexpress.com/article/opinion/editorials/express-view-on-pakistan-elections-crown-of-thorns-9176082/
49e47afbb762eb489e4222640d98a41f66d3f4499aed96948c6a7de16608e5bd,2024-02-24 23:20:25.584679+00:00,en,hindustantimes.com,hindustantimes.com,2023-07-09,BJP moves to rebuild NDA ahead of 2024,https://www.hindustantimes.com/opinion/bjp-moves-to-rebuild-nda-ahead-of-2024-101688875549422.html
65b152b6e1a574f2c7202bc484ea2385a7971d32d3b01c5609ba67617f60dae0,2024-02-24 21:00:56.619582+00:00,en,indiatimes.com,indiatimes.com,2023-07-10,BJP’s acquisition-and-alliance strategy is key to its expansion,https://economictimes.indiatimes.com/opinion/et-commentary/bjps-acquisition-and-alliance-strategy-is-key-to-its-expansion/articleshow/101646751.cms
7ca6174267a2c14125a3124bf3573202570b794b04a0ea2c0f323133d1fa0304,2024-02-24 20:26:33.796916+00:00,en,ndtv.com,ndtv.com,2023-07-11,"Opinion: In Opposition's Unity Fumble, Maharashtra, Bihar Are Exhibit A",https://www.ndtv.com/opinion/in-oppositions-unity-fumble-maharashtra-bihar-are-exhibit-a-4195086#publisher=newsstand
6453d34e83f56903aa39d6b499bc5745327f2f48386023e5cbc36d034cb21ee8,2024-02-24 19:23:31.089051+00:00,en,indiatimes.com,indiatimes.com,2023-07-12,"BJP, Congress court regional parties: Will they play kingmaker in 2024 elections?",https://economictimes.indiatimes.com/opinion/et-commentary/bjp-congress-court-regional-parties-will-they-play-kingmaker-in-2024-elections/articleshow/101686898.cms
ccd715c21fe0043b52cb9a6601bb6e30ce4032cbfc7ab8b6a91bc183ccfbf975,2024-02-24 19:12:24.476671+00:00,en,indiatoday.in,indiatoday.in,2023-07-12,Opinion: Violence no dampener as Mamata decimates Opposition in Bengal Panchayat polls,https://www.indiatoday.in/opinion-columns/story/violence-no-dampener-as-mamata-decimates-opposition-in-bengal-panchayat-polls-2405555-2023-07-12?utm_source=rss
e4250ba1781de8eaccfed717be281336bf69c78a8356529aeeb858527f56c5ce,2024-02-24 16:41:27.531983+00:00,en,ndtv.com,ndtv.com,2023-07-14,Opinion: 2004 vs 2024,https://www.ndtv.com/opinion/2004-vs-2024-why-sonia-gandhi-may-not-help-opposition-efforts-4206640
07a761976f3718c01d0bb09dcd92a76d7116f800d6d413f69878465b96cd99a3,2024-02-24 13:05:10.744035+00:00,en,hindustantimes.com,hindustantimes.com,2023-07-17,‘It was impossible to get all parties to agree on a joint statement’,https://www.hindustantimes.com/opinion/new-delhi-junction-it-was-impossible-to-get-all-parties-to-agree-on-a-joint-statement-101689605616726.html
3cf8896d67ff4b27d0bc0af2f4893f58796a5eb73e2ac43cd89f7fe4ad1f8bba,2024-02-24 12:27:53.669347+00:00,en,indianexpress.com,indianexpress.com,2023-07-18,How India can prevent unnatural political alliances,https://indianexpress.com/article/opinion/columns/how-india-can-prevent-unnatural-political-alliances-8844847/
39381df6d49fc82f4708d9b50f0fb68635ffab02d52d56817b658fe43dcac44b,2024-02-24 07:45:30.513989+00:00,en,indiatoday.in,indiatoday.in,2023-07-21,"Opinion: Opposition’s INDIA working on arithmetic, hoping for chemistry",https://www.indiatoday.in/opinion-columns/story/opinion-oppositions-india-working-on-arithmetic-hoping-for-chemistry-2409956-2023-07-21?utm_source=rss
7c02a79574ee59522bf55c9d2250f221caf72cc91c204aa33861f0f17343f150,2024-02-24 07:30:49.234687+00:00,en,hindustantimes.com,hindustantimes.com,2023-07-21,Has INDIA changed the road to 2024,https://www.hindustantimes.com/opinion/terms-of-trade-has-india-changed-the-road-to-2024-101689933854429.html
ca37333204a6b63531549d2e7e1566ddf9bcd12f5f67b811b8b49128af082b41,2024-02-24 05:10:22.679467+00:00,en,hindustantimes.com,hindustantimes.com,2023-07-24,The course seems set for the upcoming polls,https://www.hindustantimes.com/opinion/the-course-seems-set-for-the-upcoming-polls-101690164891541.html
7bb4aa065ff2931c8553854f73cc4658b52771f72ac224d312f5438227781dab,2024-02-24 03:13:56.758896+00:00,en,rediff.com,rediff.com,2023-07-25,Is This Why BJP Has Revived The NDA?,https://www.rediff.com/news/column/n-sathiya-moorthy-is-this-why-bjp-has-revived-the-nda/20230725.htm
24d3afbbc3153c60d043b03afd11a1b1a1d28d482438a162e9ad51bc0166a9ea,2024-02-24 01:55:14.132672+00:00,en,ndtv.com,ndtv.com,2023-07-26,Opinion: The Challenges For 'Friends-With-Benefits' BJP And JD(S),https://www.ndtv.com/opinion/the-challenges-for-friends-with-benefits-bjp-and-jd-s-4240837
6e54f987000b5b94196f497067b2b570b0f1a4eb1ab2400edf26266126b61085,2024-02-23 21:36:11.453784+00:00,en,cnn.com,cnn.com,2023-07-28,India's opposition is uniting to unseat Modi in next year's election. Should he be worried?,https://www.cnn.com/2023/07/28/india/india-opposition-alliance-bjp-modi-analysis-intl-hnk/index.html
6f3aa5d1e33e9e7af465e9502d477e34465cbdb3c93d570d61decf86977bcfcb,2024-02-23 21:15:45.206604+00:00,en,hindustantimes.com,hindustantimes.com,2023-07-29,Decoding the Maya factor as the battle lines for 2024 are drawn,https://www.hindustantimes.com/opinion/keeping-up-with-up-decoding-the-maya-factor-as-the-battle-lines-for-2024-are-drawn-101690620106505.html
c55c80580101132608e36a93611f372bb9bfa45469e130927dc61b118e737b3b,2024-02-23 20:29:31.560519+00:00,en,indianexpress.com,indianexpress.com,2023-07-30,When Gwalior’s royalty turned to politics,https://indianexpress.com/article/opinion/columns/gwalior-royalty-scindia-priyanka-gandhi-8867020/
fec58deaeffc8642a9e338b2135e892447e9e837f02de5f9e9f2a286f4312421,2024-02-23 20:29:31.355138+00:00,en,indianexpress.com,indianexpress.com,2023-07-30,Inside Track by Coomi Kapoor: Poll Dance Prep,https://indianexpress.com/article/opinion/columns/inside-track-poll-bjp-india-alliance-8866932/
d69fdcb8ded3eabbe264090655fe9633cd570aaac4a79cdb7fdfa63b62310ed8,2024-02-23 09:45:24.410595+00:00,en,hindustantimes.com,hindustantimes.com,2023-08-07,The divide and the invisible silver lining,https://www.hindustantimes.com/opinion/keeping-up-with-up-the-divide-and-the-invisible-silver-lining-101691410227773.html
139bafe13e3b5ae83f4caf01488d390e5b832ddb2b8a689f3fa6990751844fa4,2024-02-23 06:56:02.389112+00:00,en,indiatoday.in,indiatoday.in,2023-08-09,Opinion: Solution to the politics of hatred and the folly of last century,https://www.indiatoday.in/opinion-columns/story/opinion-solution-to-the-politics-of-hatred-and-the-folly-of-last-century-2418614-2023-08-09?utm_source=rss
7ef3bd23ad00581bacce558682290272f5e1a085271714198b19662a4824b060,2024-02-23 06:25:13.597855+00:00,en,thehindu.com,thehindu.com,2023-08-10,The calculus behind political neutrality,https://www.thehindu.com/opinion/lead/the-calculus-behind-political-neutrality/article67177055.ece
ed69a2be7b3401b191319c8f4104946c52a0525d757e182a491916ab0ecc12b3,2024-02-23 04:32:19.445612+00:00,en,hindustantimes.com,hindustantimes.com,2023-08-11,3 key hurdles will define Rahul’s future in politics,https://www.hindustantimes.com/opinion/3-key-hurdles-will-define-rahul-s-future-in-politics-101691719902111.html
58ff2c8df21f03c8e3afc216110adf669b1f9e0814beedb8f2991e83b8a8cb9c,2024-02-23 04:17:16.725760+00:00,en,indianexpress.com,indianexpress.com,2023-08-11,No confidence motion on Manipur: Opposition’s missed opportunity,https://indianexpress.com/article/opinion/columns/no-confidence-motion-manipur-opposition-missed-opportunity-8887455/
eb940d6c4066bff8c1638a05925db788f285b9a21bc85035686b18779def9502,2024-02-23 03:33:29.667915+00:00,en,hindustantimes.com,hindustantimes.com,2023-08-11,Ten lessons from no-confidence motion debate,https://www.hindustantimes.com/opinion/ten-lessons-from-no-confidence-motion-debate-101691762269699.html
94b7404933f889cf6303a3f0ac5a265fde354d7c19666eccd6d62f292bae1e7a,2024-02-23 02:05:39.275775+00:00,en,indianexpress.com,indianexpress.com,2023-08-13,"Tavleen Singh writes: Meaningless melodrama, a dreary debate",https://indianexpress.com/article/opinion/columns/meaningless-melodrama-a-dreary-debate-8889906/
cd6bde336f6dee3795d45d3d5a91e86e06e875e0e27c6f5f08bc7d1dd85dad86,2024-02-23 00:33:43.562394+00:00,en,thehindu.com,thehindu.com,2024-02-21,"Nitish Kumar is a habitual turncoat, nobody will trust him any more; even the BJP knows it very well: Tejashwi Yadav",https://www.thehindu.com/opinion/interview/nitish-kumar-is-a-habitual-turncoat-nobody-will-trust-him-any-more-even-the-bjp-knows-it-very-well-tejashwi-yadav/article67871189.ece
cf7bdb07f23887c1df2e12a456575f86053244c893cbbb1d8234c08ec6c7a8a7,2024-02-23 00:31:05.884935+00:00,en,hindustantimes.com,hindustantimes.com,2024-02-21,Will Congress’ remaining LS seat in the state handle Sonia's decision to not contest the polls,https://www.hindustantimes.com/analysis/keeping-up-with-up-will-congress-remaining-ls-seat-in-the-state-handle-sonias-decision-to-not-contest-the-polls-101708525746326.html
79817a82861fd46e19a64aab7bef12b09065465aaf79902532604ec87e10a513,2024-02-23 00:04:07.199770+00:00,en,indiatimes.com,indiatimes.com,2024-02-21,"Well done, Milords: SC did the right thing in overturning Chandigarh mayor’s elections. Poll process integrity defines democracy",https://timesofindia.indiatimes.com/blogs/toi-editorials/well-done-milords-sc-did-the-right-thing-in-overturning-chandigarh-mayors-elections-poll-process-integrity-defines-democracy/
4a1fba1fcc8841d6182a9cfb2666ff8d0f8ad66bb384969b6775e3f7b9701851,2024-02-22 19:49:21.930256+00:00,en,ndtv.com,ndtv.com,2023-08-17,Opinion: Analysis: INDIA Alliance,https://www.ndtv.com/opinion/analysis-aap-vs-congress-vs-sharad-pawar-indias-first-challenge-4306112
fbf1d116a78ef5ba99b3e06c68e93e470b2f2fa3f9ebe55a2e2e9901efc4085a,2024-02-22 01:18:48.105266+00:00,en,indiatoday.in,indiatoday.in,2023-08-31,"Opinion: 'One Nation, One Election' bill in Parliament? Here's what it means",https://www.indiatoday.in/opinion-columns/story/one-nation-one-election-bill-likely-in-special-parliament-session-what-does-it-mean-2429336-2023-08-31?utm_source=rss
319da9b46429ee3691489f98d9817b826a7da85562f2428da1cc4f5e1f832cb2,2024-02-21 23:33:16.859434+00:00,en,hindustantimes.com,hindustantimes.com,2023-09-01,Is India headed for simultaneous polls?,https://www.hindustantimes.com/opinion/is-india-headed-for-simultaneous-polls-101693587613640.html
300c6326845119550e32caa6f1a5a1de857f23672d9848b84beb7709b3f66f6d,2024-02-21 21:05:03.255522+00:00,en,hindustantimes.com,hindustantimes.com,2023-09-04,One-upmanship is the name of the game in national politics now,https://www.hindustantimes.com/opinion/oneupmanship-is-the-name-of-the-game-in-national-politics-now-101693793573851.html
98cdb0f48604e391ecd665aa7aef9411069763a431548ef2a5830a8a15c3b010,2024-02-21 21:00:34.418186+00:00,en,indiatoday.in,indiatoday.in,2023-09-04,"One Nation, One Election — Speculation, calculations",https://www.indiatoday.in/opinion-columns/story/one-nation-one-election-speculation-calculations-2430561-2023-09-04?utm_source=rss
5ddc484846cd67e85e6bd7fac42bc1bd0f4a14ced250be272d83828d40063577,2024-02-21 20:43:31.351222+00:00,en,rediff.com,rediff.com,2023-09-04,Why 2024 Polls Are Crucial For AIADMK,https://www.rediff.com/news/column/n-sathiya-moorthy-why-2024-polls-are-crucial-for-aiadmk/20230904.htm
288e2432f6000db9951160222bb8c4dd5b65952fe1f75ac4152136ab23f8116b,2024-02-21 20:25:42.522104+00:00,en,indiatimes.com,indiatimes.com,2023-09-04,Simultaneous polls: Electorates can distinguish between Parliament and state assembly elections,https://economictimes.indiatimes.com/opinion/et-commentary/simultaneous-polls-electorates-can-distinguish-between-parliament-and-state-assembly-elections/articleshow/103332391.cms
76c3d67d20af014b383ad4d42ea0bcbd101d48eb628d586000ed34d80151a0a6,2024-02-21 20:22:24.176984+00:00,en,rediff.com,rediff.com,2023-09-04,Has Udhayanidhi Shot INDIA Alliance in the Foot?,https://www.rediff.com/news/column/n-sathiya-moorthy-has-udhayanidhi-shot-india-alliance-in-the-foot/20230904.htm
d04c73b245d7cbafbd716d1e38111ccf784c036124c792a802d5d5499024e0ec,2024-02-21 19:59:36.128928+00:00,en,thehindu.com,thehindu.com,2023-09-05,"Tiers apart: On the ‘one nation, one election’ trial balloon",https://www.thehindu.com/opinion/editorial/tiers-apart-on-the-one-nation-one-election-trial-balloon/article67270484.ece
262583bbf4a6887d20ff5968710886725bd9565e5e6113ac22a3d22f8db36a37,2024-02-21 18:39:26.842560+00:00,en,hindustantimes.com,hindustantimes.com,2023-09-05,Simultaneous polls may hurt federalism,https://www.hindustantimes.com/opinion/simultaneous-polls-may-hurt-federalism-101693922913079.html
2c706e585e8777dce32c9a5381e554aefd156a3a38d0d32e714ff3a3c7f0fb0a,2024-02-21 17:50:51.238749+00:00,en,ndtv.com,ndtv.com,2023-09-06,Opinion: Simultaneous Elections,https://www.ndtv.com/opinion/opinion-simultaneous-elections-mother-of-all-democratic-reforms-4364017#publisher=newsstand
7e8dcd70ac02659bd073c18eeb49efe00a55cfdab79af4e23ace13eebbed4705,2024-02-21 14:39:05.025320+00:00,en,hindustantimes.com,hindustantimes.com,2023-09-07,Why is govt backing simultaneous polls?,https://www.hindustantimes.com/opinion/why-is-govt-backing-simultaneous-polls-101694094112712.html
5d65102c6acb29dd90b0ad3de9f6f60a304d701c1f290efce4cd491766a8ce32,2024-02-21 09:59:01.168809+00:00,en,thehindu.com,thehindu.com,2023-09-11,The key takeaways from the bypoll to Dhupguri in Bengal,https://www.thehindu.com/opinion/op-ed/the-key-takeaways-from-the-bypoll-to-dhupguri-in-bengal/article67291855.ece
578cfe5d19c2a2422b91472cf8fc64d86887b1e2eeb6e2eef40260606e0eecb6,2024-02-21 08:54:41.408724+00:00,en,hindustantimes.com,hindustantimes.com,2023-09-11,Steps to increase voter turnout in elections,https://www.hindustantimes.com/opinion/steps-to-increase-voter-turnout-in-elections-101694442465983.html
75a1701dfdb7c829938101a28db5b946c49aeb6eb49c9c7376bc1ce904ecd763,2024-02-21 08:45:48.304011+00:00,en,thehindu.com,thehindu.com,2023-09-12,Taking the pulse of Puthuppally,https://www.thehindu.com/opinion/op-ed/taking-the-pulse-of-puthuppally/article67294958.ece
7b3e8d94f98569eb2b0e01f24006c0295316c4bbbe1bee550a463ef939576113,2024-02-21 08:03:10.143945+00:00,en,indiatimes.com,indiatimes.com,2023-09-12,Twilight of satraps? JD(S) appeals to voters to save regional parties. Therein lies a much larger and significant political tale,https://timesofindia.indiatimes.com/blogs/toi-editorials/twilight-of-satraps-jds-appeals-to-voters-to-save-regional-parties-therein-lies-a-much-larger-and-significant-political-tale/
2c959d86b3b9079ade7073a22ecbb5ffc85ec0f9358bda082f54303e8eb86dbd,2024-02-21 07:31:07.626974+00:00,en,hindustantimes.com,hindustantimes.com,2023-09-12,"A vote for One Nation, One Election agenda",https://www.hindustantimes.com/opinion/a-vote-for-one-nation-one-election-agenda-101694526399665.html
d6c4155bdbd4cab79487532737cc046e6871001389c86c98d15f16827d74303d,2024-02-21 07:28:28.821635+00:00,en,ndtv.com,ndtv.com,2023-09-12,"Opinion: It's Catch-22 But This Is Why BJP, JDS Need Each Other In Karnataka",https://www.ndtv.com/opinion/opinion-its-catch-22-but-this-is-why-bjp-jds-need-each-other-in-karnataka-4384102
e9db041c3169f320131d8b37e0e9eddf4f92a388bd726be595e8ca9ecb46e9d2,2024-02-21 04:56:01.535897+00:00,en,ndtv.com,ndtv.com,2023-09-14,"Opinion: ""One India, One Election"" Should Focus Beyond Immediate Polls And Expenditure",https://www.ndtv.com/opinion/one-india-one-election-should-focus-beyond-immediate-polls-and-expenditure-4389852#publisher=newsstand
7e02487a4bd31a984e1882f35c8372c0052a576c1b32b165ec18e3bcf2d99c92,2024-02-21 02:35:08.995481+00:00,en,thequint.com,thequint.com,2023-09-16,"'Justice for Oommen Chandy': In 2024 Lok Sabha Elections, Former Kerala CM May Still Battle for Congress",https://www.thequint.com/opinion/lok-sabha-elections-justice-for-oommen-chandy-congress-kerala-emotive-issues
d34efdcbf12537d2ae2de16cc05cc6901e169da8088d3fd01df427e8ba2e5e4f,2024-02-21 02:16:02.531904+00:00,en,hindustantimes.com,hindustantimes.com,2024-02-19,"Jayant Chaudhary hopes that the NDA will help his party — and the BJP, too",https://www.hindustantimes.com/analysis/ecostani-jayant-chaudhary-hopes-that-the-nda-will-help-his-party-and-the-bjp-too-101708353866282.html
a41443ff1701dc8e831314b8868decf21b53b47b14c76a568843b3326220460e,2024-02-21 02:06:12.306931+00:00,en,hindustantimes.com,hindustantimes.com,2023-09-16,Ifs and buts about simultaneous polls,https://www.hindustantimes.com/opinion/ifs-and-buts-about-simultaneous-polls-101694873726146.html
45d41806de336c6f3edd737a2038f4bf40cbfe6b94868708173596313ed436b7,2024-02-21 01:45:43.575518+00:00,en,thequint.com,thequint.com,2023-09-17,"Sunday View: The Best Weekend Opinion Reads, Curated Just for You",https://www.thequint.com/opinion/sunday-view-the-best-weekend-opinion-reads-curated-just-for-you-119
cb86ef5c0d5d06324e7368d41157bd18df132173c7217db6d64d7d5344ec1cdc,2024-02-21 01:02:05.394952+00:00,en,thehindu.com,thehindu.com,2023-09-18,Making sense of Mayawati’s ambivalence,https://www.thehindu.com/opinion/op-ed/making-sense-of-mayawatis-ambivalence/article67319203.ece
1a6a56a2cc625f7c4764719a0a907af7c244bec19840cb9b35243d5ba0259a6f,2024-02-21 00:34:11.433609+00:00,en,indiatimes.com,indiatimes.com,2023-09-18,33% fairer,https://timesofindia.indiatimes.com/blogs/toi-editorials/33-fairer/
9c41e8d562c96d2d858c14909d4e540e2ec141721bfebaf141a219870bb2ad08,2024-02-20 21:57:17.413434+00:00,en,rediff.com,rediff.com,2023-09-20,Modi's 3rd Term Isn't A Done Deal,https://www.rediff.com/news/column/shekhar-gupta-modis-3rd-term-isnt-a-done-deal/20230920.htm
4cbb5045a08d8997ac25a9059f1d10fdebb856e20ac503a939c08b0f59ad806f,2024-02-20 20:00:07.670829+00:00,en,indiatoday.in,indiatoday.in,2023-09-21,Opinion: Uma Bharti tries hard to get BJP's attention but no one is really bothered,https://www.indiatoday.in/opinion/story/opinion-uma-bharti-tries-hard-to-get-bjps-attention-but-no-one-is-really-bothered-2438707-2023-09-21?utm_source=rss
3dc57badb83ef73fee14d2d586ad04547670a70bd01b916f146cc34fb129430e,2024-02-20 19:40:03.948091+00:00,en,hindustantimes.com,hindustantimes.com,2023-09-21,A post-dated Bill of rights ahead of polls,https://www.hindustantimes.com/opinion/a-post-dated-bill-of-rights-ahead-of-polls-101695306057602.html
03f78d2a640fcf3cf2e2c1d44a7a3515f44c2bf4ae62c72abd051bce3f7b1bcc,2024-02-20 18:59:04.387640+00:00,en,indianexpress.com,indianexpress.com,2023-09-22,"M Venkaiah Naidu on One Nation One Election: Together, for the greater good",https://indianexpress.com/article/opinion/columns/m-venkaiah-naidu-writes-one-election-many-solutions-8950583/
73fb44784f982f378b4bc59a79b1ea2c05b64e25b5302804a2c7b66b79d2ad66,2024-02-20 14:12:29.991230+00:00,en,indiatimes.com,indiatimes.com,2023-09-24,Simultaneous polls: ONOE can be justified as a course correction only if it cements core idea of democracy,https://economictimes.indiatimes.com/opinion/et-commentary/simultaneous-polls-onoe-can-be-justified-as-a-course-correction-only-if-it-cements-core-idea-of-democracy/articleshow/103913141.cms
3a660f30298b07197ab92bd1c3d7922b4f37df1a80a83fa70e2394d8f981526a,2024-02-20 10:00:33.114557+00:00,en,hindustantimes.com,hindustantimes.com,2023-09-27,The many lives of a regional party,https://www.hindustantimes.com/opinion/the-many-lives-of-a-regional-party-101695822105045.html
987f20a393992df31adaa51e8c92fe2bbd01e517557cef611db925fc067cc546,2024-02-20 08:50:52.117772+00:00,en,indianexpress.com,indianexpress.com,2023-09-28,"Former Election Commissioner writes: One Nation, One Election – wrong problem, bad solution",https://indianexpress.com/article/opinion/columns/former-election-commissioner-writes-one-nation-one-election-wrong-problem-bad-solution-8959197/
d5299ca03790ba7b3828ef71ec4c713633e68f7aab90f55b7b4684193bfa07c0,2024-02-20 00:13:46.656471+00:00,en,indiatimes.com,indiatimes.com,2024-02-18,"Beyond electoral bonds, 2024 Lok Sabha polls is an opportunity for voters to break new moral ground",https://economictimes.indiatimes.com/opinion/et-commentary/beyond-electoral-bonds-2024-lok-sabha-polls-is-an-opportunity-for-voters-to-break-new-moral-ground/articleshow/107801310.cms
da3e4696f256b4aefe9e85deb9f88eecc05d6e006986d86d5f4f47ba5776f560,2024-02-19 22:46:16.228554+00:00,en,dnaindia.com,dnaindia.com,2023-10-04,Women Voters: MPs from all parties voted 'Aye' for you!,https://www.dnaindia.com/analysis/report-women-s-reservation-bill-women-voters-mps-from-all-parties-voted-aye-for-you-3062877
64bfe4ca763da8dec3278e3223a8acc575e788c37c4ad96f59051955ff5c7f64,2024-02-19 20:47:43.305438+00:00,en,thequint.com,thequint.com,2023-10-05,Ashok Gehlot Jagdeep Dhankar Spat Explodes As Jostling For Jat Vote Intensifies In Poll-Bound Rajasthan,https://www.thequint.com/opinion/ashok-gehlot-jostling-for-jat-vote-intensifies-rajasthan
56e13cd94933ddf8c7972cbc427e8d356ad3920c531a84ae37b3ce6a48b3983d,2024-02-19 20:40:19.781633+00:00,en,rediff.com,rediff.com,2023-10-05,Has Sanatana Dharma Met Its Electoral Match In Caste Census?,https://www.rediff.com/news/column/n-sathiya-moorthy-has-sanatana-dharma-met-its-electoral-match-in-caste-census/20231005.htm
094f94e36f702ca32b9dcd9e378553c12584e7f58a11393d3699a59808a93012,2024-02-19 17:35:25.487047+00:00,en,hindustantimes.com,hindustantimes.com,2023-10-07,When Mandal 2.0 gets to confront Hindutva,https://www.hindustantimes.com/opinion/when-mandal-2-0-gets-to-confront-hindutva-101696679664316.html
e7dad031f624b1878fb8cf5d0be220a576580ac19e2adb3e4fc20795fb48a42f,2024-02-19 14:07:26.105899+00:00,en,hindustantimes.com,hindustantimes.com,2023-10-09,"Local flavours, national echoes",https://www.hindustantimes.com/editorials/local-flavours-national-echoes-101696868472763.html
a0254cfe5740926a2d1a0d65769702fd4dfcfef262b4e804d0ffc984999104f5,2024-02-19 13:37:58.425451+00:00,en,indianexpress.com,indianexpress.com,2023-10-10,Five to go,https://indianexpress.com/article/opinion/editorials/five-to-go-8975470/
bf328e456213f9f59a441385d0648bed9875e81197ea134dcc58fe4ae9e5a800,2024-02-19 09:27:23.664467+00:00,en,thequint.com,thequint.com,2023-10-12,Rajasthan: BJP is Projecting Royal Lightweight Diya Kumari as Raje’s Replacement,https://www.thequint.com/opinion/rajasthan-election-bjp-diya-kumari-vasundhara-raje-narpat-singh-rajvi
4ccbe6739bdb70b8e324617f9c442e96243de0865507ebf923b3588505a22d19,2024-02-19 06:07:51.363959+00:00,en,indianexpress.com,indianexpress.com,2023-10-13,"Remembering Sachidananda ‘Sachi’ Murthy: A reporter’s editor, a student and teacher of politics",https://indianexpress.com/article/opinion/remembering-journalist-sachidananda-sachi-8981905/
2a2f817780645ba5e24c774f5769ae54edd5757f181541e478c5cf48a2e187fb,2024-02-19 05:53:55.783152+00:00,en,indianexpress.com,indianexpress.com,2023-10-13,"Remembering Sachidananda ‘Sachi’ Murthy: A reporter’s editor, a student and teacher of politics",https://indianexpress.com/article/opinion/columns/remembering-journalist-sachidananda-sachi-8981905/
a11ed6883ddcdb02dd3243ff4766126f56e68c29c420098eda39c842d21f259f,2024-02-19 03:58:52.332511+00:00,en,indianexpress.com,indianexpress.com,2023-10-15,"In poll season, notes from a close fight, a hung House",https://indianexpress.com/article/opinion/columns/in-poll-season-notes-from-a-close-fight-a-hung-house-8983288/
36486bf0f8a24b4e80c99a06a57a120210eb814f1454be2d1ed6661c81caeabb,2024-02-19 01:35:17.431023+00:00,en,thehindu.com,thehindu.com,2023-10-17,The Congress’s misplaced confidence,https://www.thehindu.com/opinion/op-ed/the-congresss-misplaced-confidence/article67426974.ece
52119b1a37b8a93abff5d0d5e5ff4c6913be410dfee8bc7d35c27bcca4f07c8b,2024-02-18 23:53:25.470938+00:00,en,thehindu.com,thehindu.com,2023-10-18,The Congress’s balancing act,https://www.thehindu.com/opinion/op-ed/the-congresss-balancing-act/article67430640.ece
bd501f1ab382ae7c1a3f32e1fd183854fc0f0c93a0672f3a3a0381ae928373cd,2024-02-18 21:59:26.427718+00:00,en,hindustantimes.com,hindustantimes.com,2023-10-18,INDIA challenge in the spotlight,https://www.hindustantimes.com/editorials/india-challenge-in-the-spotlight-101697639350502.html
5bc2c3e432d0bc5d7b1aa13d324830bd47ff89867cc8fb8d1386173eb6c57e62,2024-02-18 16:09:27.685253+00:00,en,thequint.com,thequint.com,2023-10-22,BJP in Rajasthan ‘Riwaz’ of Acing Elections: CVoter Shows No Change in Custom,https://www.thequint.com/opinion/rajasthan-elections-2023-bjp-vs-congress-narendra-modi-vasundhara-raje-cvoter-survey
3c9178c258722452495b685f41c2575fbef8f63472de68b5c43b010e37b0b7e9,2024-02-18 07:51:40.823523+00:00,en,hindustantimes.com,hindustantimes.com,2023-10-27,Is there economic anger among Indian voters today,https://www.hindustantimes.com/opinion/terms-of-trade-is-there-economic-anger-among-indian-voters-today-101698226432651.html
51276f08dd2235832cc5e3eb61ab7d7951f54701a2eea30c39503a7f0dbfc39a,2024-02-18 00:49:44.042923+00:00,en,hindustantimes.com,hindustantimes.com,2024-02-16,In the footsteps of Charan Singh’s political journey,https://www.hindustantimes.com/opinion/keeping-up-with-up-in-the-footsteps-of-charan-singh-s-political-journey-101708097194765.html
7b431777cb3621fb3fc0a3dbbe8afe0a4bad881afd3eebbea26448ab40a52f4a,2024-02-18 00:49:43.242658+00:00,en,hindustantimes.com,hindustantimes.com,2024-02-16,Time to explore public funding of polls in India,https://www.hindustantimes.com/opinion/time-to-explore-public-funding-of-polls-in-india-101708091400577.html
b2d8cdf8f1c1d72f8f3a2636a8b47c2c401f99c25495edf96284162dda27fdbe,2024-02-17 23:39:37.790642+00:00,en,indiatimes.com,indiatimes.com,2023-10-30,Upcoming state elections will decide the internal dynamics of parties,https://economictimes.indiatimes.com/opinion/et-commentary/upcoming-state-elections-will-decide-the-internal-dynamics-of-parties/articleshow/104833904.cms
d33371f255bd880e58f509de39e445948a46bf673b844bdac433282570f26995,2024-02-17 18:10:06.428295+00:00,en,hindustantimes.com,hindustantimes.com,2023-11-03,"A state-wise look at the stakes for Congress, BJP in upcoming assembly polls",https://www.hindustantimes.com/opinion/terms-of-trade-a-state-wise-look-at-the-stakes-for-congress-bjp-in-upcoming-assembly-polls-101698998549216.html
f23852bcf2d7b82a230f75fbe8d1edbe26a3cebacb2bf7660026b541d1bcddf0,2024-02-17 16:42:27.034984+00:00,en,thequint.com,thequint.com,2023-11-04,Semi-final: The Big Difference Between BJP and Congress in Poll-bound States,https://www.thequint.com/opinion/elections-bjp-congress-rajasthan-mp-chhattisgarh-mizoram-telangana
c3f7d0f6a8d7e84372437c20b15a859c844925fd6b3c1345cca63707a21046ff,2024-02-17 14:47:04.875671+00:00,en,indianexpress.com,indianexpress.com,2023-11-05,Inside Track by Coomi Kapoor: Pre-poll plotting,https://indianexpress.com/article/opinion/columns/pre-poll-plotting-9013628/
766e05bf89bf2b2a2f3f9f0e2f2868855a507a73a4870eb3a084f260fb5a9907,2024-02-17 07:09:24.172159+00:00,en,thequint.com,thequint.com,2023-11-09,"Rajasthan Polls: As Congress-BJP Hop Onto the Turncoat Trend, Is Ideology Dead?",https://www.thequint.com/opinion/rajasthan-elections-2023-party-hopping-bjp-congress-fielding-turncoats
94623d39deacf8ab61e94bd2818b4f353e1d5eb71a01302a0bee17a5b1cd11be,2024-02-17 00:24:38.117373+00:00,en,indiatimes.com,indiatimes.com,2024-02-15,View: In EVM-VVPAT we trust,https://economictimes.indiatimes.com/opinion/et-commentary/view-in-evm-vvpat-we-trust/articleshow/107731973.cms
cc679bd024ef59f7bad485d779d8f6d51ad396ccbf1597b45b1f1e0457ff374d,2024-02-16 07:49:50.742143+00:00,en,thehindu.com,thehindu.com,2023-11-22,How the BJP juggernaut chugs along,https://www.thehindu.com/opinion/lead/how-the-bjp-juggernaut-chugs-along/article67557918.ece
0dfb90d1b89bf7f873cfec115aa7e3f8fe78cf14bdad31ddfbb7f90650a7dfa9,2024-02-15 21:17:11.847849+00:00,en,indiatoday.in,indiatoday.in,2023-11-27,Opinion: Why Congress faces uphill but not improbable task in Telangana with 3 big rivals,https://www.indiatoday.in/opinion/story/opinion-why-congress-faces-uphill-but-not-improbable-task-in-telangana-with-3-big-rivals-2468143-2023-11-27?utm_source=rss
de07610069d6bacca2bfd84d261001257071df8de3997fc5a02d1f04ed831b1c,2024-02-15 06:41:10.429984+00:00,en,ndtv.com,ndtv.com,2023-12-03,Opinion: 4 Big Takeaways From 2023 State Elections,https://www.ndtv.com/opinion/4-big-takeaways-from-2023-state-elections-4630743
6dc94618d3b6ccb7f2be686ed42219c18ff920d25d5ac9ef8f7452f009006ccc,2024-02-15 05:16:24.680020+00:00,en,thequint.com,thequint.com,2024-02-13,Lok Sabha 2024: The Final Parliament Session Gave a Glimpse of What is on Offer,https://www.thequint.com/opinion/2024-polls-budget-session-white-black-paper-opposition-north-sound-fiscal-discrimination-lok-sabha
895cac3c5e3c911f208f5b09b1792a13530718777510f7a21dd5777686d87979,2024-02-15 04:27:10.023569+00:00,en,ndtv.com,ndtv.com,2023-12-04,Opinion: State Polls Show No Real Challenge To Modi Before 2024,https://www.ndtv.com/opinion/state-polls-show-no-real-challenge-to-modi-before-2024-4633783
481fb34cd49a32e97edfd12fa1336656f62304842841c14d9ee68c8dc5305c6e,2024-02-15 01:30:28.349886+00:00,en,indiatoday.in,indiatoday.in,2024-02-13,Opinion: Tale of takht and takhta,https://www.indiatoday.in/opinion/story/tale-of-takht-and-takhta-pakistan-in-real-danger-of-descending-into-chaos-opinion-2501621-2024-02-13?utm_source=rss
b9d9bcdb3a868b70200bb0b066eb06225debc855b2398121e6b1e4f8b5683fd7,2024-02-15 00:26:32.033429+00:00,en,hindustantimes.com,hindustantimes.com,2024-02-13,"In Rae Bareli's political landscape, it’s power versus sympathy",https://www.hindustantimes.com/opinion/keeping-up-with-up-in-rae-barelis-political-landscape-it-s-power-versus-sympathy-101707823024981.html
6ee20782484444f3efc2a56ab77079d7eafc735e86ae86ba8542cd5b8fa87ce2,2024-02-12 04:40:34.413146+00:00,en,thequint.com,thequint.com,2024-02-10,Pakistan: PML(N)-PPP Coalition Seems Obvious but Imran Has Shown Us How to Fight,https://www.thequint.com/opinion/pakistan-pmln-ppp-coalition-nawaz-sharif-bhutto-imran-has-shown-us-how-to-fight
8da15970dd56193ac53cba9668d0b1467287d94750984301cea068228c4b5bdb,2024-02-11 00:33:18.640693+00:00,en,hindustantimes.com,hindustantimes.com,2024-02-09,"Murky elections, unclear verdict",https://www.hindustantimes.com/editorials/murky-elections-unclear-verdict-101707485704093.html
afb600d44f21fac968eb53f7cafb8181dc940e84915de998beac72049dca3cb0,2024-02-10 03:44:17.381199+00:00,en,thequint.com,thequint.com,2024-02-08,Is Modi’s Confidence About Winning 400+ Seats Misplaced or Can He Walk the Talk?,https://www.thequint.com/opinion/modi-parliament-speech-abki-baar-400-par-bharatiya-janata-party-to-get-370-nda-to-cross-400-lok-sabha-elections-2024
893137cc2d41d1cf6c8aa441aef03ec98b5016f0b528462ae7e2e56527e6f8ff,2024-02-10 00:49:28.784190+00:00,en,hindustantimes.com,hindustantimes.com,2024-02-08,A Chandigarh window on Indian democracy,https://www.hindustantimes.com/opinion/a-chandigarh-window-on-indian-democracy-101707398690899.html
c0464f2f7de36a49926834d7fa8dc0c56560c53eadfc8938341e003a86b0f2b3,2024-02-10 00:25:36.360758+00:00,en,thehindu.com,thehindu.com,2018-05-21,The fight for survival,https://www.thehindu.com/opinion/op-ed/the-fight-for-survival/article23943984.ece
42e2de2e6b0cdf4133e784d5e21beea4a4cca79e61e57c9bab99ef885eaa3d9e,2024-02-09 07:00:44.804613+00:00,en,rediff.com,rediff.com,2024-02-07,Time Running Out For INDIA Alliance,https://www.rediff.com/news/column/shyam-menon-time-running-out-for-india-alliance/20240207.htm
345339e7b13c7dbffe7f50f62a98e82b3df33de1b75756f9f82eb1a018164be5,2024-02-09 00:38:25.482003+00:00,en,ndtv.com,ndtv.com,2024-02-07,Opinion: Election 2024,https://www.ndtv.com/opinion/election-2024-why-pm-modi-and-the-bjp-are-so-confident-about-their-mission-400-5011284
bd9fce9d556f63245c7466547dc64779bb6aff74f08b71dcc204ee6279f24341,2024-02-08 05:49:50.417260+00:00,en,rediff.com,rediff.com,2024-02-06,The Politics Of The Bharat Ratna,https://www.rediff.com/news/column/n-sathiya-moorthy-the-politics-of-the-bharat-ratna/20240206.htm
3d065885662b668887656cb2250ed5297134e7dad30447bb67bb36885dd58c90,2024-02-08 01:24:18.480582+00:00,en,thehindu.com,thehindu.com,2024-02-07,"Letters to The Editor — February 7, 2024",https://www.thehindu.com/opinion/letters/letters-to-the-editor-february-7-2024/article67818660.ece
e6dffea9bef7f63b1170c59e6c5a8ee46c00e898580f2551a4bee5092999ed1f,2024-02-08 00:53:20.337503+00:00,en,indiatoday.in,indiatoday.in,2024-02-06,Who wins if Lok Sabha polls are held today? Mood of the Nation's latest edition out soon,https://www.indiatoday.in/india/story/mood-of-the-nation-opinion-poll-lok-sabha-election-2024-bjp-congress-ram-mandir-economy-2498450-2024-02-06?utm_source=rss
ec1b48f3a82a36641e208c39af687cd69b25ae6950159068a7262a714405b5a3,2024-02-07 00:16:49.128762+00:00,en,hindustantimes.com,hindustantimes.com,2024-02-05,Can the Opposition’s broad coalition win against the BJP-led alliance,https://www.hindustantimes.com/analysis/maha-news-can-the-opposition-s-broad-coalition-win-against-the-bjp-led-alliance-101707138026516.html
693f82c2c725eaf43ebf631be688227939f408bef9b3f0b4a552cd0fffe1e30c,2024-02-04 02:21:43.448108+00:00,en,thehindu.com,thehindu.com,2023-04-02,"Biju Janata Dal regime in Odisha has an anti-OBC mindset, says Union Minister Dharmendra Pradhan",https://www.thehindu.com/opinion/interview/biju-janata-dal-regime-has-an-anti-obc-mindset/article66687931.ece
a52ad354126c9fc903e301043092e8461909637c008dcf2902bd22f7029e0943,2024-02-04 01:43:34.665166+00:00,en,hindustantimes.com,hindustantimes.com,2024-02-02,The dilemma of INDIA,https://www.hindustantimes.com/opinion/keeping-up-with-up-the-dilemma-of-india-101706870254491.html
8cedb414bf854ec03cf9d2d1b13d65cb958d81712bffc54b0a308b2ece3b27c1,2024-02-02 06:18:36+00:00,en,ndtv.com,ndtv.com,2024-01-31,Opinion: BJP's Renewed Labharthi Push,https://www.ndtv.com/opinion/bjps-renewed-labharthi-push-by-anil-padmanabhan-4959075
55e523141b7fc66928484dbee3d649e219275b0190239ba11d50e81050cd4857,2024-02-02 01:37:44+00:00,en,indianexpress.com,indianexpress.com,2024-01-31,Six reasons why Muslims should look again at Modi in 2024 polls,https://indianexpress.com/article/opinion/columns/six-reasons-muslims-look-again-modi-2024-polls-9137422/
321bbaa6a92830ea8ff5b9184aba3e68c6fcdec04074a9619728e5ef7e061489,2024-01-31 05:59:25+00:00,en,rediff.com,rediff.com,2024-01-29,Will India That Is Bharat Become Ram Rajya Now?,https://www.rediff.com/news/column/n-sathiya-moorthy-will-india-that-is-bharat-become-ram-rajya-now/20240129.htm
3acace0f8d650b35ae9b2386825871acd94573694f5e1e72f345b3fc75e094f4,2024-01-31 01:56:12+00:00,en,thequint.com,thequint.com,2024-01-29,Bihar: What Nitish Kumar's Volte-face Means for Him and His State,https://www.thequint.com/opinion/bihar-cm-nitish-kumar-returns-to-bjp-nda-jdu-congress-rjd-india-bloc
2d888def8b8cdc592c63faf901b04c55d8ed6ee1ea192ec0d078393577dd9cfa,2024-01-31 01:43:17+00:00,en,hindustantimes.com,hindustantimes.com,2024-01-29,How will regional parties of southern states set the narrative for the 2024 Lok Sabha polls?,https://www.hindustantimes.com/analysis/how-will-regional-parties-of-southern-states-set-the-narrative-for-the-2024-lok-sabha-polls-101706540658969.html
30fc66d23aefd1cf18df9de0d99b2092ba20a3f05b3efdf2b6823ea1c4884167,2024-01-31 00:05:21+00:00,en,indiatimes.com,indiatimes.com,2024-01-29,INDIA not shining,https://timesofindia.indiatimes.com/blogs/toi-editorials/india-not-shining/
40937da2eed3a94b962da5f5636a6f31fccfe16d13513c82b483cc335cf45de8,2024-01-29 07:33:41+00:00,en,thequint.com,thequint.com,2024-01-27,"As Bihar CM Nitish Kumar Goes Back to the NDA, Who Gains and How Much?",https://www.thequint.com/opinion/bihar-nitish-kumar-nda-india-bjp-rjd-congress-seat-sharing-lok-sabha
4fc322702bc94f355ed660676f4a43bf59c377b18f90cc80d5a95eb8d0218ce9,2024-01-28 04:50:18+00:00,en,thequint.com,thequint.com,2024-01-26,The Congress is INDIA Bloc’s Greatest Strength but Also Its Biggest Weakness,https://www.thequint.com/opinion/nitish-mamata-aap-congress-india-block-strength-weakness-bjp-rjd
6efe1a3a15ef2005b14f8b76c7a63e83842a10dcabdc9aa7a39cc9762f10b2a9,2024-01-28 00:25:45+00:00,en,indiatimes.com,indiatimes.com,2024-01-26,View: Hop on the bus of democracy,https://economictimes.indiatimes.com/opinion/et-commentary/view-hop-on-the-bus-of-democracy/articleshow/107174937.cms
644755695f88a5f40bcc1422d6e7b557bfb6c2a059b0496c9717be9da683051b,2024-01-27 00:41:57+00:00,en,indianexpress.com,indianexpress.com,2024-01-25,"Express View on food prices: Dal, roti, cheeni",https://indianexpress.com/article/opinion/editorials/express-view-on-food-prices-dal-roti-cheeni-9126315/
03c8f3ebdad3699f328d240dcdbef08edcf33bbf39a576be969c6be9ae8a5a4e,2024-01-27 00:31:11+00:00,en,thehindu.com,thehindu.com,2023-10-19,Telangana might deliver the most significant result in the State elections,https://frontline.thehindu.com/columns/from-the-sidelines-saba-naqvi-2023-telangana-assembly-election-result-could-be-precursor-to-which-way-state-might-go-in-2024-lok-sabha-general-election-congress-versus-brs/article67411350.ece
49a834a6b46f304dd15e6b28874abd61e8e6bdcf57bccf2c948e1e5bdacd1bee,2024-01-26 07:31:48+00:00,en,thequint.com,thequint.com,2024-01-24,Ram Mandir and Bharat Jodo 2.0: Both are Election Pitches for Swing States,https://www.thequint.com/opinion/ram-mandir-and-bharat-jodo-nyay-ratra-both-are-election-pitches-for-swing-states
d1be44fcd76a6cb4ecb726ab79065afe4ce37a1521bd13513242304f376844fe,2024-01-26 00:53:49+00:00,en,indianexpress.com,indianexpress.com,2024-01-24,Why Mayawati walks alone,https://indianexpress.com/article/opinion/columns/why-mayawati-walks-alone-9124521/
9870d5b87f002ca709822e0a2a25c44c81e397aa72ea900a7604c36b86ece3f7,2024-01-26 00:53:43+00:00,en,indianexpress.com,indianexpress.com,2024-01-24,"With Imran Khan clone rally and Modi deepfakes, AI has entered the election race",https://indianexpress.com/article/opinion/columns/deepfake-online-disinformation-campaigns-misinformation-cool-dude-frank-9124464/
930aae667e29b794bef9ff639e3600b68d0e7138150d07dce49f86a44bc91bc8,2024-01-26 00:42:59+00:00,en,thehindu.com,thehindu.com,2024-01-25,How many deputies are too many in Karnataka?,https://www.thehindu.com/opinion/op-ed/how-many-deputies-are-too-many/article67772909.ece
6bb075343d34fcd1874fe1a3afb4b6cde9da9992bf733761bf4d776639fcee89,2024-01-24 00:19:45+00:00,en,hindustantimes.com,hindustantimes.com,2024-01-22,SP-RLD deal marks a start for INDIA in UP,https://www.hindustantimes.com/editorials/sprld-deal-marks-a-start-for-india-in-up-101705920720725.html
b71d8199fc9f6fff5cbfd5979a9ba3ba88590a4ca6efd3208572a8fc69287386,2024-01-23 02:22:47+00:00,en,hindustantimes.com,hindustantimes.com,2024-01-21,Maha News| Milind Deora's departure is the denouement everyone was expecting — for him and Congress,https://www.hindustantimes.com/analysis/maha-news-milind-deoras-departure-is-the-denouement-everyone-was-expecting-for-him-and-congress-101705818382896.html
d8ea3336be0c09c03ab0bd08832808a62b539fc2f4620e131aa2705a304fd01b,2024-01-23 00:13:39+00:00,en,thehindu.com,thehindu.com,2024-01-22,PM Modi’s Kerala visits,https://www.thehindu.com/opinion/op-ed/visiting-kerala-with-a-strategy-in-mind/article67762755.ece
d9199fe0cbc2b4033dee7f97a7d20f69cf7cca7b2069b99a33a90b09c41cd691,2024-01-21 06:04:53+00:00,en,rediff.com,rediff.com,2024-01-19,Advani: Ram Temple's Accidental Architect,https://www.rediff.com/news/column/aakar-patel-advani-ram-temples-accidental-architect/20240119.htm
714617dbb25b472992073169d709def634d27d15b7ace40de8a264fe7e30e40a,2024-01-20 03:12:04+00:00,en,hindustantimes.com,hindustantimes.com,2024-01-18,"The temple and its politics, for the ruling BJP and the Opposition parties",https://www.hindustantimes.com/opinion/terms-of-trade-the-temple-and-its-politics-for-the-ruling-bjp-and-the-opposition-parties-101705582951739.html
7ba24090f2ea19d5265f40e1ee1bf4bc636cd549d7916e12c9e2f935e7243b88,2024-01-19 08:31:56+00:00,en,thequint.com,thequint.com,2024-01-17,"Lok Sabha 2024: By Going Solo, Mayawati is Making a Virtue Out of Compulsion",https://www.thequint.com/opinion/lok-sabha-2024-by-going-solo-mayawati-bsp-making-a-virtue-out-of-compulsion
bca35c310bfc6c7769f266203bcb2a4b99ef1a9c89deb5ff1327a68479c33533,2024-01-19 00:41:26+00:00,en,hindustantimes.com,hindustantimes.com,2024-01-17,Mayawati going solo in 2024 elections is about keeping her options open,https://www.hindustantimes.com/opinion/keeping-up-with-up-mayawati-going-solo-in-2024-elections-is-about-keeping-her-options-open-101705486957920.html
05934f14b89964381db9866465234c4afcb6200eb1d249e0b840e1087f151a94,2024-01-18 03:09:09+00:00,en,hindustantimes.com,hindustantimes.com,2024-01-16,Going solo is a big gamble for BSP,https://www.hindustantimes.com/editorials/going-solo-is-a-big-gamble-for-bsp-101705412931323.html
9ab70e44b02812fb35d11bcba033278f3c989e877b35d9a1c3a21aa41453f8d7,2024-01-17 02:04:10+00:00,en,thequint.com,thequint.com,2024-01-15,Congress' Ram Mandir Decision is a Fatal Mistake,https://www.thequint.com/opinion/congress-ram-mandir-consecration-invite-modi-kharge-rahul-gandhi
1408d440dc2368801ffca294288de16141cc6e0b54e1b34f372c58dac79c203f,2024-01-17 00:44:49+00:00,en,indianexpress.com,indianexpress.com,2024-01-15,"From the ground in Punjab, stage seems set for a multi-cornered election",https://indianexpress.com/article/opinion/columns/lok-sabha-elections-2024-india-bloc-punjab-politics-congress-aap-akali-dal-9109361/
3614e687aa2c7b08f3426ecaa4cf07031b393639e91d3afadafc93c81782d3a1,2024-01-17 00:11:05+00:00,en,indiatimes.com,indiatimes.com,2024-01-15,"If there is a Third Wave: Modi will have a rejigged team, new global leaders to deal with",https://economictimes.indiatimes.com/opinion/et-commentary/if-there-is-a-third-wave-modi-will-have-a-rejigged-team-new-global-leaders-to-deal-with/articleshow/106852397.cms
92444ab5b677ad4b5c85c6617fdf28d9b192e7093076ae02e65c697a6a55258f,2024-01-16 01:08:43+00:00,en,indianexpress.com,indianexpress.com,2024-01-14,View from Pakistan: Why is India not on the US’s list of countries ‘of particular concern’?,https://indianexpress.com/article/opinion/columns/view-from-pakistan-why-is-india-not-on-the-uss-list-of-countries-of-particular-concern-9109030/
10d66af367b159c8992eb3212f7f379a845cad4924c33b5d812ba520e859742c,2024-01-13 05:17:14+00:00,en,thequint.com,thequint.com,2024-01-11,Maharashtra: It is the Voters Who Will Decide Which is the Real Shiv Sena,https://www.thequint.com/opinion/maharashtra-speaker-shiv-sena-uddhav-thackeray-eknath-shinde-disqualification
f4d0a0049681bc5d21376441b6bec6cb9827c4c58889e231af3955bc77f94d5b,2024-01-13 03:02:42+00:00,en,ndtv.com,ndtv.com,2024-01-11,Opinion: Sheikh Hasina's Win In Bangladesh And What It Means For India,https://www.ndtv.com/opinion/sheikh-hasinas-win-in-bangladesh-and-what-it-means-for-india-4843408
914c04b9d2422c4519feb21eb62a050825252f666fc1a6902598a3fb5aa1c2ab,2024-01-12 04:10:16+00:00,en,indiatoday.in,indiatoday.in,2024-01-10,Opinion: Congress's no to Ram Mandir invite shows lack of 'Ayodhya doctrine' in party,https://www.indiatoday.in/opinion/story/congress-ram-mandir-inauguration-invite-ayodhya-doctrine-sonia-gandhi-kharge-bjp-narendra-modi-2487045-2024-01-10?utm_source=rss
e9637be57c06b726589260dbb6c6459ef080fabf9cf91245dedece273feb975b,2024-01-12 00:06:28+00:00,en,indiatimes.com,indiatimes.com,2024-01-10,Tell voters that,https://timesofindia.indiatimes.com/blogs/toi-editorials/tell-voters-that/
d23373773775cbbfdb065af34a5a627b4bf0fc5962f6ad175708000b2a529bec,2024-01-10 00:11:03+00:00,en,hindustantimes.com,hindustantimes.com,2024-01-08,The good cheer in Bangladesh polls,https://www.hindustantimes.com/editorials/the-good-cheer-in-bangladesh-polls-101704718509238.html
2bcc1b7eec072cb412ec23534669bb153ed79c8de6fb7948579cb6b8fc337653,2024-01-08 00:50:50+00:00,en,indianexpress.com,indianexpress.com,2024-01-06,"Ram Madhav writes: In 2024, India is going to lead the democratic world",https://indianexpress.com/article/opinion/columns/countries-to-hold-elections-in-2024-narendra-modi-joe-bide-2024-important-events-9097157/
7d756c458cfbedd3a24a934369bc2f5b2483a29cb007350ba568f3268b79c6c9,2024-01-07 01:02:46+00:00,en,ndtv.com,ndtv.com,2024-01-05,"Opinion: Ahead Of Elections, Treading With Caution On CAA",https://www.ndtv.com/opinion/ahead-of-elections-treading-with-caution-on-caa-4806443
2240b1fcfdadf27a86b833bbd1b8565a8c4f519e2f12be539d1f03c9995c4791,2024-01-05 02:59:02+00:00,en,thequint.com,thequint.com,2024-01-03,YS Sharmila Joins Congress Party: Can Jagan Mohan Reddy's Sister Dent His Power in Andhra Pradesh?,https://www.thequint.com/opinion/ys-sharmila-to-join-congress-how-will-this-impact-electoral-politics-in-andhra
2ccc4684ef44038e58f37f47c38b7834dca91d403289db7e4d55ba22e38c5d5d,2024-01-04 01:54:32+00:00,en,ndtv.com,ndtv.com,2024-01-02,"Opinion: With ""Advisers"" Like These, Rahul Gandhi Needs No Enemies",https://www.ndtv.com/opinion/with-advisers-like-these-rahul-gandhi-needs-no-enemies-4787265
afc300f1fd8eeb8bedc09bd5eb9cd1f6a2d0e3d0eb210e5cf026ab840f176484,2024-01-04 00:08:39+00:00,en,indiatimes.com,indiatimes.com,2024-01-02,Politics everywhere: State assembly elections will be as crucial as the Lok Sabha’s,https://timesofindia.indiatimes.com/blogs/toi-editorials/politics-everywhere-state-assembly-elections-will-be-as-crucial-as-the-lok-sabhas/
a3e9eb0a297c10aa0dee1792df8670cd84c57b0469686a3c122a0a3bc79a3960,2024-01-03 01:21:46+00:00,en,hindustantimes.com,hindustantimes.com,2024-01-01,West Bengal warning for INDIA bloc,https://www.hindustantimes.com/editorials/west-bengal-warning-for-india-bloc-101704118388535.html
95b89ff55c12ca7116c42236f22d487d94845602a89a2ac3e631850fd68e1f93,2024-01-03 00:03:02+00:00,en,indiatimes.com,indiatimes.com,2024-01-01,"BJP's third straight win in 2024 Lok Sabha polls 'almost an inevitability', writes UK columnist",https://economictimes.indiatimes.com/news/elections/lok-sabha/india/bjps-third-straight-win-in-2024-lok-sabha-polls-almost-an-inevitability-writes-uk-columnist/articleshow/106434714.cms
23fe20622f1debc8832347c2bf3c538c552b5966872a127ef2acb932affcdb28,2024-01-03 00:02:25+00:00,en,indiatimes.com,indiatimes.com,2024-01-01,"PM Modi's third straight term at Centre 'almost an inevitability', declares column in leading UK daily",https://timesofindia.indiatimes.com/india/pm-modis-third-straight-term-at-centre-almost-an-inevitability-declares-column-in-leading-uk-daily/articleshow/106432794.cms
c6aaf7e86595f230dc514dc5e5cdd7d897cb0cfcffd4c9161e9be487b492dfdc,2023-12-30 00:33:57+00:00,en,ndtv.com,ndtv.com,2023-12-28,Opinion: 6 Tips For Congress As It Preps For 2024,https://www.ndtv.com/opinion/6-tips-for-congress-as-it-preps-for-2024-4757872
206319232c0efe6cfd2eef9c142b04f86847ecc537f30e154bb1c4ff8bb5999f,2023-12-28 01:42:46+00:00,en,indiatoday.in,indiatoday.in,2023-12-26,Opinion: Changes due to alliance and form,https://www.indiatoday.in/opinion/story/opinion-changes-due-to-alliance-and-form-bjp-to-contest-more-seats-cong-fewer-in-2024-2480722-2023-12-26?utm_source=rss
cbbe851297a7384598a9f245f76f008f519a65b8c779865945a87834867c9c93,2023-12-28 01:35:12+00:00,en,ndtv.com,ndtv.com,2023-12-26,Opinion: BJP's Mission 50% For Lok Sabha 2024,https://www.ndtv.com/opinion/bjps-mission-50-for-lok-sabha-2024-hype-or-substance-4746072
665b538ab4107c250000717d0c3244423a45737dfbc04405143b03d2c65e1a24,2023-12-27 00:09:50+00:00,en,india.com,india.com,2023-12-25,C-Voter 2024 Opinion Poll: Historic Third Term For Modi Or South To Give Congress An Edge?,https://zeenews.india.com/india/c-voter-2024-opinion-poll-historic-third-term-for-modi-or-south-to-give-congress-an-edge-2702503.html
c6cdd90b8f1e8666eacf917cb6841b731a18ab83215416f012bf81864de3ff39,2023-12-27 00:06:50+00:00,en,indiatimes.com,indiatimes.com,2023-12-25,Opinion poll predicts return of Modi govt in 2024,https://economictimes.indiatimes.com/news/elections/lok-sabha/india/opinion-poll-predicts-return-of-modi-govt-in-2024/articleshow/106273719.cms
d60c8fcb0ac75f872bd943c46e012fbca35f168ed2f288c0a3da4d433b2aa2cc,2023-12-27 00:06:06+00:00,en,indiatimes.com,indiatimes.com,2023-12-25,Opinion poll predicts return of Modi govt in 2024,https://timesofindia.indiatimes.com/india/opinion-poll-predicts-return-of-modi-govt-in-2024/articleshow/106273353.cms
5785290f73a8805e3e60ed6a47ec5af02383c349469d34c848012534ae712bfa,2023-12-25 01:36:16+00:00,en,rediff.com,rediff.com,2023-12-22,Stalin's Latest Headache,https://www.rediff.com/news/column/stalins-latest-headache/20231222.htm
95b622d085eb03b331c6a11bde189b76069545c2af4c469f9356decb89068782,2023-12-22 03:48:55+00:00,en,indiatoday.in,indiatoday.in,2023-12-20,Opinion: Will Kharge be the man against Modi in 2024? A SWOT analysis,https://www.indiatoday.in/opinion/story/mallikarjun-kharge-man-against-pm-narendra-modi-2024-lok-sabha-elections-analysis-2478120-2023-12-20?utm_source=rss
778e74f2943543d22e87c3fa6ed367a4e1673e053816fec1ac232d8a795bb292,2023-12-21 04:12:19+00:00,en,rediff.com,rediff.com,2023-12-18,2024 Challenge For INDIA Grows Every Day!,https://www.rediff.com/news/column/2024-challenge-for-india-grows-every-day/20231218.htm
8ea6c29eac05468f21991a31630e196039b5b9fa67c88860c71e25a225f3aaef,2023-12-17 03:35:07+00:00,en,thequint.com,thequint.com,2023-12-15,Bangladesh: India Will Have Its Way but at the Cost of Free and Fair Elections,https://www.thequint.com/opinion/bangladesh-india-will-have-its-way-but-at-the-cost-of-free-and-fair-elections
74bb20b250c03018ce4cdb3b8ac691e1590209a8cbc1e35bbcf6b5ce6954e715,2023-12-15 01:23:21+00:00,en,thehindu.com,thehindu.com,2023-12-14,Congress is indispensable in fighting BJP,https://www.thehindu.com/opinion/op-ed/congress-is-indispensable-in-fighting-bjp/article67634813.ece
3fc646766ec4c5cffb9684c2139429e5d51904b5880683e48b88df5c9a432ba2,2023-12-15 01:22:12+00:00,en,thehindu.com,thehindu.com,2023-12-13,"Pro-BJP wave, not anti-Congress, powered 2023 Assembly election results",https://frontline.thehindu.com/politics/bjp-wave-welfare-schemes-modi-popularity-women-voters-2023-assembly-election-results-analysis/article67618017.ece
d1e241b063e23a824b3e4ae78d3443caa40707addfbf32b3fe41dc305f66e3d9,2023-12-14 01:37:28+00:00,en,thehindu.com,thehindu.com,2023-12-13,The way forward for the INDIA alliance,https://www.thehindu.com/opinion/op-ed/the-way-forward-for-the-india-alliance/article67631631.ece
55e3bd47639d62b581229c6a1ea1caa04edc52a2244900265d1b38ad23b730cd,2023-12-14 00:12:17+00:00,en,india.com,india.com,2023-12-12,"Opinion: With Brahmin, OBC And ST Chief Ministers, Modi Lays Solid Groundwork For 2024 Polls",https://zeenews.india.com/india/opinion-with-brahmin-obc-and-st-chief-ministers-modi-lays-solid-groundwork-for-2024-polls-2698226.html
628e0352635b66f6ac3b5fd5c82b761ba6ae5d32da23bdc989a71c357f6a35cb,2023-12-13 01:04:55+00:00,en,thehindu.com,thehindu.com,2023-09-11,The larger project of subverting the idea of India,https://www.thehindu.com/opinion/lead/the-larger-project-of-subverting-the-idea-of-india/article67292595.ece
9fb12f160c51a693a91b1832666eadeaba77165412863925836e5ca3f644e265,2023-12-13 00:08:05+00:00,en,indiatimes.com,indiatimes.com,2023-12-11,Rebellions by popular BJP leaders have proved mutually injurious,https://economictimes.indiatimes.com/opinion/et-commentary/rebellions-by-popular-bjp-leaders-have-proved-mutually-injurious/articleshow/105890950.cms
1e8096638a5fc2d1349abeb69b61234daf1cc2382a8ca763320379184de598b2,2023-12-12 01:59:46+00:00,en,thequint.com,thequint.com,2023-12-10,"Sunday View: The Best Weekend Opinion Reads, Curated Just for You",https://www.thequint.com/opinion/sunday-view-the-best-weekend-opinion-reads-curated-just-for-you-10-december
aaae3961a3e42cdd2afe87f6efd90045c02c827a21fb8ef50ad66e3c38e28e72,2023-12-12 00:33:18+00:00,en,indianexpress.com,indianexpress.com,2023-12-10,P Chidambaram writes,https://indianexpress.com/article/opinion/columns/caution-mind-the-gap-9061630/
25e20a908795e0a09d0f6a2f3d58436df9ec7c352f7566713544cff9cf49e0c0,2023-12-12 00:31:41+00:00,en,indianexpress.com,indianexpress.com,2023-12-10,From the Opinions Editor: Assembly election results and the big question for 2024,https://indianexpress.com/article/opinion/columns/assembly-election-results-big-question-for-2024-9062481/
beb5fbe8a472fbff03ffcc69d1d7775a9167a695cb69415dfc633efa0f3dbede,2023-12-10 03:59:29+00:00,en,thewire.in,thewire.in,2023-12-07,Debate: Yogendra Yadav's Analysis Downplaying BJP Wins in Assembly Polls Is Misleading,https://thewire.in/politics/debate-yogendra-yadav-analysis-bjp-wins-assembly-polls-misleading
9df37ccdf7a42cb3161e67e86e869cacc25be67377d279e9ee929578bf0c63c5,2023-12-10 03:31:06+00:00,en,thehindu.com,thehindu.com,2023-12-08,Assembly elections 2023: How BJP turned Congress’ playbook against it,https://frontline.thehindu.com/columns/from-the-sidelines-saba-naqvi-how-bjp-cracked-assembly-elections-2023-turned-congress-playbook-against-it/article67614718.ece
98f342b9211c64e389c4d93a4ffc8ae7da7a7e0bda474465ee8f084c02b60dd8,2023-12-10 00:50:24+00:00,en,indianexpress.com,indianexpress.com,2023-12-08,"Yogendra Yadav writes: For 2024, Opposition is still in the game",https://indianexpress.com/article/opinion/columns/yogendra-yadav-writes-for-2024-opposition-is-still-in-the-game-9058961/
a78b3910ed7c8124693f0927b418b98e59689ae36cf8e7e24f73272b927c3251,2023-12-09 01:02:34+00:00,en,thehindu.com,thehindu.com,2023-12-07,Lessons from the 2023 Assembly polls for the 2024 Lok Sabha battle,https://www.thehindu.com/opinion/lead/lessons-from-the-2023-assembly-polls-for-the-2024-lok-sabha-battle/article67611742.ece
bb23f646d1c1f9f59212bda02ab563c666be08d4cc2474ac1774a363fb237d8a,2023-12-09 00:47:50+00:00,en,hindustantimes.com,hindustantimes.com,2023-12-07,"More women are voting, but not many in the House",https://www.hindustantimes.com/opinion/more-women-are-voting-but-not-many-in-the-house-101701955290585.html
33be4fa9d6a42b1ad54c93452d780f9cc87bda829c1425812bf1e7bb24b57ecc,2023-12-08 05:32:45+00:00,en,thequint.com,thequint.com,2023-12-06,Modi's BJP Still Favourite for Lok Sabha 2024 but 4 States Can Spoil the Party,https://www.thequint.com/opinion/modi-bjp-favourite-lok-sabha-2024-bihar-maharashtra-west-bengal-karnataka
be4901a3a5ad1cc0ba4f7765265cb1f3a4300c4b490da8ddccbe0bc437a26f32,2023-12-07 06:09:21+00:00,en,thequint.com,thequint.com,2023-12-05,"BJP Sweeps Elections in Three States, What Does It Mean For 2024 Lok Sabha Polls",https://www.thequint.com/elections/five-state-assembly-election-results-bjp-wins-three-analysis-modi-2024-lok-sabha-elections
51d3e174b61d459906a81786d02d6402273b389c53441d73695e8a0e9b380467,2023-12-07 03:45:15+00:00,en,rediff.com,rediff.com,2023-12-04,"What Is Your 2024 Game Plan, Modiji?",https://www.rediff.com/news/column/n-sathiya-moorthy-what-is-your-2024-game-plan-modiji/20231204.htm
31b3fcbe2fb3f21ca8b1d847ad57ec70cd3082487c7b1cfb58c9d7205f5ac1af,2023-12-07 02:25:05+00:00,en,firstpost.com,firstpost.com,2023-12-04,Assembly poll results 2023: How PM Modi remains unstoppable for 2024 elections,https://www.firstpost.com/opinion/assembly-poll-results-2023-how-pm-modi-remains-unstoppable-for-2024-elections-13464812.html
6ee4bebd1417681335ce43bdac6315b9c9aae544fecee41ba9f2483d8a909f88,2023-12-07 02:15:16+00:00,en,thehindu.com,thehindu.com,2023-09-06,The case for elections in Jammu and Kashmir,https://www.thehindu.com/opinion/lead/the-case-for-elections-in-jammu-and-kashmir/article67274468.ece
2e07ed30a7a6cdfd63b18753431d2c9c31831b48ca4d789817ec7aa93259d838,2023-12-07 01:34:18+00:00,en,hindustantimes.com,hindustantimes.com,2023-12-05,Three lessons for the Congress party before 2024,https://www.hindustantimes.com/opinion/terms-of-trade-three-lessons-for-the-congress-party-before-2024-101701764083801.html
bb47bd8ab4a1f72e5125a605cee828d63febd38e19ae5725b9f75357543aee41,2023-12-07 00:05:30+00:00,en,indiatimes.com,indiatimes.com,2023-12-04,Message to world: Doing business with Modi sarkar is very likely post 2024,https://economictimes.indiatimes.com/opinion/et-commentary/message-to-world-doing-business-with-modi-sarkar-is-very-likely-post-2014/articleshow/105735561.cms
a45d1ba0fd321408aaf620638d5ff9c344678808272e3b65a90ef5923ad3d193,2023-12-06 03:36:42+00:00,en,indiatoday.in,indiatoday.in,2023-12-04,"Opinion: Forget 2023, even Lok Sabha 2024 outcome seems to be a foregone conclusion",https://www.indiatoday.in/opinion/story/opinion-forget-2023-even-lok-sabha-2024-outcome-seems-to-be-a-foregone-conclusion-2471747-2023-12-04?utm_source=rss
0c071d6f94c45f0bae2e22356c61efe6fe7dd2637429d2b3296bce5447eb906d,2023-12-06 02:11:02+00:00,en,rediff.com,rediff.com,2023-12-03,Did 'Modi Ki Guarantee' Work Its Magic?,https://www.rediff.com/news/column/shekhar-gupta-did-modi-ki-guarantee-work-its-magic/20231203.htm
9418eea3691eb12893bd9e9b7d8809301a0e6a44f78eac807acd10d2f2f91372,2023-12-06 02:07:51+00:00,en,firstpost.com,firstpost.com,2023-12-03,Assembly polls 2023: Modi remains X factor; women and tribals power BJP’s juggernaut,https://www.firstpost.com/opinion/assembly-polls-2023-modi-remains-x-factor-women-and-tribals-power-bjps-juggernaut-13459912.html
5a111932ff772d21cb994debf430cb3740680f792d4a63a0e15024811547bb4d,2023-12-06 02:07:49+00:00,en,firstpost.com,firstpost.com,2023-12-03,Assembly elections 2023: Victory of progressive ideas over regressive guarantees,https://www.firstpost.com/opinion/assembly-elections-2023-victory-of-progressive-ideas-over-regressive-guarantees-13460542.html
665a295fac14cc2033ddb1a8e99d0517bd89b6d22af01e57d34bd93031d70bd1,2023-12-06 02:07:49+00:00,en,firstpost.com,firstpost.com,2023-12-03,BJP juggernaut and national politics: Seven takeaways for 2024 elections,https://www.firstpost.com/opinion/bjp-juggernaut-and-national-politics-seven-takeaways-for-2024-elections-13460092.html
18f6610f0d6ae5d74862cd3fa1c33dca3c23ff981a637bfe565d439dcfb019fb,2023-12-06 00:17:42+00:00,en,hindustantimes.com,hindustantimes.com,2023-12-04,Why Congress failed to win in the Hindi heartland,https://www.hindustantimes.com/opinion/why-congress-failed-to-win-in-the-hindi-heartland-101701695788668.html
63d7daf6c73011bffacd164330877827569504493335522c2a506e0c0365cc3e,2023-12-06 00:15:41+00:00,en,hindustantimes.com,hindustantimes.com,2023-12-04,View: Why BJP is a formidable challenge for Opposition in 2024,https://www.hindustantimes.com/analysis/view-why-bjp-is-a-formidable-challenge-for-opposition-in-2024-101701669789933.html
10095363bd89ec8e7106764767c2eaaaa33b8f87ea9b264f3df5c278e51c6094,2023-12-06 00:11:13+00:00,en,indiatimes.com,indiatimes.com,2023-12-03,Lessons for Congress from Hindi heartland losses,https://economictimes.indiatimes.com/opinion/et-commentary/lessons-for-congress-from-hindi-heartland-losses/articleshow/105707840.cms
21f286978e76e1e869a25771764827dcf7035d4b5e567a17cf6b8249c18d7894,2023-12-05 01:33:32+00:00,en,hindustantimes.com,hindustantimes.com,2023-12-03,Poll boost for BJP weakens Congress hand,https://www.hindustantimes.com/editorials/poll-boost-for-bjp-weakens-congress-hand-101701614768366.html
f3301f5c80eca39816707f3ffe052c5337937beec3927959049d3e5b899f792f,2023-12-05 01:33:27+00:00,en,hindustantimes.com,hindustantimes.com,2023-12-03,"PM Modi, the provider, and women labharthi",https://www.hindustantimes.com/opinion/pmmodi-the-provider-and-women-labharthi-101701614523090.html
a53b86fdebacc1a103fe97c4cb96d1016c7c6c4b2a1d7fecedd19892a6ba64be,2023-12-05 01:00:47+00:00,en,indianexpress.com,indianexpress.com,2023-12-03,"Why Congress lost Rajasthan: Limits of welfare, BJP’s organisational ability",https://indianexpress.com/article/opinion/columns/why-congress-lost-rajasthan-elections-2023-9052997/
854296e407d7d5aaf3823388615f3dff6a59fae3f7ae7ea05f718594ee3d770c,2023-12-05 00:59:12+00:00,en,indianexpress.com,indianexpress.com,2023-12-03,P Chidambaram writes: Pick your horses in five elections,https://indianexpress.com/article/opinion/columns/p-chidambaram-writes-assembly-elections-9051760/
b130a8b315106fd450deee5d94af364669377e4e525c016b95e93768e939ce1b,2023-12-05 00:10:10+00:00,en,india.com,india.com,2023-12-03,Will Results Of Assembly Polls 2023 Impact Outcome Of 2024 Lok Sabha Elections? An Analysis,https://zeenews.india.com/india/will-results-of-assembly-polls-2023-impact-outcome-of-2024-lok-sabha-elections-an-analysis-2694694.html
b74ebfcd3d2de162d1554973aa316b4789310c1b88e0d2d22bfd3a0e6095a7a2,2023-12-03 02:50:51+00:00,en,thequint.com,thequint.com,2023-12-01,Rajasthan Exit Polls: 9 Reasons Why Congress Seems to be Doing Surprisingly Well,https://www.thequint.com/opinion/rajasthan-exit-polls-congress-bjp-ashok-gehlot-india-today-axis-chanakya-nine-reasons-why
1bc7a2bf415a3cb4e92ce6b1f1a8704302b86fcd2a22cd31a75beaf860cb1a56,2023-12-03 02:50:51+00:00,en,thequint.com,thequint.com,2023-12-01,"MP Exit Polls: If BJP Sweeps Election, It Will Largely Be Due to Three Factors",https://www.thequint.com/opinion/madhya-pradesh-exit-polls-congress-bjp-kamal-nath-shivraj-singh-chouhan-ladli-behna-scheme
1b2198b07a4a6cec762979866608b32d22354b06b9a5b01d803c5fde98a48c2b,2023-12-03 02:50:50+00:00,en,thequint.com,thequint.com,2023-12-01,Chhattisgarh Exit Polls: Baghel Might Win But How Did BJP Exceed Expectations?,https://www.thequint.com/opinion/chhattisgarh-exit-polls-baghel-might-win-but-how-did-bjp-exceed-expectations
51d108702f9d9c75a6c54dadda2ee5dc7c520b870981625cd30b17adcec19326,2023-12-03 00:28:27+00:00,en,hindustantimes.com,hindustantimes.com,2023-12-01,"Question mark on whether SP and BSP’s ambition match ability in MP, Rajasthan",https://www.hindustantimes.com/opinion/keeping-up-with-up-question-mark-on-whether-sp-and-bsp-s-ambition-match-ability-in-mp-rajasthan-101701446975245.html
f8e0bad7fd11252f7372abd4a62794244ff68aa6e10fe1004525032d71a1d2cd,2023-12-03 00:28:07+00:00,en,hindustantimes.com,hindustantimes.com,2023-12-01,The conundrum facing Congress and BJP,https://www.hindustantimes.com/opinion/terms-of-trade-the-conundrum-facing-congress-and-bjp-101701438972683.html
a23392f6187fe3213ae8b205b04456a97f1262462ebf756ed66528818e941040,2023-12-03 00:09:02+00:00,en,indiatimes.com,indiatimes.com,2023-12-01,Code uncode,https://timesofindia.indiatimes.com/blogs/toi-editorials/code-uncode/
f55bfd341e4a6fa925b3aff0e067c813dcb19e23ab7445716d5d4e1245bb33ba,2023-12-02 01:10:29+00:00,en,thehindu.com,thehindu.com,2023-11-30,BJP’s Rajasthan election strategy: A micro-management model rooted in Hindutva,https://frontline.thehindu.com/columns/from-the-sidelines-saba-naqvi-bjp-election-machine-micro-management-model-hindutva-rajasthan-assembly-election-could-swing-either-way/article67565165.ece
e14c001c447bccf6425e491213cd685ebb2d4e3012ca7a2999e28c9934499818,2023-12-02 00:25:06+00:00,en,india.com,india.com,2023-11-30,Analysis: Assembly Elections Exit Polls A Wake-Up Call For BJP Ahead Of 2024 Lok Sabha Election?,https://zeenews.india.com/india/analysis-assembly-elections-exit-polls-a-wake-up-call-for-bjp-ahead-of-2024-lok-sabha-election-2693835.html
71f4c923d618070f84828272bc3fe375797b1ce8898c7d6b6afe4361b1f0da55,2023-11-29 00:32:01+00:00,en,hindustantimes.com,hindustantimes.com,2023-11-27,The BJP’s pitch in Telangana,https://www.hindustantimes.com/editorials/the-bjp-s-pitch-in-telangana-101701095226483.html
3e4166e23786c477f01f94839d150e63596ee7c6a0162fd95409dde5bd83a12b,2023-11-29 00:31:03+00:00,en,hindustantimes.com,hindustantimes.com,2023-11-27,A catch-22 situation for BJP; a double-edged sword for INDIA,https://www.hindustantimes.com/opinion/keeping-up-with-up-a-catch-22-situation-for-bjp-a-double-edged-sword-for-india-101701025774945.html
ad3837bc3d9ffda40502d363370466208256d7cac7689a22e55258de26c8b902,2023-11-25 04:34:06+00:00,en,thequint.com,thequint.com,2023-11-23,State Elections 2023: A Comprehensive List of Economic Factors To Sway Voters,https://www.thequint.com/opinion/state-assembly-elections-2023-socio-economic-conditions-as-factors-behind-poll-results-2
129f14afc8016a39ef9d002e0fcef9907497cddd466c78f2bdfcd15ca1df44f4,2023-11-25 01:29:18+00:00,en,indianexpress.com,indianexpress.com,2023-11-23,Opposition will pay for its silence on Pasmanda Muslims,https://indianexpress.com/article/opinion/columns/taking-the-narrow-view-9038450/
3054c82cc06df22b442de21fca9b6c599a8b9c2a4440cb8eb34479b9d41892e9,2023-11-23 02:39:59+00:00,en,thequint.com,thequint.com,2023-11-21,Racism and Infighting: A Recipe for Disaster for Desi Politicians in the West,https://www.thequint.com/opinion/rishi-sunak-suella-braverman-fallout-vivek-ramaswamy-nikki-haley-feud-indian-origin-politicians-in-uk-us
ce0653dfb6ca458d65e587e462ae36e9672f765b21eced68c259c4897ad8498b,2023-11-21 00:39:23+00:00,en,indianexpress.com,indianexpress.com,2023-11-19,"P Chidambaram writes: Different states, Different strokes",https://indianexpress.com/article/opinion/columns/p-chidambaram-assembly-elections-2023-modi-bjp-9032625/
cdb5a12056dfb4573b7a95e51a6003dc1803506d30651232aa3fe049d26e3be4,2023-11-20 03:26:07+00:00,en,thequint.com,thequint.com,2023-11-18,Telangana Election: What is Congress' Strategy With the 'Minority Declaration'?,https://www.thequint.com/opinion/telangana-election-what-is-congress-strategy-with-the-minority-declaration
eaabb4162e532903144d582d15b8a8c84a98bcf093fac833f2c14b063d744507,2023-11-19 02:43:21+00:00,en,hindustantimes.com,hindustantimes.com,2023-11-17,Can INDIA afford to campaign without unifying under a leader,https://www.hindustantimes.com/opinion/keeping-up-with-up-can-india-afford-to-campaign-without-unifying-under-a-leader-101700216819042.html
fbc8fc2ce95cde01dfcb9e1002b12e751f033f1341a8ee24fbd369650e53d3a0,2023-11-18 01:03:34+00:00,en,hindustantimes.com,hindustantimes.com,2023-11-16,The battle for central India,https://www.hindustantimes.com/editorials/the-battle-for-central-india-101700144203056.html
820ba90e19c59150d8bcefd0803c1218bee689f1b636589571b69545b466e025,2023-11-17 02:56:08+00:00,en,thequint.com,thequint.com,2023-11-15,State Elections 2023: Mapping Access (In)Equality Index To Gauge Economic Impact,https://www.thequint.com/opinion/state-assembly-elections-2023-socio-economic-conditions-as-factors-behind-poll-results
